<addon id="repository.emad" name="EMAD Repository" version="6.1.0" provider-name="EMAD MAHDI">
	<extension point="xbmc.addon.repository" name="EMAD Repository">
		<dir minversion="19.0.0">
			<info compressed="false">https://gitee.com/emadmahdi/KODI2/raw/master/ADDONS19/addons19.xml</info>
			<checksum>https://gitee.com/emadmahdi/KODI2/raw/master/ADDONS19/addons19.xml.md5</checksum>
			<datadir zip="true">https://gitee.com/emadmahdi/KODI2/raw/master/ADDONS19/</datadir>
		</dir>
		<dir minversion="18.0.0">
			<info compressed="false">https://gitee.com/emadmahdi/KODI2/raw/master/ADDONS18/addons18.xml</info>
			<checksum>https://gitee.com/emadmahdi/KODI2/raw/master/ADDONS18/addons18.xml.md5</checksum>
			<datadir zip="true">https://gitee.com/emadmahdi/KODI2/raw/master/ADDONS18/</datadir>
		</dir>
		<dir>
			<info compressed="false">https://gitee.com/emadmahdi/KODI2/raw/master/ADDONS/addons.xml</info>
			<checksum>https://gitee.com/emadmahdi/KODI2/raw/master/ADDONS/addons.xml.md5</checksum>
			<datadir zip="true">https://gitee.com/emadmahdi/KODI2/raw/master/ADDONS/</datadir>
		</dir>
		<dir minversion="19.0.0">
			<info compressed="false">https://github.com/emadmahdi/KODI/raw/master/ADDONS19/addons19.xml</info>
			<checksum>https://github.com/emadmahdi/KODI/raw/master/ADDONS19/addons19.xml.md5</checksum>
			<datadir zip="true">https://github.com/emadmahdi/KODI/raw/master/ADDONS19/</datadir>
		</dir>
		<dir minversion="18.0.0">
			<info compressed="false">https://github.com/emadmahdi/KODI/raw/master/ADDONS18/addons18.xml</info>
			<checksum>https://github.com/emadmahdi/KODI/raw/master/ADDONS18/addons18.xml.md5</checksum>
			<datadir zip="true">https://github.com/emadmahdi/KODI/raw/master/ADDONS18/</datadir>
		</dir>
		<dir>
			<info compressed="false">https://github.com/emadmahdi/KODI/raw/master/ADDONS/addons.xml</info>
			<checksum>https://github.com/emadmahdi/KODI/raw/master/ADDONS/addons.xml.md5</checksum>
			<datadir zip="true">https://github.com/emadmahdi/KODI/raw/master/ADDONS/</datadir>
		</dir>
		<dir>
			<info compressed="false">https://raw.githubusercontent.com/hmemar/husham.com/master/repository/addons.xml</info>
			<checksum>https://raw.githubusercontent.com/hmemar/husham.com/master/repository/addons.xml.md5</checksum>
			<datadir zip="true">https://raw.githubusercontent.com/hmemar/husham.com/master/zip/</datadir>
		</dir>
		<dir>
			<info compressed="false">https://raw.githubusercontent.com/jsergio123/zips/master/addons.xml</info>
			<checksum>https://raw.githubusercontent.com/jsergio123/zips/master/addons.xml.md5</checksum>
			<datadir zip="true">https://raw.githubusercontent.com/jsergio123/zips/master/</datadir>
		</dir>
		<dir>
			<info compressed="false">https://raw.githubusercontent.com/Gujal00/smrzips/master/addons.xml</info>
			<checksum>https://raw.githubusercontent.com/Gujal00/smrzips/master/addons.xml.md5</checksum>
			<datadir zip="true">https://raw.githubusercontent.com/Gujal00/smrzips/master/zips/</datadir>
		</dir>
		<dir>
			<info compressed="false">https://raw.githubusercontent.com/nkvoronov/repository.yellowdragon/leia/repo/addons.xml</info>
			<checksum>https://raw.githubusercontent.com/nkvoronov/repository.yellowdragon/leia/repo/addons.xml.md5</checksum>
			<datadir zip="true">https://raw.githubusercontent.com/nkvoronov/repository.yellowdragon/leia/repo/</datadir>
		</dir>
		<dir>
			<info compressed="false">https://raw.github.com/hadynz/repository.arabic.xbmc-addons/master/addons.xml</info>
			<checksum>https://raw.github.com/hadynz/repository.arabic.xbmc-addons/master/addons.xml.md5</checksum>
			<datadir zip="true">https://raw.github.com/hadynz/repository.arabic.xbmc-addons/master/repo/</datadir>
		</dir>
		<dir>
			<info compressed="false">https://raw.githubusercontent.com/zombiB/zombi-addons/master/addons.xml</info>
			<checksum>https://raw.githubusercontent.com/zombiB/zombi-addons/master/addons.xml.md5</checksum>
			<datadir zip="true">https://github.com/zombiB/zombi-addons/raw/master/repo</datadir>
			<hashes>false</hashes>
		</dir>
	</extension>
	<extension point="xbmc.addon.metadata">
		<summary lang="en">Install Add-ons from EMAD</summary>
		<description lang="en">Download and install add-ons from EMAD</description>
		<platform>all</platform>
	</extension>
</addon>
