<?xml version='1.0' encoding='UTF-8'?>
<shortcuts>
	<shortcut>
		<label>31438</label>
		<label2>32034</label2>
		<icon>DefaultShortcut.png</icon>
		<action>ActivateWindow(Music,musicdb://recentlyaddedalbums/,return)</action>
	</shortcut>
	<shortcut>
		<label>24001</label>
		<label2>32034</label2>
		<icon>DefaultAddonMusic.png</icon>
		<action>ActivateWindow(Music,Addons,return)</action>
	</shortcut>
	<shortcut>
		<label>135</label>
		<label2>32034</label2>
		<icon>DefaultMusicGenres.png</icon>
		<action>ActivateWindow(Music,musicdb://genres/,return)</action>
	</shortcut>
	<shortcut>
		<label>29994</label>
		<label2>32034</label2>
		<icon>DefaultMusicRoles.png</icon>
		<action>ActivateWindow(Music,musicdb://roles/,return)</action>
	</shortcut>
	<shortcut>
		<label>652</label>
		<label2>32034</label2>
		<icon>DefaultMusicYears.png</icon>
		<action>ActivateWindow(Music,musicdb://years/,return)</action>
	</shortcut>
	<shortcut>
		<label>133</label>
		<label2>32034</label2>
		<icon>DefaultMusicArtists.png</icon>
		<action>ActivateWindow(Music,musicdb://artists/,return)</action>
	</shortcut>
	<shortcut>
		<label>132</label>
		<label2>32034</label2>
		<icon>DefaultMusicAlbums.png</icon>
		<action>ActivateWindow(Music,musicdb://albums/,return)</action>
	</shortcut>
	<shortcut>
		<label>134</label>
		<label2>32034</label2>
		<icon>DefaultMusicSongs.png</icon>
		<action>ActivateWindow(Music,musicdb://songs/,return)</action>
	</shortcut>
	<shortcut>
		<label>589</label>
		<label2>32034</label2>
		<icon>DefaultMusicPlaylists.png</icon>
		<action>PlayerControl(Partymode(music))</action>
	</shortcut>
	<shortcut>
		<label>31289</label>
		<label2>32034</label2>
		<icon>DefaultFolder.png</icon>
		<action>ActivateWindow(Music,Files,return)</action>
	</shortcut>
	<shortcut>
		<label>31465</label>
		<label2>32034</label2>
		<icon>DefaultShortcut.png</icon>
		<action>CleanLibrary(music)</action>
	</shortcut>
	<shortcut>
		<label>653</label>
		<label2>32034</label2>
		<icon>DefaultShortcut.png</icon>
		<action>UpdateLibrary(music)</action>
	</shortcut>
	<shortcut>
		<action>RunScript(script.skin.helper.service,action=musicsearch)</action>
		<label>19140</label>
		<label2>32034</label2>
		<defaultID>19140</defaultID>
		<icon />
		<thumb>special://skin/extras/icons/search.png</thumb>
	</shortcut>
	<shortcut>
		<action>ActivateWindow(Music,Artists,return)</action>
		<label>133</label>
		<label2>32034</label2>
		<defaultID>133</defaultID>
		<icon />
		<thumb />
	</shortcut>
	<shortcut>
		<action>ActivateWindow(Music,Albums,return)</action>
		<label>132</label>
		<label2>32034</label2>
		<defaultID>132</defaultID>
		<icon />
		<thumb />
	</shortcut>
	<shortcut>
		<action>ActivateWindow(Music,Songs,return)</action>
		<label>134</label>
		<label2>32034</label2>
		<defaultID>134</defaultID>
		<icon />
		<thumb />
	</shortcut>
	<shortcut>
		<action>ActivateWindow(Music,Files,return)</action>
		<label>744</label>
		<label2>32034</label2>
		<defaultID>744</defaultID>
		<icon />
		<thumb />
	</shortcut>
	<shortcut>
		<action>ActivateWindow(Music,Root)</action>
		<label>15100</label>
		<label2>32034</label2>
		<defaultID>15100</defaultID>
		<icon />
		<thumb />
	</shortcut>
	<shortcut>
		<action>ActivateWindow(Music,Addons,return)</action>
		<label>1038</label>
		<label2>32034</label2>
		<defaultID>1038</defaultID>
		<icon />
		<thumb />
	</shortcut>
</shortcuts>
