<addon id="repository.emad.others" name="EMAD Others Repository" version="6.2.0" provider-name="EMAD MAHDI">
	<extension point="xbmc.addon.repository" name="EMAD Others Repository">
		<dir>
			<info compressed="false">https://raw.githubusercontent.com/hmemar/husham.com/master/repository/addons.xml</info>
			<checksum>https://raw.githubusercontent.com/hmemar/husham.com/master/repository/addons.xml.md5</checksum>
			<datadir zip="true">https://raw.githubusercontent.com/hmemar/husham.com/master/zip/</datadir>
		</dir>
		<dir>
			<info compressed="false">https://raw.githubusercontent.com/jsergio123/zips/master/addons.xml</info>
			<checksum>https://raw.githubusercontent.com/jsergio123/zips/master/addons.xml.md5</checksum>
			<datadir zip="true">https://raw.githubusercontent.com/jsergio123/zips/master/</datadir>
		</dir>
		<dir>
			<info compressed="false">https://raw.githubusercontent.com/Gujal00/smrzips/master/addons.xml</info>
			<checksum>https://raw.githubusercontent.com/Gujal00/smrzips/master/addons.xml.md5</checksum>
			<datadir zip="true">https://raw.githubusercontent.com/Gujal00/smrzips/master/zips/</datadir>
		</dir>
		<dir>
			<info compressed="false">https://raw.githubusercontent.com/nkvoronov/repository.yellowdragon/leia/repo/addons.xml</info>
			<checksum>https://raw.githubusercontent.com/nkvoronov/repository.yellowdragon/leia/repo/addons.xml.md5</checksum>
			<datadir zip="true">https://raw.githubusercontent.com/nkvoronov/repository.yellowdragon/leia/repo/</datadir>
		</dir>
		<dir>
			<info compressed="false">https://raw.github.com/hadynz/repository.arabic.xbmc-addons/master/addons.xml</info>
			<checksum>https://raw.github.com/hadynz/repository.arabic.xbmc-addons/master/addons.xml.md5</checksum>
			<datadir zip="true">https://raw.github.com/hadynz/repository.arabic.xbmc-addons/master/repo/</datadir>
		</dir>
	</extension>
	<extension point="xbmc.addon.metadata">
		<summary lang="en">Install addons from other developers</summary>
		<description lang="en">Download and install addons from other developers</description>
		<platform>all</platform>
	</extension>
</addon>
