<?xml version="1.0" encoding="UTF-8"?>
<addon id="skin.phenomenalEMAD" name="Phenomenal EMAD" version="3.0.0" provider-name="EMAD MAHDI">
	<requires>
		<import addon="xbmc.gui" version="5.12.0"/>
		<import addon="script.skin.helper.service" version="1.0.0"/>
		<import addon="script.skin.helper.widgets" version="1.0.0"/>
		<import addon="script.skin.helper.skinbackup" version="1.0.0"/>
		<import addon="script.skin.helper.backgrounds" version="1.0.0"/>
		<import addon="script.skin.helper.colorpicker" version="1.0.0"/>
		<import addon="script.skinshortcuts" version="0.6.6"/>
		<import addon="script.artwork.downloader" version="12.0.20"/>
		<import addon="plugin.program.autocompletion" version="1.0.0"/>
		<import addon="script.image.resource.select" version="0.1.0"/>
		<import addon="resource.images.weatherfanart.single" version="0.0.6"/>
		<import addon="resource.images.moviegenreicons.arctic.zephyr" version="0.0.1"/>
	</requires>
	<extension point="xbmc.gui.skin" defaultthemename="Textures.xbt" effectslowdown="1" debugging="false">
		<res width="1920" height="1080" aspect="16:9" default="true" folder="1080p"/>
	</extension>
	<extension point="xbmc.addon.metadata">
		<summary lang="en">Phenomenal - Perfection Made Simple</summary>
		<summary lang="he">פנומנל - פשוט להגיע לשלמות</summary>
		<description lang="en">Elegance, simplicity and professionalism are the skins guidelines. With Phenomenal you can enjoy all of kodi's newest and sophisticated features while still maintaining a clean and beautiful design</description>
		<platform>all</platform>
		<license></license>
		<forum></forum>
		<website></website>
		<email></email>
		<source></source>
		<assets>
			<icon>icon.png</icon>
			<fanart>fanart.jpg</fanart>
			<screenshot>_screenshots/screenshot-01.jpg</screenshot>
			<screenshot>_screenshots/screenshot-02.jpg</screenshot>
			<screenshot>_screenshots/screenshot-03.jpg</screenshot>
			<screenshot>_screenshots/screenshot-04.jpg</screenshot>
			<screenshot>_screenshots/screenshot-05.jpg</screenshot>
			<screenshot>_screenshots/screenshot-06.jpg</screenshot>
			<screenshot>_screenshots/screenshot-07.jpg</screenshot>
			<screenshot>_screenshots/screenshot-08.jpg</screenshot>
			<screenshot>_screenshots/screenshot-09.jpg</screenshot>
			<screenshot>_screenshots/screenshot-10.jpg</screenshot>
			<screenshot>_screenshots/screenshot-11.jpg</screenshot>
		</assets>
	</extension>
</addon>

