<?xml version="1.0" encoding="UTF-8"?>
<includes>
	<include name="Viewtype_Fanart">
		<control type="group">
			<visible>Control.IsVisible(504)</visible>
			<!-- Browser -->
			<control type="wraplist" id="504">
				<posx>20</posx>
				<posy>40</posy>
				<height>420</height>
				<width>1240</width>
				<include condition="!Skin.HasSetting(ViewLockdown)">OnUp7000</include>
				<ondown>60</ondown>
				<onleft>504</onleft>
				<onright>504</onright>
				<viewtype label="20445">bigwrap</viewtype>
				<orientation>horizontal</orientation>
				<focusposition>1</focusposition>
				<scrolltime>200</scrolltime>
				<pagecontrol>60</pagecontrol>
				<include>Animation_FadedByMenu</include>
				<include>Animation_OpenCloseFade</include>
				<include>Animation_HiddenByInfo</include>
				<visible>!Skin.HasSetting(NoViewFanart)</visible>
				<visible>Container.Content(movies) | Container.Content(sets) | Container.Content(tvshows)</visible>
				<itemlayout width="260" height="420">
					<control type="image">
						<posx>28</posx>
						<posy>60</posy>
						<width>204</width>
						<height>300</height>
						<texture background="true" fallback="DefaultThumb.png">$VAR[PosterThumb]</texture>
						<fadetime>200</fadetime>
						<aspectratio scalediffuse="false">stretch</aspectratio>
						<visible>!String.IsEmpty(ListItem.Title)</visible>
					</control>
					<control type="image">
						<posx>28</posx>
						<posy>60</posy>
						<width>204</width>
						<height>300</height>
						<texture>frames/ClassicFrameGlass_Vertical.png</texture>
						<fadetime>200</fadetime>
						<aspectratio scalediffuse="false">stretch</aspectratio>
						<colordiffuse>GlassDiffuse</colordiffuse>
						<visible>!String.IsEmpty(ListItem.Title)</visible>
					</control>
					<control type="image">
						<posx>10</posx>
						<posy>39</posy>
						<width>244</width>
						<height>342</height>
						<texture>frames/ClassicFrame_PosterSmall.png</texture>
						<fadetime>200</fadetime>
						<aspectratio scalediffuse="false">stretch</aspectratio>
						<visible>!String.IsEmpty(ListItem.Title)</visible>
					</control>
					<control type="image">
						<posx>191</posx>
						<posy>319</posy>
						<width>32</width>
						<height>32</height>
						<fadetime>200</fadetime>
						<texture>$INFO[ListItem.Overlay]</texture>
						<colordiffuse>WatchedOverlay</colordiffuse>
						<visible>!ListItem.IsResumable + [[[Container.Content(movies) | Container.Content(sets)] + !Skin.HasSetting(HideMovieWatchedOverlays)] | [![Container.Content(movies) | Container.Content(sets)] + !Skin.HasSetting(HideTVWatchedOverlays)]]</visible>
					</control>
					<!-- Watched Overlay for In-Progress Items -->
					<control type="image">
						<posx>187</posx>
						<posy>314</posy>
						<width>43</width>
						<height>43</height>
						<texture>flags/Progress/$INFO[ListItem.PercentPlayed].png</texture>
						<colordiffuse>WatchedOverlay</colordiffuse>
						<visible>ListItem.IsResumable + [[[Container.Content(movies) | Container.Content(sets)] + !Skin.HasSetting(HideMovieWatchedOverlays)] | [![Container.Content(movies) | Container.Content(sets)] + !Skin.HasSetting(HideTVWatchedOverlays)]]</visible>
					</control>
				</itemlayout>
				<focusedlayout width="720" height="420">
					<control type="image">
						<posx>34</posx>
						<posy>31</posy>
						<width>646</width>
						<height>362</height>
						<texture>frames/ClassicFrame_SegmentedDiffuse.png</texture>
						<fadetime>200</fadetime>
						<aspectratio scalediffuse="false">stretch</aspectratio>
						<colordiffuse>FrameBackgroundDiffuse</colordiffuse>
						<visible>!String.IsEmpty(ListItem.Title) + !Skin.HasSetting(NoSegmentedFanart)</visible>
					</control>
					<control type="image">
						<posx>34</posx>
						<posy>31</posy>
						<width>646</width>
						<height>362</height>
						<texture>frames/ClassicFrame_Background.png</texture>
						<fadetime>200</fadetime>
						<aspectratio scalediffuse="false">stretch</aspectratio>
						<colordiffuse>FrameBackgroundDiffuse</colordiffuse>
						<visible>!String.IsEmpty(ListItem.Title) + Skin.HasSetting(NoSegmentedFanart)</visible>
					</control>
					<control type="image">
						<posx>34</posx>
						<posy>31</posy>
						<width>646</width>
						<height>362</height>
						<texture fallback="home_art/movies.jpg" diffuse="frames/ClassicFrame_SegmentedDiffuse.png">$VAR[LandscapeFanart]</texture>
						<fadetime>200</fadetime>
						<aspectratio scalediffuse="false">stretch</aspectratio>
						<visible>!String.IsEmpty(ListItem.Title) + !Skin.HasSetting(NoSegmentedFanart)</visible>
					</control>
					<control type="image">
						<posx>34</posx>
						<posy>31</posy>
						<width>646</width>
						<height>362</height>
						<texture fallback="home_art/movies.jpg">$VAR[LandscapeFanart]</texture>
						<fadetime>200</fadetime>
						<aspectratio scalediffuse="false">stretch</aspectratio>
						<visible>!String.IsEmpty(ListItem.Title) + Skin.HasSetting(NoSegmentedFanart)</visible>
					</control>
					<control type="image">
						<posx>9</posx>
						<posy>10</posy>
						<width>700</width>
						<height>410</height>
						<texture>frames/ClassicFrame_Segmented.png</texture>
						<fadetime>200</fadetime>
						<aspectratio scalediffuse="false">stretch</aspectratio>
						<visible>!String.IsEmpty(ListItem.Title) + !Skin.HasSetting(NoSegmentedFanart)</visible>
					</control>
					<control type="image">
						<posx>9</posx>
						<posy>10</posy>
						<width>700</width>
						<height>410</height>
						<texture>frames/ClassicFrame_FanartMedium.png</texture>
						<fadetime>200</fadetime>
						<aspectratio scalediffuse="false">stretch</aspectratio>
						<visible>!String.IsEmpty(ListItem.Title) + Skin.HasSetting(NoSegmentedFanart)</visible>
					</control>
					<control type="image">
						<posx>638</posx>
						<posy>352</posy>
						<width>32</width>
						<height>32</height>
						<fadetime>200</fadetime>
						<texture>$INFO[ListItem.Overlay]</texture>
						<colordiffuse>WatchedOverlay</colordiffuse>
						<animation type="Focus" reversible="false">
							<effect type="zoom" center="323,181" start="70" end="100" time="400" tween="back" easing="out" />
							<effect type="fade" start="0" end="100" time="300" />
						</animation>
						<visible>!ListItem.IsResumable + [[[Container.Content(movies) | Container.Content(sets)] + !Skin.HasSetting(HideMovieWatchedOverlays)] | [![Container.Content(movies) | Container.Content(sets)] + !Skin.HasSetting(HideTVWatchedOverlays)]]</visible>
					</control>
					<!-- Watched Overlay for In-Progress Items -->
					<control type="image">
						<posx>634</posx>
						<posy>347</posy>
						<width>43</width>
						<height>43</height>
						<texture>flags/Progress/$INFO[ListItem.PercentPlayed].png</texture>
						<colordiffuse>WatchedOverlay</colordiffuse>
						<visible>ListItem.IsResumable + [[[Container.Content(movies) | Container.Content(sets)] + !Skin.HasSetting(HideMovieWatchedOverlays)] | [![Container.Content(movies) | Container.Content(sets)] + !Skin.HasSetting(HideTVWatchedOverlays)]]</visible>
					</control>
				</focusedlayout>
			</control>
			<control type="group">
				<posx>40</posx>
				<posy>443</posy>
				<include>Animation_FadedByMenu</include>
				<include>Animation_HiddenByInfo</include>
				<include>Animation_OpenCloseFade</include>
				<visible>Container.Content(movies) | Container.Content(sets) | Container.Content(tvshows)</visible>
				<!-- Title -->
				<control type="fadelabel">
					<posx>0</posx>
					<posy>0</posy>
					<width>1200</width>
					<height>50</height>
					<align>center</align>
					<aligny>center</aligny>
					<scrollout>false</scrollout>
					<pauseatend>600</pauseatend>
					<scrollspeed>20</scrollspeed>
					<font>METF_TitleTextLarge</font>
					<textcolor>TitleText</textcolor>
					<label>$VAR[ListItemTitle]</label>
				</control>
				<!-- Genre -->
				<control type="label">
					<posx>200</posx>
					<posy>36</posy>
					<width>800</width>
					<height>30</height>
					<align>center</align>
					<aligny>center</aligny>
					<font>METF_MediaDetailsSmall</font>
					<textcolor>MediaDetailsGenre</textcolor>
					<label>$INFO[ListItem.Genre]</label>
					<visible>!String.IsEmpty(ListItem.Genre)</visible>
				</control>
				<control type="label">
					<posx>200</posx>
					<posy>36</posy>
					<width>800</width>
					<height>30</height>
					<align>center</align>
					<aligny>center</aligny>
					<font>METF_MediaDetailsSmall</font>
					<textcolor>MediaDetailsGenre</textcolor>
					<label>$LOCALIZE[31313]</label>
					<include>VisibleIfMovieSet</include>
				</control>
			</control>
			<!-- Details -->
			<control type="grouplist">
				<posx>40</posx>
				<posy>507</posy>
				<width>1200</width>
				<height>30</height>
				<align>center</align>
				<itemgap>10</itemgap>
				<orientation>horizontal</orientation>
				<include>Animation_FadedByMenu</include>
				<include>Animation_HiddenByInfo</include>
				<include>Animation_OpenCloseFade</include>
				<include>ViewDetailsYearDurEpsUnwatched</include>
				<visible>Container.Content(movies) | Container.Content(tvshows)</visible>
				<include>VisibleIfNotMovieSet</include>
			</control>
			<include>ScrollBar_Horizontal</include>
		</control>
	</include>
</includes>
