<?xml version="1.0" encoding="UTF-8"?>
<window>
	<defaultcontrol>5</defaultcontrol>
	<controls>
		<include>Global_Background</include>
		<control type="group">
			<visible>!Window.IsActive(sliderdialog) + !Window.IsActive(addonsettings)</visible>
			<posx>300</posx>
			<posy>75</posy>
			<!--  Menu Background Panel -->
			<control type="image">
				<description>background image</description>
				<posx>-40</posx>
				<posy>-30</posy>
				<width>800</width>
				<height>655</height>
				<texture>frames/Menu_Glass2c.png</texture>
				<colordiffuse>OSDDialogBackgroundColor</colordiffuse>
			</control>
			<!-- Menu -->
			<control type="label" id="2">
				<description>Settings Heading</description>
				<posx>30</posx>
				<posy>27</posy>
				<width>656</width>
				<height>40</height>
				<align>center</align>
				<aligny>center</aligny>
				<font>METF_SettingsHeading</font>
				<textcolor>DialogTextFO</textcolor>
				<label></label>
			</control>
			<control type="grouplist" id="5">
				<description>Control Area</description>
				<posx>30</posx>
				<posy>75</posy>
				<width>656</width>
				<height>445</height>
				<itemgap>2</itemgap>
				<orientation>vertical</orientation>
				<pagecontrol>60</pagecontrol>
				<onleft>5</onleft>
				<onright>5</onright>
				<onup>9000</onup>
				<ondown>9000</ondown>
			</control>
			<control type="button" id="7">
				<description>Default Button</description>
				<width>300</width>
				<height>40</height>
				<align>left</align>
				<aligny>center</aligny>
				<font>METF_DialogLarge</font>
				<label></label>
				<textoffsetx>20</textoffsetx>
				<textcolor>TextNF</textcolor>
				<focusedcolor>DialogTextFO</focusedcolor>
				<disabledcolor>TextDisabled</disabledcolor>
				<texturefocus>ButtonFO2Wide.png</texturefocus>
				<texturenofocus></texturenofocus>
				<pulseonselect>false</pulseonselect>
			</control>
			<control type="radiobutton" id="8">
				<description>Default RadioButton</description>
				<width>300</width>
				<height>40</height>
				<align>left</align>
				<aligny>center</aligny>
				<font>METF_DialogLarge</font>
				<label></label>
				<textcolor>TextNF</textcolor>
				<focusedcolor>DialogTextFO</focusedcolor>
				<disabledcolor>TextDisabled</disabledcolor>
				<radiowidth>30</radiowidth>
				<radioheight>30</radioheight>
				<texturefocus>ButtonFO2Wide.png</texturefocus>
				<texturenofocus></texturenofocus>
				<textoffsetx>20</textoffsetx>
				<pulseonselect>false</pulseonselect>
			</control>
			<control type="spincontrolex" id="9">
				<description>Default spincontrolex</description>
				<width>300</width>
				<height>40</height>
				<align>left</align>
				<aligny>center</aligny>
				<label></label>
				<font>METF_DialogLarge</font>
				<textoffsetx>20</textoffsetx>
				<textcolor>TextNF</textcolor>
				<focusedcolor>DialogTextFO</focusedcolor>
				<disabledcolor>TextDisabled</disabledcolor>
				<reverse>yes</reverse>
				<spinwidth>26</spinwidth>
				<spinheight>26</spinheight>
				<texturefocus>ButtonFO2Wide.png</texturefocus>
				<texturenofocus></texturenofocus>
				<textureup>ArrowUpNF.png</textureup>
				<texturedown>ArrowDownNF.png</texturedown>
				<textureupfocus>ArrowUpFO.png</textureupfocus>
				<texturedownfocus>ArrowDownFO.png</texturedownfocus>
				<pulseonselect>false</pulseonselect>
			</control>
			<control type="image" id="11">
				<description>Default separator</description>
				<include>Settings_Line</include>
			</control>
			<control type="edit" id="12">
				<width>620</width>
				<height>120</height>
				<align>left</align>
				<label></label>
				<include>SettingsLabel</include>
			</control>
			<control type="sliderex" id="13">
				<description>Default Slider</description>
				<height>40</height>
				<width>300</width>
				<align>left</align>
				<font>METF_DialogLarge</font>
				<textcolor>TextNF</textcolor>
				<focusedcolor>DialogTextFO</focusedcolor>
				<disabledcolor>TextDisabled</disabledcolor>
				<textoffsetx>20</textoffsetx>
				<textoffsety>7</textoffsety>
				<sliderwidth>150</sliderwidth>
				<sliderheight>15</sliderheight>
				<texturefocus>ButtonFO2Wide.png</texturefocus>
				<texturenofocus></texturenofocus>
				<texturesliderbar>osd/slider_bg.png</texturesliderbar>
				<textureslidernib border="2">osd/slider_nib_nf.png</textureslidernib>
				<textureslidernibfocus border="2">osd/slider_nib_fo.png</textureslidernibfocus>
			</control>
			<control type="label" id="14">
				<description>Default Label</description>
				<left>50</left>
				<top>0</top>
				<height>40</height>
				<align>center</align>
				<aligny>center</aligny>
				<font>METF_DialogLarge</font>
				<textcolor>DialogTextFO</textcolor>
				<label></label>
			</control>
			<control type="grouplist" id="9000">
				<orientation>horizontal</orientation>
				<posx>26</posx>
				<posy>525</posy>
				<width>700</width>
				<align>center</align>
				<control type="button" id="28">
					<description>Cancel</description>
					<left>0</left>
					<top>0</top>
					<height>40</height>
					<width>230</width>
					<align>center</align>
					<aligny>center</aligny>
					<font>METF_DialogLargeBold</font>
					<textcolor>TextNF</textcolor>
					<disabledcolor>TextDisabled</disabledcolor>
					<focusedcolor>DialogTextFO</focusedcolor>
					<selectedcolor>DialogTextFO</selectedcolor>
					<texturefocus>ButtonFO2.png</texturefocus>
					<pulseonselect>false</pulseonselect>
					<label></label>
					<onleft>30</onleft>
					<onright>29</onright>
					<onup>5</onup>
					<ondown>5</ondown>
				</control>
				<control type="button" id="29">
					<description>Ok</description>
					<left>0</left>
					<top>0</top>
					<height>40</height>
					<width>230</width>
					<align>center</align>
					<aligny>center</aligny>
					<font>METF_DialogLargeBold</font>
					<textcolor>TextNF</textcolor>
					<disabledcolor>TextDisabled</disabledcolor>
					<focusedcolor>DialogTextFO</focusedcolor>
					<selectedcolor>DialogTextFO</selectedcolor>
					<texturefocus>ButtonFO2.png</texturefocus>
					<pulseonselect>false</pulseonselect>
					<label></label>
					<onleft>28</onleft>
					<onright>30</onright>
					<onup>5</onup>
					<ondown>5</ondown>
				</control>
				<control type="button" id="30">
					<description>clear</description>
					<left>0</left>
					<top>0</top>
					<height>40</height>
					<width>230</width>
					<align>center</align>
					<aligny>center</aligny>
					<font>METF_DialogLargeBold</font>
					<textcolor>TextNF</textcolor>
					<disabledcolor>TextDisabled</disabledcolor>
					<focusedcolor>DialogTextFO</focusedcolor>
					<selectedcolor>DialogTextFO</selectedcolor>
					<texturefocus>ButtonFO2.png</texturefocus>
					<pulseonselect>false</pulseonselect>
					<label>$LOCALIZE[106]</label>
					<onleft>29</onleft>
					<onright>28</onright>
					<onup>5</onup>
					<ondown>5</ondown>
				</control>
			</control>
		</control>
	</controls>
</window>
