<?xml version="1.0" encoding="UTF-8"?>
<includes>
	<include name="MediaInfo2">
		<!-- Additional Media Flags -->
		<control type="grouplist" id="9902">
			<posx>293</posx>
			<posy>547</posy>
			<width>765</width>
			<height>56</height>
			<align>left</align>
			<itemgap>0</itemgap>
			<orientation>horizontal</orientation>
			<include>Animation_FadedByMenu</include>
			<include>Animation_CommonFade</include>
			<visible>!String.Contains(Container.FolderPath,plugin)</visible>
			<visible>Window.IsActive(videoosd) | Container.Content(movies) | Container.Content(episodes) | Container.Content(MusicVideos) | Window.IsActive(fullscreeninfo) | Window.IsActive(115)</visible>
			<include>VisibleIfNotMovieSet</include>

			<!-- Video Source (not shown in fullscreen video info) -->
			<control type="group">
				<width>90</width>
				<height>56</height>
				<visible>Container.Content(movies) | Container.Content(episodes) | Container.Content(MusicVideos)</visible>
				<control type="image">
					<width>90</width>
					<height>65</height>
					<top>-10</top>
					<left>6</left>
					<include>MediaFlagsVarsWide</include>
					<texture fallback="flags/default.png">flags/Source/sdtv.png</texture>
					<colordiffuse>MediaFlagDiffuse</colordiffuse>
					<visible>String.Contains(listitem.filename,sdtv) | String.Contains(listitem.filename,tvrip) | [[!String.Contains(listitem.filename,hdtv) + !String.Contains(listitem.filename,bluray) + !String.Contains(listitem.filename,hddvd) + !String.Contains(listitem.filename,sddvd) + !String.Contains(listitem.filename,blu-ray) + !String.Contains(listitem.filename,brrip) + !String.Contains(listitem.filename,bdrip) + !String.Contains(listitem.filename,pdtv) + !String.EndsWith(listitem.filename,.evo) + !String.EndsWith(listitem.filename,.mt2s) + !String.EndsWith(listitem.filename,.ifo) + !String.EndsWith(listitem.filename,.vob) + !String.Contains(listitem.filename,r5) + !String.Contains(listitem.filename,dvdscr) + !String.Contains(listitem.filename,screener) + !String.Contains(listitem.filename,web-dl) + !String.Contains(listitem.filename,webrip) + !String.Contains(listitem.filename,dvd)] + Container.Content(episodes) + [String.Contains(listitem.VideoResolution,SD) | String.Contains(listitem.VideoResolution,480) | String.Contains(listitem.VideoResolution,540) | String.Contains(listitem.VideoResolution,576)]]</visible>
				</control>
				<control type="image">
					<include>MediaFlagsVarsWide</include>
					<texture fallback="flags/default.png">flags/Source/hdtv.png</texture>
					<colordiffuse>MediaFlagDiffuse</colordiffuse>
					<visible>String.Contains(listitem.filename,hdtv) | String.Contains(listitem.filename,pdtv) | [[!String.Contains(listitem.filename,sdtv) + !String.Contains(listitem.filename,bluray) + !String.Contains(listitem.filename,hddvd) + !String.Contains(listitem.filename,sddvd) + !String.Contains(listitem.filename,blu-ray) + !String.Contains(listitem.filename,brrip) + !String.Contains(listitem.filename,bdrip) + !String.Contains(listitem.filename,tvrip) + !String.EndsWith(listitem.filename,.evo) + !String.EndsWith(listitem.filename,.mt2s) + !String.EndsWith(listitem.filename,.ifo) + !String.EndsWith(listitem.filename,.vob) + !String.Contains(listitem.filename,r5) + !String.Contains(listitem.filename,dvdscr) + !String.Contains(listitem.filename,screener) + !String.Contains(listitem.filename,web-dl) + !String.Contains(listitem.filename,webrip) + !String.Contains(listitem.filename,dvd)] + Container.Content(episodes) + [String.Contains(listitem.VideoResolution,720) | String.Contains(listitem.VideoResolution,1080) | String.Contains(ListItem.VideoResolution,4K)]]</visible>
				</control>
				<control type="image">
					<include>MediaFlagsVarsWide</include>
					<texture fallback="flags/default.png">flags/Source/webtv.png</texture>
					<colordiffuse>MediaFlagDiffuse</colordiffuse>
					<visible>String.Contains(listitem.filename,web-dl) | String.Contains(listitem.filename,webrip)</visible>
				</control>
				<control type="image">
					<include>MediaFlagsVarsWide</include>
					<texture fallback="flags/default.png">flags/Source/hddvd.png</texture>
					<colordiffuse>MediaFlagDiffuse</colordiffuse>
					<visible>String.Contains(listitem.filename,hddvd) | String.Contains(listitem.filename,hd-dvd) | String.EndsWith(listitem.filename,.evo)</visible>
				</control>
				<control type="image">
					<include>MediaFlagsVarsWide</include>
					<texture fallback="flags/default.png">flags/Source/bluray.png</texture>
					<colordiffuse>MediaFlagDiffuse</colordiffuse>
					<visible>!ListItem.IsStereoscopic + [String.Contains(listitem.filename,bluray) | String.Contains(listitem.filename,blu-ray) | String.Contains(listitem.filename,brrip) | String.Contains(listitem.filename,bdrip) | String.EndsWith(listitem.filename,.mt2s) | [[!String.Contains(listitem.filename,sddvd) + !String.Contains(listitem.filename,blu-ray) + !String.Contains(listitem.filename,brrip) + !String.Contains(listitem.filename,bdrip) + !String.Contains(listitem.filename,tvrip) + !String.Contains(listitem.filename,pdtv) + !String.Contains(listitem.filename,hddvd) + !String.Contains(listitem.filename,sdtv) + !String.Contains(listitem.filename,hdtv) + !String.EndsWith(listitem.filename,.evo) + !String.EndsWith(listitem.filename,.ifo) + !String.EndsWith(listitem.filename,.vob) + !String.Contains(listitem.filename,r5) + !String.Contains(listitem.filename,dvdscr) + !String.Contains(listitem.filename,screener) + !String.Contains(listitem.filename,web-dl) + !String.Contains(listitem.filename,webrip)] + [Container.Content(movies) | Container.Content(MusicVideos)] + [String.Contains(ListItem.VideoResolution,720) | String.Contains(ListItem.VideoResolution,1080) | String.Contains(ListItem.VideoResolution,4K)]]]</visible>
				</control>
				<control type="image">
					<include>MediaFlagsVarsWide</include>
					<texture fallback="flags/default.png">flags/Source/bd3d.png</texture>
					<colordiffuse>MediaFlagDiffuse</colordiffuse>
					<visible>ListItem.IsStereoscopic + [String.Contains(listitem.filename,bluray) | String.Contains(listitem.filename,blu-ray) | String.Contains(listitem.filename,brrip) | String.Contains(listitem.filename,bdrip) | String.EndsWith(listitem.filename,.mt2s) | [[!String.Contains(listitem.filename,sddvd) + !String.Contains(listitem.filename,blu-ray) + !String.Contains(listitem.filename,brrip) + !String.Contains(listitem.filename,bdrip) + !String.Contains(listitem.filename,tvrip) + !String.Contains(listitem.filename,pdtv) + !String.Contains(listitem.filename,hddvd) + !String.Contains(listitem.filename,sdtv) + !String.Contains(listitem.filename,hdtv) + !String.EndsWith(listitem.filename,.evo) + !String.EndsWith(listitem.filename,.ifo) + !String.EndsWith(listitem.filename,.vob) + !String.Contains(listitem.filename,r5) + !String.Contains(listitem.filename,dvdscr) + !String.Contains(listitem.filename,screener) + !String.Contains(listitem.filename,web-dl) + !String.Contains(listitem.filename,webrip)] + [Container.Content(movies) | Container.Content(MusicVideos)] + [String.Contains(ListItem.VideoResolution,720) | String.Contains(ListItem.VideoResolution,1080) | String.Contains(ListItem.VideoResolution,4K)]]]</visible>
				</control>
				<control type="image">
					<include>MediaFlagsVarsWide</include>
					<texture fallback="flags/default.png">flags/Source/dvd.png</texture>
					<colordiffuse>MediaFlagDiffuse</colordiffuse>
					<visible>[String.Contains(listitem.filename,dvd) + !String.Contains(listitem.filename,hddvd) + !String.Contains(listitem.filename,hd-dvd) + !String.Contains(listitem.filename,bluray) + !String.Contains(listitem.filename,blu-ray) + !String.Contains(listitem.filename,brrip) + !String.Contains(listitem.filename,bdrip) + !String.Contains(listitem.filename,r5) + !String.Contains(listitem.filename,dvdscr) + !String.Contains(listitem.filename,screener) + !String.Contains(listitem.filename,web-dl) + !String.Contains(listitem.filename,webrip)] | String.EndsWith(listitem.filename,.ifo) | String.EndsWith(listitem.filename,.vob) | [[!String.Contains(listitem.filename,hddvd) + !String.Contains(listitem.filename,bluray) + !String.Contains(listitem.filename,blu-ray) + !String.Contains(listitem.filename,brrip) + !String.Contains(listitem.filename,bdrip) + !String.Contains(listitem.filename,sdtv) + !String.Contains(listitem.filename,hdtv) + !String.EndsWith(listitem.filename,.evo) + !String.EndsWith(listitem.filename,.m2ts) + !String.Contains(listitem.filename,r5) + !String.Contains(listitem.filename,dvdscr) + !String.Contains(listitem.filename,screener) + !String.Contains(listitem.filename,web-dl) + !String.Contains(listitem.filename,webrip)] + [Container.Content(movies) | Container.Content(MusicVideos)] + [String.Contains(listitem.VideoResolution,SD) | String.Contains(listitem.VideoResolution,480) | String.Contains(listitem.VideoResolution,540) | String.Contains(listitem.VideoResolution,576)]]</visible>
				</control>
				<control type="image">
					<include>MediaFlagsVarsWide</include>
					<texture fallback="flags/default.png">flags/Source/r5.png</texture>
					<colordiffuse>MediaFlagDiffuse</colordiffuse>
					<visible>String.Contains(listitem.filename,r5)</visible>
				</control>
				<control type="image">
					<include>MediaFlagsVarsWide</include>
					<texture fallback="flags/default.png">flags/Source/screener.png</texture>
					<colordiffuse>MediaFlagDiffuse</colordiffuse>
					<visible>String.Contains(listitem.filename,dvdscr) | String.Contains(listitem.filename,screener)</visible>
				</control>
				<control type="image">
					<width>104</width>
					<height>46</height>
					<colordiffuse>MediaFlagBoxDiffuse</colordiffuse>
					<texture>flags/flag_frame.png</texture>
				</control>
			</control>

			<!-- Original Video Resolution -->
			<control type="group">
				<width>90</width>
				<height>56</height>
				<control type="image">
					<width>95</width>
					<height>48</height>
					<top>-2</top>
					<left>5</left>
					<include>MediaFlagsVarsWide</include>
					<texture fallback="flags/default.png">$VAR[MediaFlag_VideoResolution]</texture>
					<colordiffuse>MediaFlagDiffuse</colordiffuse>
				</control>
				<control type="image">
					<width>104</width>
					<height>46</height>
					<texture>flags/flag_frame.png</texture>
					<colordiffuse>MediaFlagBoxDiffuse</colordiffuse>
				</control>
			</control>

			<!-- Video Resolution -->
			<control type="group">
				<width>90</width>
				<height>56</height>
				<control type="label">
					<top>-3</top>
					<left>10</left>
					<align>center</align>
					<label>[B]$INFO[Player.Process(VideoWidth)][/B]</label>
					<font>MediaFlagsResolution</font>
					<textcolor>MediaDetailsInfo</textcolor>
				</control>
				<control type="label">
					<top>18</top>
					<left>10</left>
					<align>center</align>
					<label>[B]$INFO[Player.Process(VideoHeight)][/B]</label>
					<font>MediaFlagsResolution</font>
					<textcolor>MediaDetailsInfo</textcolor>
				</control>
				<control type="image">
					<width>104</width>
					<height>46</height>
					<texture>flags/flag_frame.png</texture>
					<colordiffuse>MediaFlagBoxDiffuse</colordiffuse>
				</control>
			</control>

			<!-- Video Aspect -->
			<control type="group">
				<width>90</width>
				<height>56</height>
				<control type="image">
					<width>96</width>
					<left>4</left>
					<include>MediaFlagsVarsWide</include>
					<texture fallback="flags/VideoAspect/default.png">$VAR[MediaFlag_VideoAspect]</texture>
					<colordiffuse>MediaFlagDiffuse</colordiffuse>
				</control>
				<control type="image">
					<width>104</width>
					<height>46</height>
					<texture>flags/flag_frame.png</texture>
					<colordiffuse>MediaFlagBoxDiffuse</colordiffuse>
				</control>
			</control>

			<!-- Video Codec -->
			<control type="group">
				<width>90</width>
				<height>56</height>
				<control type="image">
					<include>MediaFlagsVarsWide</include>
					<texture fallback="flags/default.png">$VAR[MediaFlag_VideoCodec]</texture>
					<colordiffuse>MediaFlagDiffuse</colordiffuse>
				</control>
				<control type="image">
					<width>104</width>
					<height>46</height>
					<texture>flags/flag_frame.png</texture>
					<colordiffuse>MediaFlagBoxDiffuse</colordiffuse>
				</control>
			</control>

			<!-- Audio Codec -->
			<control type="group">
				<width>90</width>
				<height>56</height>
				<control type="image">
					<include>MediaFlagsVarsWide</include>
					<texture fallback="flags/defaultsound.png">$VAR[MediaFlag_AudioCodec]</texture>
					<colordiffuse>MediaFlagDiffuse</colordiffuse>
				</control>
				<control type="image">
					<width>104</width>
					<height>46</height>
					<texture>flags/flag_frame.png</texture>
					<colordiffuse>MediaFlagBoxDiffuse</colordiffuse>
				</control>
			</control>

			<!-- Audio Channels -->
			<control type="group">
				<width>90</width>
				<height>56</height>
				<control type="image">
					<include>MediaFlagsVarsWide</include>
					<texture fallback="flags/AudioChannels/DefaultChannels.png">$VAR[MediaFlag_AudioChannels]</texture>
					<colordiffuse>MediaFlagDiffuse</colordiffuse>
				</control>
				<control type="image">
					<width>104</width>
					<height>46</height>
					<texture>flags/flag_frame.png</texture>
					<colordiffuse>MediaFlagBoxDiffuse</colordiffuse>
				</control>
			</control>

			<!-- Audio Language and Subtitles : Flag=Audio Language, CC=has subtitles -->
			<control type="group">
				<width>58</width>
				<height>56</height>
				<visible>[[!String.IsEmpty(ListItem.SubtitleLanguage) + String.IsEmpty(VideoPlayer.SubtitleLanguage)] | [String.IsEmpty(ListItem.SubtitleLanguage) + !String.IsEmpty(VideoPlayer.SubtitleLanguage)]] | [!String.IsEmpty(ListItem.AudioLanguage) + ![String.Contains(ListItem.AudioLanguage,und) | String.Contains(ListItem.AudioLanguage,unk)]]</visible>
				<control type="image">
					<posx>2</posx>
					<width>66</width>
					<height>46</height>
					<colordiffuse>MediaFlagBoxDiffuse</colordiffuse>
					<texture>flags/flag_framesquare.png</texture>
				</control>
				<control type="image">
					<top>-2</top>
					<left>6</left>
					<width>58</width>
					<height>46</height>
					<texture background="true" diffuse="flags/nocc.png">$VAR[Language_Icons]</texture>
					<aspectratio aligny="center" scalediffuse="true">stretch</aspectratio>
					<visible>[String.IsEmpty(ListItem.SubtitleLanguage) + String.IsEmpty(VideoPlayer.SubtitleLanguage)] + !String.IsEmpty(ListItem.AudioLanguage) + !String.Contains(ListItem.AudioLanguage,und)</visible>
				</control>
				<control type="image">
					<top>-2</top>
					<left>6</left>
					<width>58</width>
					<height>46</height>
					<texture background="true" diffuse="flags/cc.png">$VAR[Language_Icons]</texture>
					<visible>[[!String.IsEmpty(ListItem.SubtitleLanguage) + String.IsEmpty(VideoPlayer.SubtitleLanguage)] | [String.IsEmpty(ListItem.SubtitleLanguage) + !String.IsEmpty(VideoPlayer.SubtitleLanguage)]] + [!String.IsEmpty(ListItem.AudioLanguage) + ![String.Contains(ListItem.AudioLanguage,und) | String.Contains(ListItem.AudioLanguage,unk)]]</visible>
					<aspectratio aligny="center" scalediffuse="true">stretch</aspectratio>
				</control>
				<control type="image">
					<top>-2</top>
					<left>6</left>
					<width>58</width>
					<height>46</height>
					<texture background="true">flags/cc.png</texture>
					<visible>[[!String.IsEmpty(ListItem.SubtitleLanguage) + String.IsEmpty(VideoPlayer.SubtitleLanguage)] | [String.IsEmpty(ListItem.SubtitleLanguage) + !String.IsEmpty(VideoPlayer.SubtitleLanguage)]] + [String.IsEmpty(ListItem.AudioLanguage) | [String.Contains(ListItem.AudioLanguage,und) | String.Contains(ListItem.AudioLanguage,unk)]]</visible>
					<aspectratio aligny="center" scalediffuse="true">stretch</aspectratio>
				</control>
			</control>
		</control>
	</include>
</includes>
