<?xml version="1.0" encoding="UTF-8"?>
<window>
	<controls>
		<control type="group">
			<animation effect="slide" end="0,-200" time="0" condition="Window.IsVisible(fullscreeninfo)">conditional</animation>
			<!-- Background Image -->
			<control type="image">
				<posx>0</posx>
				<posy>-45</posy>
				<width>1280</width>
				<height>186</height>
				<texture>osd/osd_dialog_bg_top.png</texture>
				<colordiffuse>OSDBackgroundColor</colordiffuse>
			</control>

			<control type="label" id="10">
				<description>row 1 label</description>
				<posx>20</posx>
				<posy>10</posy>
				<label></label>
				<align>left</align>
				<width>1240</width>
				<height>36</height>
				<font>METF_DialogVerySmall</font>
				<textcolor>TextNF</textcolor>
			</control>
			<control type="label" id="11">
				<description>row 2 label</description>
				<posx>20</posx>
				<posy>45</posy>
				<label></label>
				<align>left</align>
				<width>1240</width>
				<height>36</height>
				<font>METF_DialogVerySmall</font>
				<textcolor>TextNF</textcolor>
			</control>
			<control type="label" id="12">
				<description>row 3 label</description>
				<posx>20</posx>
				<posy>80</posy>
				<label></label>
				<align>left</align>
				<width>1240</width>
				<height>108</height>
				<font>METF_DialogVerySmall</font>
				<textcolor>TextNF</textcolor>
			</control>
		</control>
		<control type="group" id="1">
			<visible>Player.Caching</visible>
			<animation effect="fade" delay="300" time="200">Visible</animation>
			<animation effect="fade" delay="200" time="150">Hidden</animation>
			<control type="image" id="1">
				<left>540</left>
				<top>250</top>
				<width>200</width>
				<height>200</height>
				<texture>flags/ProgressCircle/p100.png</texture>
				<animation effect="fade" end="50" time="0" condition="true">Conditional</animation>
			</control>
			<control type="image" id="1">
				<left>540</left>
				<top>250</top>
				<width>200</width>
				<height>200</height>
				<texture colordiffuse="DialogProgressBar">flags/ProgressCircle/p$INFO[Player.CacheLevel].png</texture>
			</control>
			<control type="label" id="1">
				<description>buffering value</description>
				<label>$INFO[Player.CacheLevel]%</label>
				<left>540</left>
				<top>250</top>
				<width>200</width>
				<height>200</height>
				<aligny>center</aligny>
				<align>center</align>
				<font>METF_DialogVerySmall</font>
				<textcolor>TextNF</textcolor>
				<shadowcolor>black</shadowcolor>
			</control>
			<control type="label" id="2">
				<description>buffering label</description>
				<label>$LOCALIZE[15107]</label>
				<left>540</left>
				<top>420</top>
				<width>200</width>
				<height>30</height>
				<aligny>center</aligny>
				<align>center</align>
				<font>METF_DialogVerySmall</font>
				<textcolor>TextNF</textcolor>
				<shadowcolor>black</shadowcolor>
			</control>
		</control>
	</controls>
</window>
