<?xml version="1.0" encoding="UTF-8" standalone="yes"?>
<addon id="repository.emad" name="EMAD Repository" version="1.3.1" provider-name="EMAD MAHDI">
	<extension point="xbmc.addon.repository" name="EMAD Repository">
		<dir>
			<info compressed="false">https://raw.githubusercontent.com/emadmahdi/KODI/master/addons.xml</info>
			<checksum>https://raw.githubusercontent.com/emadmahdi/KODI/master/addons.xml.md5</checksum>
			<datadir zip="true">https://raw.githubusercontent.com/emadmahdi/KODI/master</datadir>
		</dir>
	</extension>
	<extension point="xbmc.addon.metadata">
		<summary lang="en">Install Add-ons from EMAD</summary>
		<description lang="en">Download and install add-ons from EMAD</description>
		<platform>all</platform>
	</extension>
</addon>