<?xml version="1.0" encoding="UTF-8"?>
<includes>
	<include file="defaults.xml" />
	<include file="Includes_Variables.xml" />
	<include file="Includes_MediaOverlay.xml" />
	<include file="Includes_Home1.xml" />
	<include file="Includes_Home2.xml" />
	<include file="Includes_Home3.xml" />
	<include file="Includes_HomeDeck.xml" />
	<include file="Includes_DialogSelect.xml" />
	<include file="script-skinshortcuts-includes.xml"/>
	<include file="Includes_MediaFlags.xml" />
	<include file="Includes_MediaFlags2.xml" />
	<include file="Includes_Animations.xml" />
	<include file="Viewtype_Common.xml" />
	<include file="Viewtype_Banner.xml" />			<!-- 511 -->
	<include file="Viewtype_BannerPoster.xml" />		<!-- 510 -->
	<include file="Viewtype_BannerFanart.xml" />		<!-- 508 -->
	<include file="Viewtype_Coverflow.xml" />		<!-- 512 -->
	<include file="Viewtype_Fanart.xml" />			<!-- 504 -->
	<include file="Viewtype_List.xml" />			<!-- 55  -->
	<include file="Viewtype_LowList.xml" />			<!-- 905 -->
	<include file="Viewtype_ListFanart.xml" />		<!-- 509 -->
	<include file="Viewtype_Gallery.xml" />			<!-- 54  -->
	<include file="Viewtype_Gallery_Fanart.xml" />		<!-- 59  -->
	<include file="Viewtype_Gallery_Square.xml" />		<!-- 58  -->
	<include file="Viewtype_Games_Tall.xml" />		<!-- 950 -->
	<include file="Viewtype_Games_Square.xml" />		<!-- 951 -->
	<include file="Viewtype_Games_Wide.xml" />		<!-- 952 -->
	<include file="Viewtype_Landscape.xml" />		<!-- 52  -->
	<include file="Viewtype_Logo.xml" />			<!-- 56  -->
	<include file="Includes_PVR.xml" />
	<include file="Viewtype_Panel_Square.xml" />		<!-- 559 -->
	<include file="Viewtype_PictureGrid.xml" />		<!-- 500 -->
	<include file="Viewtype_PosterAndFanart.xml" />		<!-- 550 -->
	<include file="Viewtype_Poster_Fixed.xml" />		<!-- 53  -->
	<include file="Viewtype_Poster_Wrap.xml" />		<!-- 57  -->
	<include file="Viewtype_Poster_Large_Fixed.xml" />	<!-- 552 -->
	<include file="Viewtype_Poster_Large_Wrap.xml" />	<!-- 551 -->
	<include file="Viewtype_TallGenre.xml" />		<!-- 501 -->
	<AAAinclude file="Viewtype_Collide.xml" />		<!-- 553 -->

	<!-- Global dimensions -->
	<include name="Dimensions_Fullscreen">
		<posx>0</posx>
		<posy>0</posy>
		<width>1280</width>
		<height>720</height>
	</include>
	<!-- Global objects -->
	<include name="Global_Background">
		<control type="image">
			<include>Dimensions_Fullscreen</include>
			<texture background="true" fallback="Background.png">$INFO[Skin.String(CustomBackground)]</texture>
			<colordiffuse>BackgroundColor</colordiffuse>
		</control>
	</include>
	<include name="Global_Background_Fanart_Common">
		<include>Dimensions_Fullscreen</include>
		<include>Animation_CommonFade</include>
		<include>Animation_FadedByMenu</include>
		<animation effect="fade" start="100" end="60" time="300" condition="Window.IsVisible(movieinformation)">Conditional</animation>
		<fadetime>200</fadetime>
		<colordiffuse>$VAR[GlobalFanartDiffuse]</colordiffuse>
	</include>
	<include name="Global_Background_Fanart">
		<control type="image">
			<include>Global_Background_Fanart_Common</include>
			<texture background="true" diffuse="FanartDiffuse.png">$VAR[GlobalFanart]</texture>
			<visible>String.IsEmpty(Control.GetLabel(6999)) + [[[Container.Content(movies) | Container.Content(sets) | Container.Content(tvshows) | Container.Content(seasons) | Container.Content(episodes)] + !Skin.HasSetting(HideVideoFanart)] | [[Container.Content(artists) | Container.Content(albums) | Container.Content(songs)] + !Skin.HasSetting(HideMusicFanart)] | [Window.IsActive(pictures) + !Skin.HasSetting(HidePictureFanart)] | Container.Content(addons)]</visible>
		</control>
		<!-- Extra Fanart -->
		<control type="multiimage" id="6999">
			<include>Global_Background_Fanart_Common</include>
			<imagepath background="true" diffuse="FanartDiffuse.png">$VAR[GlobalExtraFanart]</imagepath>
			<timeperimage>5000</timeperimage>
			<randomize>true</randomize>
			<loop>yes</loop>
			<visible>Skin.HasSetting(SkinHelper.EnableExtraFanart) + [[[Container.Content(movies) | Container.Content(sets) | Container.Content(tvshows) | Container.Content(seasons) | Container.Content(episodes)] + !Skin.HasSetting(HideVideoFanart)] | [[Container.Content(artists) | Container.Content(albums) | Container.Content(songs)] + !Skin.HasSetting(HideMusicFanart)] | [Window.IsActive(pictures) + !Skin.HasSetting(HidePictureFanart)]]</visible>
		</control>
	</include>
	<include name="Global_ContextFilter">
		<control type="image">
			<include>Dimensions_Fullscreen</include>
			<texture background="true" fallback="Background.png" diffuse="FanartDiffuse.png">$INFO[Skin.String(CustomBackground)]</texture>
			<colordiffuse>GlobalContextColour</colordiffuse>
			<visible>ControlGroup(7001).HasFocus | ControlGroup(7000).HasFocus | Window.IsActive(yesnodialog) | Window.IsActive(progressdialog) | Window.IsActive(okdialog) | Window.IsActive(contextmenu) | Window.IsActive(favourites) | Window.IsActive(mediasource) | Window.IsActive(addonsettings) | Window.IsActive(pictureinfo) | Window.IsActive(songinformation)</visible>
			<animation effect="fade" start="0" end="100" time="200">Visible</animation>
			<animation effect="fade" start="100" end="0" time="400">Hidden</animation>
		</control>
	</include>

	<!-- Navigation Menu Background Panel -->
	<include name="NavMenuBackground">
		<control type="image">
			<description>background image</description>
			<posx>440</posx>
			<posy>65</posy>
			<width>400</width>
			<height>580</height>
			<texture>frames/Menu_Glass2b.png</texture>
			<colordiffuse>DialogBackgroundColor</colordiffuse>
			<visible>ControlGroup(7000).HasFocus</visible>
		</control>
	</include>

	<!-- View Lockdowns -->
	<include name="OnUp7000">
		<onup>7000</onup>
	</include>
	<include name="OnLeft7000">
		<onleft>7000</onleft>
	</include>

	<!-- Heading info for various screens -->
	<include name="Global_HeadingSectionVars">
		<width>750</width>
		<height>30</height>
		<font>METF_Heading</font>
		<textcolor>GlobalHeading</textcolor>
		<align>left</align>
		<aligny>center</aligny>
		<include>Animation_HiddenByInfo</include>
	</include>
	<include name="Global_HeadingLevelVars">
		<width>1220</width>
		<height>30</height>
		<font>METF_Heading</font>
		<textcolor>SettingsDetail</textcolor>
		<align>center</align>
		<aligny>center</aligny>
		<include>Animation_HiddenByInfo</include>
	</include>
	<include name="Global_HeadingDetailVars">
		<posx>1220</posx>
		<width>720</width>
		<height>30</height>
		<font>METF_Heading</font>
		<textcolor>GlobalHeading</textcolor>
		<align>right</align>
		<aligny>center</aligny>
		<include>Animation_HiddenByInfo</include>
	</include>
	
	<include name="Global_Heading">
		<control type="group">
			<posx>30</posx>
			<posy>10</posy>
			<include>Animation_OpenCloseFade</include>
			<include>Animation_FadedByMenu</include>
			<include>Animation_HiddenByInfo</include>
			<!-- Left side title -->
			<control type="label">
				<label>$VAR[GlobalHeadingLeft]</label>
				<include>Global_HeadingSectionVars</include>
			</control>
			<!-- Center details -->
			<control type="label">
				<label>$LOCALIZE[31208] $INFO[Window.Property(Updated)]</label>
				<include>Global_HeadingLevelVars</include>
				<visible>Window.IsActive(AddonBrowser)</visible>
			</control>
			<!-- Center NextAired sub details -->
			<control type="label">
				<label>$VAR[GlobalSubHeadingCenter]</label>
				<font>METF_PlotTextSmall</font>
				<posy>20</posy>
				<width>1220</width>
				<align>center</align>
				<aligny>center</aligny>
				<height>30</height>
				<textcolor>SettingsDetail</textcolor>
				<include>Animation_HiddenByInfo</include>
				<visible>[Container.Content(tvshows) | Container.Content(seasons) | Container.Content(episodes)] + Skin.HasSetting(NextAired)</visible>
			</control>
			<!-- Right side details -->
			<control type="label" id="52">
				<description>Build Version</description>
				<label>$LOCALIZE[144]</label>
				<include>Global_HeadingDetailVars</include>
				<visible>Window.IsActive(systeminfo)</visible>
			</control>
			<control type="label">
				<label>$INFO[Container.CurrentItem,$LOCALIZE[31277] ]$INFO[Container.NumItems, $LOCALIZE[20163] ]</label>
				<include>Global_HeadingDetailVars</include>
				<visible>Integer.IsGreater(Container.NumItems, 1) + [!Window.IsActive(systeminfo) | Control.HasFocus(998) | Container.Scrolling]</visible>
			</control>
		</control>
	</include>
	
	<!-- SortLetter popup when scrolling through lists quickly -->
	<include name="Global_ScrollOffsetLabel">
		<control type="group" id="9906">
			<visible>[Container(28).Scrolling | Container.Scrolling] + [String.IsEqual(Container.SortMethod,$LOCALIZE[551]) | String.IsEqual(Container.SortMethod,$LOCALIZE[561]) | String.IsEqual(Container.SortMethod,$LOCALIZE[556]) | String.IsEqual(Container.SortMethod,$LOCALIZE[557]) | String.IsEqual(Container.SortMethod,$LOCALIZE[558])]</visible>
			<animation effect="slide" start="0,0" end="0,-69" time="100">Visible</animation>
			<animation effect="slide" start="0,-69" end="0,0" delay="800" time="100">Hidden</animation>
			<posx>290r</posx>
			<posy>720</posy>
			<control type="image">
				<posx>0</posx>
				<posy>0</posy>
				<width>64</width>
				<height>54</height>
				<texture>flags/flag_framesquare.png</texture>
				<colordiffuse>MediaFlagBoxDiffuse</colordiffuse>
			</control>
			<control type="label">
				<posx>1</posx>
				<posy>0</posy>
				<width>64</width>
				<height>50</height>
				<align>center</align>
				<aligny>center</aligny>
				<label>$INFO[ListItem.SortLetter]</label>
				<font>METF_DialogLargeBold</font>
				<textcolor>MediaFlagDiffuse</textcolor>
			</control>
		</control>
	</include>

	<include name="Weather_Icon_Common">
		<timeperimage>65</timeperimage>
		<fadetime>1</fadetime>
		<randomize>false</randomize>
		<loop>yes</loop>
		<aspectratio align="center">keep</aspectratio>
	</include>
	<include name="Global_Weather">
		<control type="grouplist">
			<left>1110</left>
			<top>557</top>
			<height>30</height>
			<width>140</width>
			<align>right</align>
			<orientation>horizontal</orientation>
			<usecontrolcoords>false</usecontrolcoords>
			<visible>Weather.IsFetched + [[!Window.IsActive(visualisation) + !Skin.HasSetting(HideClockTemp)] | [Window.IsActive(visualisation) + Player.ShowInfo + !Skin.HasSetting(HideVisClock) + !Window.IsVisible(120)]]</visible>
			<control type="multiimage">
				<width>30</width>
				<height>30</height>
				<include>Weather_Icon_Common</include>
				<imagepath>$VAR[Weather_Icons_Current]</imagepath>
			</control>
			<control type="label">
				<description>Temperature</description>
				<width min="50" max="110">auto</width>
				<height>30</height>
				<font>METF_Temp</font>
				<align>left</align>
				<aligny>center</aligny>
				<textcolor>Temp</textcolor>
				<label>[B]$INFO[Window(Weather).Property(Current.Temperature)]$INFO[System.TemperatureUnits][/B]</label>
			</control>
		</control>
	</include>
	<include name="Global_TimeWeekdayDetails">
		<posx>1241</posx>
		<posy>546</posy>
		<width>200</width>
		<height>30</height>
		<font>METF_Date</font>
		<align>right</align>
		<aligny>center</aligny>
		<textcolor>Date</textcolor>
	</include>
	<include name="Global_Time">
		<control type="group">
			<posx>10</posx>
			<posy>55</posy>
			<width>230</width>
			<height>30</height>
			<visible>[!Window.IsActive(visualisation) + !Skin.HasSetting(HideClock)] | [Window.IsActive(visualisation) + Player.ShowInfo + !Skin.HasSetting(HideVisClock) + !Window.IsVisible(120)]</visible>
			<control type="label">
				<description>Minutes</description>
				<posx>1000</posx>
				<posy>530</posy>
				<width>260</width>
				<font>METF_Minutes</font>
				<align>center</align>
				<aligny>center</aligny>
				<textcolor>Time</textcolor>
				<label>$INFO[System.Time(hh:mm:ss)]</label>
			</control>
			<control type="label">
				<description>Date</description>
				<textcolor>Time</textcolor>
				<top>610</top>
				<left>1000</left>
				<align>center</align>
				<width>260</width>
				<include>Global_TimeWeekdayDetails</include>
				<label>[B][UPPERCASE]$INFO[System.Date(yyyy - mmm - dd)][/UPPERCASE][/B]</label>
				<visible>Skin.HasSetting(ShowDate)</visible>
			</control>
			<control type="label">
				<description>Day of Week</description>
				<top>565</top>
				<left>1000</left>
				<width>260</width>
				<align>center</align>
				<include>Global_TimeWeekdayDetails</include>
				<label>[UPPERCASE][B]$INFO[System.Date(DDD)][/B][/UPPERCASE]</label>
				<visible>Skin.HasSetting(ShowDate)</visible>
			</control>
		</control>
	</include>

	<!-- Used in Includes_MediaFlags?.xml -->
	<include name="MediaFlagsVarsWide">
		<posx>12</posx>
		<posy>4</posy>
		<width>80</width>
		<height>40</height>
	</include>
	<include name="MediaFlagsVarsSquare">
		<posx>14</posx>
		<posy>8</posy>
		<width>44</width>
		<height>36</height>
	</include>
	<include name="MediaFlagsVarsSquareHalfTop">
		<posx>14</posx>
		<posy>8</posy>
		<width>44</width>
		<height>18</height>
	</include>
	<include name="MediaFlagsVarsSquareHalfBottom">
		<posx>9</posx>
		<posy>26</posy>
		<width>52</width>
		<height>18</height>
	</include>

	<include name="AutoScrollShort">
		<autoscroll time="2000" delay="12000" repeat="8000">Skin.HasSetting(AutoScroll)</autoscroll>
	</include>
	<include name="AutoScrollLong">
		<autoscroll time="2000" delay="16000" repeat="12000">Skin.HasSetting(AutoScroll)</autoscroll>
	</include>
	<include name="AutoScrollShortFast">
		<autoscroll time="2000" delay="6000" repeat="6000">Skin.HasSetting(AutoScroll)</autoscroll>
	</include>
	<include name="AutoScrollLongFast">
		<autoscroll time="3000" delay="6000" repeat="6000">Skin.HasSetting(AutoScroll)</autoscroll>
	</include>
	<include name="PlotBox">
		<posx>300</posx>
		<posy>555</posy>
		<control type="textbox">
			<include>Animation_FadedByMenuExceptions</include>
			<include>Animation_OpenCloseFade</include>
			<include>Animation_HiddenByInfo</include>
			<animation effect="fade" start="100" end="0" time="200">Hidden</animation>
			<width>700</width>
			<height>155</height>
			<font>METF_PlotTextSmall</font>
			<include condition="!Skin.HasSetting(AutoScrollFast)">AutoScrollShort</include>
			<include condition="Skin.HasSetting(AutoScrollFast)">AutoScrollShortFast</include>
			<textcolor>LowerText</textcolor>
			<label>$VAR[PlotBox_Text]</label>
			<align>justify</align>
			<visible>Control.IsVisible(9902) | Control.IsVisible(9905) | Control.IsVisible(9906)</visible>
		</control>
		<control type="textbox">
			<include>Animation_FadedByMenuExceptions</include>
			<include>Animation_OpenCloseFade</include>
			<include>Animation_HiddenByInfo</include>
			<width>700</width>
			<height>155</height>
			<font>METF_PlotTextSmall</font>
			<include condition="!Skin.HasSetting(AutoScrollFast)">AutoScrollLong</include>
			<include condition="Skin.HasSetting(AutoScrollFast)">AutoScrollLongFast</include>
			<textcolor>LowerText</textcolor>
			<label>$VAR[PlotBox_Text]</label>
			<align>justify</align>
			<visible>![Control.IsVisible(9902) | Control.IsVisible(9905) | Control.IsVisible(9906)]</visible>
		</control>
	</include>

	<!-- Plot to show in all video viewtypes but NOT Video Info screen -->
	<include name="Global_VideoPlot">
		<control type="group" id="9900">
			<visible>!Skin.HasSetting(Hide_Plot) + [Container.Content(Movies) | Container.Content(TVShows) | Container.Content(Seasons) | Container.Content(Episodes) | Container.Content(MusicVideos) | String.Contains(Container.FolderPath,plugin)]</visible>
			<include>PlotBox</include>
		</control>
	</include>

	<!-- Video Genre Descriptions for TallGenre view -->
	<include name="Global_VideoGenreInfo">
		<control type="group">
			<visible>Container.Content(Genres)</visible>
			<include>PlotBox</include>
		</control>
	</include>

	<!-- Addon Description -->
	<include name="Global_AddonInfo">
		<control type="group">
			<visible>Container.Content(Addons) | String.Contains(Container.FolderPath,advanced.launcher)</visible>
			<include>PlotBox</include>
		</control>
	</include>

	<!-- Album and Artist Descriptions -->
	<include name="Global_MusicInfo">
		<control type="group">
			<visible>Container.Content(Artists) | Container.Content(Albums)</visible>
			<include>PlotBox</include>
		</control>
	</include>

	<!-- Live TV Plot -->
	<include name="LiveTVPlot">
		<!-- Plot (Bottom) -->
		<control type="group">
			<posx>30</posx>
			<posy>560</posy>
			<visible>Control.IsVisible(50) | Control.IsVisible(10) | Control.IsVisible(11) | Control.IsVisible(13) | Control.IsVisible(15) | Control.IsVisible(16) | Control.IsVisible(17)</visible>
			<control type="image">
				<description>TV Channel Icon</description>
				<posx>0</posx>
				<posy>0</posy>
				<width>100</width>
				<height>100</height>
				<aspectratio aligny="bottom">keep</aspectratio>
				<info>ListItem.Icon</info>
			</control>
			<control type="label">
				<description>TV Channel Title</description>
				<posx>120</posx>
				<posy>0</posy>
				<width>620</width>
				<height>30</height>
				<align>left</align>
				<aligny>center</aligny>
				<scroll>true</scroll>
				<include>SettingsLabel</include>
				<info>ListItem.Title</info>
			</control>
			<control type="label">
				<description>TV Channel Timing</description>
				<posx>1040</posx>
				<posy>0</posy>
				<width>430</width>
				<height>30</height>
				<label>$INFO[ListItem.StartTime,(,]$INFO[ListItem.EndTime, - ,]$INFO[ListItem.Duration, / ,])</label>
				<align>right</align>
				<aligny>center</aligny>
				<include>SettingsLabel</include>
				<visible>![String.IsEmpty(ListItem.StartTime) + String.IsEmpty(ListItem.EndTime)]</visible>
			</control>
			<control type="textbox">
				<description>TV Channel Plot</description>
				<posx>140</posx>
				<posy>40</posy>
				<width>880</width>
				<height>110</height>
				<align>justify</align>
				<font>METF_PlotTextMedium</font>
				<textcolor>TextNF</textcolor>
				<label>$INFO[ListItem.Plot]</label>
				<include condition="!Skin.HasSetting(AutoScrollFast)">AutoScrollLong</include>
				<include condition="Skin.HasSetting(AutoScrollFast)">AutoScrollLongFast</include>
			</control>
		</control>
	</include>
	<include name="LiveTVLabel">
		<font>METF_ContextValue</font>
		<textcolor>SettingsDetail</textcolor>
		<focusedcolor>ButtonText</focusedcolor>
	</include>

	<include name="ViewDetailsBullet">
		<width>8</width>
		<height>36</height>
		<texture>Dot.png</texture>
		<aspectratio align="center" aligny="center">keep</aspectratio>
		<colordiffuse>BulletDiffuse</colordiffuse>
	</include>
	<include name="ViewDetailsBulletSmall">
		<width>8</width>
		<height>28</height>
		<texture>Dot.png</texture>
		<aspectratio align="center" aligny="center">keep</aspectratio>
		<colordiffuse>BulletDiffuse</colordiffuse>
	</include>
	<include name="ViewDetailsBulletSmallest">
		<width>8</width>
		<height>24</height>
		<texture>Dot.png</texture>
		<aspectratio align="center" aligny="center">keep</aspectratio>
		<colordiffuse>BulletDiffuse</colordiffuse>
	</include>

	<include name="Global_PictureInfo">
		<control type="group">
			<posx>0</posx>
			<posy>0</posy>
			<aligny>top</aligny>
			<include>Animation_FadedByMenu</include>
			<include>Animation_OpenCloseFade</include>
			<include>Animation_HiddenByInfo</include>
			<!-- Total height of this grouplist should not exceed the height of PlotBox (small) or it will overlap the overlays! -->
			<control type="grouplist">
				<visible>Window.IsActive(pictures)</visible>
				<posx>300</posx>
				<posy>565</posy>
				<width>750</width>
				<height>72</height>
				<align>center</align>
				<aligny>top</aligny>
				<orientation>vertical</orientation>
				<!-- Camera Info -->
				<control type="label">
					<width>750</width>
					<height>20</height>
					<align>center</align>
					<aligny>center</aligny>
					<font>METF_PlotTextSmall</font>
					<textcolor>LowerText</textcolor>
					<label>$INFO[ListItem.PictureCamMake] $INFO[ListItem.PictureCamModel]</label>
					<visible>!String.IsEmpty(ListItem.PictureCamMake) + !String.IsEmpty(ListItem.PictureCamModel)</visible>
				</control>
				<!-- Focus and Aperture -->
				<control type="grouplist">
					<width>750</width>
					<height>20</height>
					<align>center</align>
					<itemgap>10</itemgap>
					<orientation>horizontal</orientation>
					<control type="label">
						<width min="25" max="750">auto</width>
						<height>20</height>
						<aligny>center</aligny>
						<font>METF_PlotTextSmall</font>
						<textcolor>LowerText</textcolor>
						<label>$INFO[ListItem.PictureFocalLen]</label>
						<visible>!String.IsEmpty(ListItem.PictureFocalLen)</visible>
					</control>
					<!-- Bullet -->
					<control type="image">
						<include>ViewDetailsBulletSmallest</include>
						<visible>!String.IsEmpty(ListItem.PictureFocalLen) + ![String.IsEmpty(ListItem.PictureAperture) + String.IsEmpty(ListItem.PictureFocusDist)]</visible>
					</control>
					<control type="label">
						<width min="25" max="750">auto</width>
						<height>20</height>
						<aligny>center</aligny>
						<font>METF_PlotTextSmall</font>
						<textcolor>LowerText</textcolor>
						<label>f/$INFO[ListItem.PictureAperture]</label>
						<visible>!String.IsEmpty(ListItem.PictureAperture)</visible>
					</control>
					<!-- Bullet -->
					<control type="image">
						<include>ViewDetailsBulletSmallest</include>
						<visible>![String.IsEmpty(ListItem.PictureFocalLen) + String.IsEmpty(ListItem.PictureAperture)] + !String.IsEmpty(ListItem.PictureFocusDist)</visible>
					</control>
					<control type="label">
						<width min="25" max="750">auto</width>
						<height>20</height>
						<aligny>center</aligny>
						<font>METF_PlotTextSmall</font>
						<textcolor>LowerText</textcolor>
						<label>$INFO[ListItem.PictureFocusDist]</label>
						<visible>!String.IsEmpty(ListItem.PictureFocusDist)</visible>
					</control>
					<visible>!String.IsEmpty(ListItem.PictureFocalLen) | !String.IsEmpty(ListItem.PictureAperture) | !String.IsEmpty(ListItem.PictureFocusDist)</visible>
				</control>
				<!-- Exposure -->
				<control type="label">
					<width>750</width>
					<height>20</height>
					<align>center</align>
					<aligny>center</aligny>
					<font>METF_PlotTextSmall</font>
					<textcolor>LowerText</textcolor>
					<label>$INFO[ListItem.PictureExpTime] @ $LOCALIZE[21837] $INFO[ListItem.PictureISO]</label>
					<visible>!String.IsEmpty(ListItem.PictureExpTime) + !String.IsEmpty(ListItem.PictureISO)</visible>
				</control>
			</control>
		</control>
	</include>

	<!-- Info detail lines for Views -->
	<include name="ViewDetailsGenreYearDurEpsUnwatched">
		<!-- Genre -->
		<control type="label">
			<width min="25" max="340">auto</width>
			<height>30</height>
			<aligny>center</aligny>
			<font>METF_MediaDetailsSmall</font>
			<textcolor>MediaDetailsGenre</textcolor>
			<label>$INFO[ListItem.Genre]</label>
			<visible>!String.IsEmpty(ListItem.Genre)</visible>
		</control>
		<!-- Bullet -->
		<control type="image">
			<include>ViewDetailsBullet</include>
			<visible>![String.IsEmpty(ListItem.Genre) | String.IsEmpty(ListItem.Year)]</visible>
		</control>
		<!-- Year -->
		<control type="label">
			<width min="25" max="1200">auto</width>
			<height>30</height>
			<aligny>center</aligny>
			<font>METF_MediaDetailsSmall</font>
			<textcolor>MediaDetailsYear</textcolor>
			<label>$INFO[ListItem.Year]</label>
			<visible>!String.IsEmpty(ListItem.Year) + !Container.Content(episodes)</visible>
		</control>
		<!-- Episode aired date -->
		<control type="label">
			<width min="25" max="1200">auto</width>
			<height>30</height>
			<aligny>center</aligny>
			<font>METF_MediaDetailsSmall</font>
			<textcolor>MediaDetailsYear</textcolor>
			<label>$LOCALIZE[20416] $INFO[ListItem.Premiered]</label>
			<visible>!String.IsEmpty(ListItem.Premiered) + Container.Content(episodes)</visible>
		</control>
		<!-- Bullet -->
		<control type="image">
			<include>ViewDetailsBullet</include>
			<visible>![String.IsEmpty(ListItem.Year) | String.IsEmpty(ListItem.Duration)] | [![String.IsEmpty(ListItem.Year) | String.IsEmpty(ListItem.Property(TotalEpisodes))] + [Container.Content(tvshows) | Container.Content(seasons)]] | [![String.IsEmpty(ListItem.Premiered) | String.IsEmpty(ListItem.Property(TotalEpisodes))] + Container.Content(episodes)] | [String.IsEmpty(ListItem.Year) + !String.IsEmpty(ListItem.Genre) + !String.IsEmpty(ListItem.Duration)]</visible>
		</control>
		<!-- Duration -->
		<control type="label">
			<width min="25" max="1200">auto</width>
			<height>30</height>
			<aligny>center</aligny>
			<font>METF_MediaDetailsSmall</font>
			<textcolor>MediaDetailsDuration</textcolor>
			<label>$INFO[ListItem.Duration]</label>
			<visible>!String.IsEmpty(ListItem.Duration) + ![Container.Content(tvshows) | Container.Content(seasons)]</visible>
		</control>
		<!-- Bullet -->
		<control type="image">
			<include>ViewDetailsBullet</include>
			<visible>![String.IsEmpty(ListItem.Duration) | String.IsEmpty(ListItem.Property(TotalEpisodes))] + ![Container.Content(tvshows) | Container.Content(seasons)]</visible>
		</control>
		<!-- Episode Count -->
		<control type="label">
			<width min="25" max="1200">auto</width>
			<height>30</height>
			<aligny>center</aligny>
			<font>METF_MediaDetailsSmall</font>
			<textcolor>MediaDetailsEpisodes</textcolor>
			<label>$INFO[ListItem.Property(TotalEpisodes)] $LOCALIZE[20360]</label>
			<visible>!String.IsEmpty(ListItem.Property(TotalEpisodes)) + [Container.Content(tvshows) | Container.Content(seasons)]</visible>
		</control>
		<!-- Bullet -->
		<control type="image">
			<include>ViewDetailsBullet</include>
			<visible>!String.IsEmpty(ListItem.Property(TotalEpisodes)) + [Container.Content(tvshows) | Container.Content(seasons)]</visible>
		</control>
		<!-- Unwatched Episode Count -->
		<control type="label">
			<width min="25" max="1200">auto</width>
			<height>30</height>
			<aligny>center</aligny>
			<font>METF_MediaDetailsSmall</font>
			<textcolor>MediaDetailsEpisodes</textcolor>
			<label>$INFO[ListItem.Property(UnWatchedEpisodes)] $LOCALIZE[16101]</label>
			<visible>!String.IsEmpty(ListItem.Property(TotalEpisodes)) + [Container.Content(tvshows) | Container.Content(seasons)]</visible>
		</control>
	</include>
	<include name="ViewDetailsDurEpsUnwatched">
		<!-- Year -->
		<control type="label">
			<width min="25" max="1200">auto</width>
			<height>30</height>
			<aligny>center</aligny>
			<font>METF_MediaDetailsSmall</font>
			<textcolor>MediaDetailsYear</textcolor>
			<label>$INFO[ListItem.Year]</label>
			<visible>!String.IsEmpty(ListItem.Year)</visible>
		</control>
		<!-- Bullet -->
		<control type="image">
			<include>ViewDetailsBullet</include>
			<visible>!String.IsEmpty(ListItem.Year) | [![String.IsEmpty(ListItem.Year) | String.IsEmpty(ListItem.Property(TotalEpisodes))] + [Container.Content(tvshows) | Container.Content(seasons)]] | [String.IsEmpty(ListItem.Year) + !String.IsEmpty(ListItem.Duration)]</visible>
		</control>
		<!-- Duration -->
		<control type="label">
			<width min="25" max="1200">auto</width>
			<height>30</height>
			<aligny>center</aligny>
			<font>METF_MediaDetailsSmall</font>
			<textcolor>MediaDetailsDuration</textcolor>
			<label>$INFO[ListItem.Duration]</label>
			<visible>!String.IsEmpty(ListItem.Duration) + ![Container.Content(tvshows) | Container.Content(seasons)]</visible>
		</control>
		<!-- Bullet -->
		<control type="image">
			<include>ViewDetailsBullet</include>
			<visible>![String.IsEmpty(ListItem.Duration) | String.IsEmpty(ListItem.Property(TotalEpisodes))] + ![Container.Content(tvshows) | Container.Content(seasons)]</visible>
		</control>
		<!-- Episode Count -->
		<control type="label">
			<width min="25" max="1200">auto</width>
			<height>30</height>
			<aligny>center</aligny>
			<font>METF_MediaDetailsSmall</font>
			<textcolor>MediaDetailsEpisodes</textcolor>
			<label>$INFO[ListItem.Property(TotalEpisodes)] $LOCALIZE[20360]</label>
			<visible>!String.IsEmpty(ListItem.Property(TotalEpisodes)) + [Container.Content(tvshows) | Container.Content(seasons)]</visible>
		</control>
		<!-- Bullet -->
		<control type="image">
			<include>ViewDetailsBullet</include>
			<visible>!String.IsEmpty(ListItem.Property(TotalEpisodes)) + [Container.Content(tvshows) | Container.Content(seasons)]</visible>
		</control>
		<!-- Unwatched Episode Count -->
		<control type="label">
			<width min="25" max="1200">auto</width>
			<height>30</height>
			<aligny>center</aligny>
			<font>METF_MediaDetailsSmall</font>
			<textcolor>MediaDetailsEpisodes</textcolor>
			<label>$INFO[ListItem.Property(UnWatchedEpisodes)] $LOCALIZE[16101]</label>
			<visible>!String.IsEmpty(ListItem.Property(TotalEpisodes)) + [Container.Content(tvshows) | Container.Content(seasons)]</visible>
		</control>
	</include>
	<include name="ViewDetailsOneLineJustified">
		<!-- Year -->
		<control type="label">
			<width min="25" max="300">auto</width>
			<height>27</height>
			<font>METF_MediaDetails</font>
			<textcolor>MediaDetailsYear</textcolor>
			<label>$INFO[ListItem.Year]</label>
			<visible>!String.IsEmpty(ListItem.Year) + [Container.Content(tvshows) | Container.Content(seasons) | Container.Content(movies) | Container.Content(musicvideos) | Container.Content(albums) | Container.Content(songs)]</visible>
		</control>
		<!-- Bullet -->
		<control type="image">
			<include>ViewDetailsBullet</include>
			<visible>![String.IsEmpty(ListItem.Year) | String.IsEmpty(ListItem.Duration)] + [Container.Content(movies) | Container.Content(musicvideos) | Container.Content(albums) | Container.Content(songs)]</visible>
		</control>
		<!-- Duration -->
		<control type="label">
			<width min="25" max="300">auto</width>
			<height>27</height>
			<font>METF_MediaDetails</font>
			<textcolor>MediaDetailsDuration</textcolor>
			<label>$INFO[ListItem.Duration]</label>
			<visible>!String.IsEmpty(ListItem.Duration) + [Container.Content(movies) | Container.Content(episodes) | Container.Content(musicvideos) | Container.Content(albums) | Container.Content(songs)]</visible>
		</control>
		<!-- Bullet -->
		<control type="image">
			<include>ViewDetailsBullet</include>
			<visible>!String.IsEmpty(ListItem.Year) + [Container.Content(tvshows) | [Container.Content(seasons) + !Control.IsVisible(905)]]</visible>
		</control>
		<!-- TV Shows - Number of Episodes -->
		<control type="label">
			<width min="25" max="300">auto</width>
			<height>27</height>
			<font>METF_MediaDetails</font>
			<textcolor>MediaDetailsEpisodes</textcolor>
			<label>$INFO[ListItem.Property(UnWatchedEpisodes)] $LOCALIZE[16101]</label>
			<visible>!String.IsEmpty(ListItem.Property(UnWatchedEpisodes)) + [Container.Content(tvshows) | [Container.Content(seasons) + !Control.IsVisible(905)]]</visible>
		</control>
	</include>
	<include name="ViewDetailsYearDurEps">
		<!-- Year -->
		<control type="label">
			<width min="25" max="260">auto</width>
			<height>30</height>
			<aligny>center</aligny>
			<font>METF_MediaDetailsSmall</font>
			<textcolor>MediaDetailsYear</textcolor>
			<label>$INFO[ListItem.Year]</label>
			<visible>!String.IsEmpty(ListItem.Year)</visible>
		</control>
		<!-- Bullet -->
		<control type="image">
			<include>ViewDetailsBullet</include>
			<visible>![String.IsEmpty(ListItem.Year) | String.IsEmpty(ListItem.Duration)] | [![String.IsEmpty(ListItem.Year) | String.IsEmpty(ListItem.Property(TotalEpisodes))] + [Container.Content(tvshows) | Container.Content(seasons)]]</visible>
		</control>
		<!-- Duration -->
		<control type="label">
			<width min="25" max="260">auto</width>
			<height>30</height>
			<aligny>center</aligny>
			<font>METF_MediaDetailsSmall</font>
			<textcolor>MediaDetailsDuration</textcolor>
			<label>$INFO[ListItem.Duration]</label>
			<visible>!String.IsEmpty(ListItem.Duration) + ![Container.Content(tvshows) | Container.Content(seasons)]</visible>
		</control>
		<!-- Bullet -->
		<control type="image">
			<include>ViewDetailsBullet</include>
			<visible>![String.IsEmpty(ListItem.Duration) | String.IsEmpty(ListItem.Property(NumEpisodes))] + ![Container.Content(tvshows) | Container.Content(seasons)]</visible>
		</control>
		<!-- Episode Count -->
		<control type="label">
			<width min="25" max="260">auto</width>
			<height>30</height>
			<aligny>center</aligny>
			<font>METF_MediaDetailsSmall</font>
			<textcolor>MediaDetailsEpisodes</textcolor>
			<label>$INFO[ListItem.Property(NumEpisodes)] $LOCALIZE[20360]</label>
			<visible>!String.IsEmpty(ListItem.Property(NumEpisodes)) + [Container.Content(tvshows) | Container.Content(seasons)]</visible>
		</control>
	</include>
	<include name="ViewDetailsYearDurEpsUnwatched">
		<!-- Year -->
		<control type="label">
			<width min="25" max="1200">auto</width>
			<height>30</height>
			<aligny>center</aligny>
			<font>METF_MediaDetailsSmall</font>
			<textcolor>MediaDetailsYear</textcolor>
			<label>$INFO[ListItem.Year]</label>
			<visible>!String.IsEmpty(ListItem.Year) + !Container.Content(episodes)</visible>
		</control>
		<!-- Bullet -->
		<control type="image">
			<include>ViewDetailsBullet</include>
			<visible>!Container.Content(episodes) + [![String.IsEmpty(ListItem.Year) | String.IsEmpty(ListItem.Duration)] | [![String.IsEmpty(ListItem.Year) | String.IsEmpty(ListItem.Property(TotalEpisodes))] + [Container.Content(tvshows) | Container.Content(seasons)]]]</visible>
		</control>
		<!-- Duration -->
		<control type="label">
			<width min="25" max="1200">auto</width>
			<height>30</height>
			<aligny>center</aligny>
			<font>METF_MediaDetailsSmall</font>
			<textcolor>MediaDetailsDuration</textcolor>
			<label>$INFO[ListItem.Duration]</label>
			<visible>!String.IsEmpty(ListItem.Duration) + ![Container.Content(tvshows) | Container.Content(seasons)]</visible>
		</control>
		<!-- Bullet -->
		<control type="image">
			<include>ViewDetailsBullet</include>
			<visible>![String.IsEmpty(ListItem.Duration) | String.IsEmpty(ListItem.Property(TotalEpisodes))] + ![Container.Content(tvshows) | Container.Content(seasons)]</visible>
		</control>
		<!-- Episode Count -->
		<control type="label">
			<width min="25" max="1200">auto</width>
			<height>30</height>
			<aligny>center</aligny>
			<font>METF_MediaDetailsSmall</font>
			<textcolor>MediaDetailsEpisodes</textcolor>
			<label>$INFO[ListItem.Property(TotalEpisodes)] $LOCALIZE[20360]</label>
			<visible>!String.IsEmpty(ListItem.Property(TotalEpisodes)) + [Container.Content(tvshows) | Container.Content(seasons)]</visible>
		</control>
		<!-- Bullet -->
		<control type="image">
			<include>ViewDetailsBullet</include>
			<visible>!String.IsEmpty(ListItem.Property(TotalEpisodes)) + [Container.Content(seasons) | Container.Content(tvshows)]</visible>
		</control>
		<!-- Unwatched Episode Count -->
		<control type="label">
			<width min="25" max="1200">auto</width>
			<height>30</height>
			<aligny>center</aligny>
			<font>METF_MediaDetailsSmall</font>
			<textcolor>MediaDetailsEpisodes</textcolor>
			<label>$INFO[ListItem.Property(UnWatchedEpisodes)] $LOCALIZE[16101]</label>
			<visible>!String.IsEmpty(ListItem.Property(TotalEpisodes)) + [Container.Content(seasons) | Container.Content(tvshows)]</visible>
		</control>
	</include>


	<!-- Video Info Screen Buttons and Text -->
	<include name="VideoInfoButton">
		<label></label>
		<altlabel></altlabel>
		<height>60</height>
		<width>60</width>
		<align>center</align>
		<aligny>center</aligny>
		<font></font>
		<textcolor></textcolor>
		<disabledcolor></disabledcolor>
		<focusedcolor></focusedcolor>
		<selectedcolor></selectedcolor>
		<pulseonselect>false</pulseonselect>
	</include>
	<include name="VideoInfoButtonLabel">
		<posx>352</posx>
		<posy>616</posy>
		<width>515</width>
		<height>30</height>
		<font>METF_Button</font>
		<textcolor>LowerText</textcolor>
		<align>center</align>
		<aligny>center</aligny>
	</include>

	<include name="Object_InfoLines">
		<control type="group">
			<posx>0</posx>
			<posy>0</posy>
			<include>Animation_CommonFade</include>
			<include>Animation_FadedByMenu</include>
			<visible>Window.IsActive(movieinformation) | Window.IsActive(musicinformation) | Window.IsActive(songinformation)</visible>
			<control type="image">
				<posx>27</posx>
				<posy>55</posy>
				<width>1226</width>
				<height>2</height>
				<texture>VideoInfoLine.png</texture>
				<colordiffuse>InfoLines</colordiffuse>
			</control>
			<control type="image">
				<posx>27</posx>
				<posy>91</posy>
				<width>856</width>
				<height>2</height>
				<texture>VideoInfoLine2.png</texture>
				<colordiffuse>InfoLines</colordiffuse>
			</control>
			<control type="image">
				<posx>336</posx>
				<posy>130</posy>
				<width>547</width>
				<height>2</height>
				<texture>VideoInfoLine3.png</texture>
				<colordiffuse>InfoLines</colordiffuse>
			</control>
			<control type="image">
				<posx>336</posx>
				<posy>484</posy>
				<width>547</width>
				<height>2</height>
				<texture>VideoInfoLine3.png</texture>
				<colordiffuse>InfoLines</colordiffuse>
			</control>
			<control type="image">
				<posx>884</posx>
				<posy>283</posy>
				<width>375</width>
				<height>2</height>
				<texture flipx="true">VideoInfoLine2.png</texture>
				<colordiffuse>InfoLines</colordiffuse>
			</control>
			<control type="image">
				<posx>335</posx>
				<posy>92</posy>
				<width>2</width>
				<height>445</height>
				<texture>VideoInfoLineV2.png</texture>
				<colordiffuse>InfoLines</colordiffuse>
			</control>
			<control type="image">
				<posx>883</posx>
				<posy>57</posy>
				<width>2</width>
				<height>478</height>
				<texture>VideoInfoLineV2.png</texture>
				<colordiffuse>InfoLines</colordiffuse>
			</control>
		</control>
	</include>

	<!-- Login Screen Buttons and Text -->
	<include name="LoginButton">
		<onup>52</onup>
		<ondown>52</ondown>
		<height>60</height>
		<width>60</width>
		<align>center</align>
		<aligny>center</aligny>
		<textoffsetx>20</textoffsetx>
		<font>METF_Button</font>
		<textcolor>ButtonText</textcolor>
		<disabledcolor></disabledcolor>
		<focusedcolor></focusedcolor>
		<selectedcolor></selectedcolor>
		<pulseonselect>false</pulseonselect>
	</include>
	<include name="LoginButtonLabel">
		<posx>505</posx>
		<posy>600</posy>
		<width>270</width>
		<height>30</height>
		<font>METF_Button</font>
		<textcolor>ButtonText</textcolor>
		<align>center</align>
		<aligny>center</aligny>
	</include>

	<!-- Debug objects -->
	<include name="Object_DebugGrid">
		<control type="image">
			<include>Dimensions_Fullscreen</include>
			<texture>DebugGrid.png</texture>
		</control>
	</include>

	<!-- Settings Headings -->
	<include name="Setting_Heading">
		<control type="group">
			<posx>30</posx>
			<posy>10</posy>
			<include>Animation_OpenCloseFade</include>
			<include>Animation_FadedByMenu</include>
			<control type="label">
				<description>Settings</description>
				<label>$LOCALIZE[5]</label>
				<include>Global_HeadingSectionVars</include>
			</control>
			<control type="button" id="20">
				<description>Settings Level</description>
				<include>Global_HeadingLevelVars</include>
				<label>10037</label>
				<focusedcolor>DialogTextFO</focusedcolor>
				<onleft>3</onleft>
				<onright>3</onright>
				<onup>3</onup>
				<ondown>3</ondown>
				<onclick>SettingsLevelChange</onclick>
			</control>
			<control type="label">
				<description>Settings</description>
				<label>$LOCALIZE[33061]</label>
				<include>Global_HeadingDetailVars</include>
				<visible>Window.IsActive(settings)</visible>
			</control>
			<control type="label">
				<description>Skin Settings</description>
				<label>$LOCALIZE[31011]</label>
				<include>Global_HeadingDetailVars</include>
				<visible>Window.IsActive(56)</visible>
			</control>
			<control type="label">
				<description>System Settings</description>
				<label>$LOCALIZE[13000]</label>
				<include>Global_HeadingDetailVars</include>
				<visible>Window.IsActive(systemsettings)</visible>
			</control>
			<control type="label">
				<description>Service Settings</description>
				<label>$LOCALIZE[31468]</label>
				<include>Global_HeadingDetailVars</include>
				<visible>Window.IsActive(servicesettings)</visible>
			</control>
			<control type="label">
				<description>Interface Settings</description>
				<label>$LOCALIZE[14206]</label>
				<include>Global_HeadingDetailVars</include>
				<visible>Window.IsActive(interfacesettings)</visible>
			</control>
			<control type="label">
				<description>Player Settings</description>
				<label>$LOCALIZE[14200]</label>
				<include>Global_HeadingDetailVars</include>
				<visible>Window.IsActive(playersettings)</visible>
			</control>
			<control type="label">
				<description>Media Settings</description>
				<label>$LOCALIZE[14211]</label>
				<include>Global_HeadingDetailVars</include>
				<visible>Window.IsActive(mediasettings)</visible>
			</control>
			<control type="label">
				<description>Live TV Settings</description>
				<label>$LOCALIZE[32022]</label>
				<include>Global_HeadingDetailVars</include>
				<visible>Window.IsActive(pvrsettings)</visible>
			</control>
			<control type="label">
				<description>Profiles</description>
				<label>$LOCALIZE[13200]</label>
				<include>Global_HeadingDetailVars</include>
				<visible>Window.IsActive(profiles)</visible>
			</control>
		</control>
	</include>
	<!-- Settings objects -->
	<include name="SettingsHeadingVars">
		<posx>300</posx>
		<width>600</width>
		<align>center</align>
		<font>METF_SettingsHeading</font>
		<textcolor>SettingsHeading</textcolor>
	</include>
	<include name="SettingsDetailVars">
		<posx>300</posx>
		<posy>60</posy>
		<width>600</width>
		<align>center</align>
		<font>METF_SettingsDetail</font>
		<textcolor>LowerText</textcolor>
		<wrapmultiline>true</wrapmultiline>
	</include>
	<include name="SettingsLabelLeft">
		<width>380</width>
		<height>38</height>
		<align>right</align>
		<aligny>center</aligny>
		<textoffsetx>20</textoffsetx>
		<radiowidth>55</radiowidth>
		<radioheight>55</radioheight>
		<texturefocus>ButtonFO.png</texturefocus>
		<texturenofocus></texturenofocus>
		<textureradioonfocus>buttons/button_radio_on.png</textureradioonfocus>
		<textureradioonnofocus>buttons/button_radio_on.png</textureradioonnofocus>
		<textureradioofffocus>buttons/button_radio_off.png</textureradioofffocus>
		<textureradiooffnofocus>buttons/button_radio_off.png</textureradiooffnofocus>
		<textureradioondisabled colordiffuse="40FFFFFF">buttons/button_radio_on.png</textureradioondisabled>
		<textureradiooffdisabled colordiffuse="40FFFFFF">buttons/button_radio_off.png</textureradiooffdisabled>
		<textureup>ArrowUpNF.png</textureup>
		<texturedown>ArrowDownNF.png</texturedown>
		<textureupfocus>ArrowUpFO.png</textureupfocus>
		<texturedownfocus>ArrowDownFO.png</texturedownfocus>
		<font>METF_TitleTextMedium</font>
		<textcolor>SettingsDetail</textcolor>
		<focusedcolor>DialogTextFO</focusedcolor>
		<selectedcolor>TextFO</selectedcolor>
		<disabledcolor>TextDisabled</disabledcolor>
		<pulseonselect>false</pulseonselect>
	</include>
	<include name="SettingsLabelLeftIcon">
		<width>380</width>
		<height>38</height>
		<align>right</align>
		<aligny>center</aligny>
		<textoffsetx>58</textoffsetx>
		<radiowidth>55</radiowidth>
		<radioheight>55</radioheight>
		<texturefocus>ButtonFO.png</texturefocus>
		<texturenofocus></texturenofocus>
		<textureradioonfocus>buttons/button_radio_on.png</textureradioonfocus>
		<textureradioonnofocus>buttons/button_radio_on.png</textureradioonnofocus>
		<textureradioofffocus>buttons/button_radio_off.png</textureradioofffocus>
		<textureradiooffnofocus>buttons/button_radio_off.png</textureradiooffnofocus>
		<textureradioondisabled colordiffuse="40FFFFFF">buttons/button_radio_on.png</textureradioondisabled>
		<textureradiooffdisabled colordiffuse="40FFFFFF">buttons/button_radio_off.png</textureradiooffdisabled>
		<textureup>ArrowUpNF.png</textureup>
		<texturedown>ArrowDownNF.png</texturedown>
		<textureupfocus>ArrowUpFO.png</textureupfocus>
		<texturedownfocus>ArrowDownFO.png</texturedownfocus>
		<font>METF_TitleTextMedium</font>
		<textcolor>SettingsDetail</textcolor>
		<focusedcolor>DialogTextFO</focusedcolor>
		<selectedcolor>TextFO</selectedcolor>
		<disabledcolor>TextDisabled</disabledcolor>
		<pulseonselect>false</pulseonselect>
	</include>
	<include name="SettingsLabel">
		<width>840</width>
		<height>38</height>
		<textoffsetx>20</textoffsetx>
		<align>left</align>
		<aligny>center</aligny>
		<spinwidth>34</spinwidth>
		<spinheight>34</spinheight>
		<radiowidth>55</radiowidth>
		<radioheight>55</radioheight>
		<texturefocus>ButtonFO.png</texturefocus>
		<texturenofocus></texturenofocus>
		<textureradioonfocus>buttons/button_radio_on.png</textureradioonfocus>
		<textureradioonnofocus>buttons/button_radio_on.png</textureradioonnofocus>
		<textureradioofffocus>buttons/button_radio_off.png</textureradioofffocus>
		<textureradiooffnofocus>buttons/button_radio_off.png</textureradiooffnofocus>
		<textureradioondisabled colordiffuse="40FFFFFF">buttons/button_radio_on.png</textureradioondisabled>
		<textureradiooffdisabled colordiffuse="40FFFFFF">buttons/button_radio_off.png</textureradiooffdisabled>
		<textureup>ArrowUpNF.png</textureup>
		<texturedown>ArrowDownNF.png</texturedown>
		<textureupfocus>ArrowUpFO.png</textureupfocus>
		<texturedownfocus>ArrowDownFO.png</texturedownfocus>
		<font>METF_ContextValue</font>
		<textcolor>SettingsDetail</textcolor>
		<focusedcolor>ButtonText</focusedcolor>
		<selectedcolor>TextFO</selectedcolor>
		<disabledcolor>TextDisabled</disabledcolor>
		<pulseonselect>false</pulseonselect>
	</include>
	<include name="SettingsHeaderLabel">
		<width>840</width>
		<height>38</height>
		<textoffsetx>0</textoffsetx>
		<align>left</align>
		<aligny>center</aligny>
		<font>METF_TitleTextMedium</font>
		<textcolor>SettingsDetail</textcolor>
	</include>
	<include name="Settings_Line">
		<height>8</height>
		<width>840</width>
		<texture border="2">SettingsLine.png</texture>
		<colordiffuse>SettingsLine</colordiffuse>
	</include>

	<!-- Shutdown Menu Buttons -->
	<include name="SettingsShutdownMenu">
		<width>340</width>
		<height>35</height>
		<align>center</align>
		<aligny>center</aligny>
		<spinwidth>34</spinwidth>
		<spinheight>34</spinheight>
		<radiowidth>55</radiowidth>
		<radioheight>55</radioheight>
		<texturefocus border="1">ButtonFO2Wide.png</texturefocus>
		<textureradioonfocus>buttons/button_radio_on.png</textureradioonfocus>
		<textureradioonnofocus>buttons/button_radio_on.png</textureradioonnofocus>
		<textureradioofffocus>buttons/button_radio_off.png</textureradioofffocus>
		<textureradiooffnofocus>buttons/button_radio_off.png</textureradiooffnofocus>
		<textureradioondisabled colordiffuse="40FFFFFF">buttons/button_radio_on.png</textureradioondisabled>
		<textureradiooffdisabled colordiffuse="40FFFFFF">buttons/button_radio_off.png</textureradiooffdisabled>
		<textureup>ArrowUpNF.png</textureup>
		<texturedown>ArrowDownNF.png</texturedown>
		<textureupfocus>ArrowUpFO.png</textureupfocus>
		<texturedownfocus>ArrowDownFO.png</texturedownfocus>
		<font>METF_Menu</font>
		<textcolor>TextNF</textcolor>
		<focusedcolor>DialogTextFO</focusedcolor>
		<disabledcolor>TextDisabled</disabledcolor>
		<pulseonselect>false</pulseonselect>
	</include>

	<!-- Nav Menus -->
	<include name="NavMenuCommon">
		<posx>470</posx>
		<posy>120</posy>
		<width>340</width>
		<height>548</height>
		<itemgap>2</itemgap>
		<onup>7000</onup>
		<ondown>7000</ondown>
		<orientation>vertical</orientation>
		<visible allowhiddenfocus="true">ControlGroup(7000).HasFocus</visible>
	</include>
	<include name="NavMenuListCommon">
		<control type="button" id="2">
			<description>View</description>
			<width>340</width>
			<height>40</height>
			<align>left</align>
			<aligny>center</aligny>
			<font>METF_DialogLarge</font>
			<label></label>
			<textoffsetx>20</textoffsetx>
			<textcolor>TextNF</textcolor>
			<focusedcolor>DialogTextFO</focusedcolor>
			<disabledcolor>TextDisabled</disabledcolor>
			<texturefocus>ButtonFO2Wide.png</texturefocus>
			<texturenofocus></texturenofocus>
			<pulseonselect>false</pulseonselect>
		</control>
		<control type="button" id="3">
			<description>Sort by</description>
			<width>340</width>
			<height>40</height>
			<align>left</align>
			<aligny>center</aligny>
			<font>METF_DialogLarge</font>
			<label></label>
			<textoffsetx>20</textoffsetx>
			<textcolor>TextNF</textcolor>
			<focusedcolor>DialogTextFO</focusedcolor>
			<disabledcolor>TextDisabled</disabledcolor>
			<texturefocus>ButtonFO2Wide.png</texturefocus>
			<texturenofocus></texturenofocus>
			<pulseonselect>false</pulseonselect>
		</control>
	</include>
	<include name="NavMenuListOrder">
		<control type="togglebutton" id="4">
			<description>Order by</description>
			<width>340</width>
			<height>40</height>
			<align>left</align>
			<label>584</label>
			<altlabel>585</altlabel>
			<textoffsetx>20</textoffsetx>
			<font>METF_DialogLarge</font>
			<textcolor>TextNF</textcolor>
			<focusedcolor>DialogTextFO</focusedcolor>
			<disabledcolor>TextDisabled</disabledcolor>
			<texturefocus>ButtonFO2Wide.png</texturefocus>
			<texturenofocus></texturenofocus>
			<alttexturenofocus border="2"></alttexturenofocus>
			<alttexturefocus border="5">ButtonFO2.png</alttexturefocus>
			<aligny>center</aligny>
			<pulseonselect>false</pulseonselect>
		</control>
	</include>
	<include name="NavMenuListFilter">
		<control type="edit" id="19">
			<description>Filter</description>
			<width>340</width>
			<height>40</height>
			<align>left</align>
			<aligny>center</aligny>
			<label>587</label>
			<font>METF_DialogLarge</font>
			<textoffsetx>20</textoffsetx>
			<textcolor>TextNF</textcolor>
			<focusedcolor>DialogTextFO</focusedcolor>
			<disabledcolor>TextDisabled</disabledcolor>
			<texturefocus>ButtonFO2Wide.png</texturefocus>
			<texturenofocus></texturenofocus>
			<visible>[Container.CanFilterAdvanced + Skin.HasSetting(SimpleMediaFilter)] | Container.CanFilter</visible>
		</control>
		<control type="radiobutton" id="98">
			<description>Advanced Filter</description>
			<width>340</width>
			<align>left</align>
			<aligny>center</aligny>
			<label>587</label>
			<font>METF_DialogLarge</font>
			<textoffsetx>20</textoffsetx>
			<textcolor>TextNF</textcolor>
			<focusedcolor>DialogTextFO</focusedcolor>
			<disabledcolor>TextDisabled</disabledcolor>
			<texturefocus>ButtonFO2Wide.png</texturefocus>
			<texturenofocus></texturenofocus>
			<selected>Container.Filtered</selected>
			<onclick>right</onclick>
			<onclick>Filter</onclick>
			<visible>Container.CanFilterAdvanced + !Skin.HasSetting(SimpleMediaFilter)</visible>
		</control>
	</include>
	<include name="NavMenuListSearch">
		<control type="button" id="8">
			<description>Search</description>
			<width>340</width>
			<height>40</height>
			<align>left</align>
			<aligny>center</aligny>
			<font>METF_DialogLarge</font>
			<label>137</label>
			<textoffsetx>20</textoffsetx>
			<textcolor>TextNF</textcolor>
			<focusedcolor>DialogTextFO</focusedcolor>
			<disabledcolor>TextDisabled</disabledcolor>
			<texturefocus>ButtonFO2Wide.png</texturefocus>
			<texturenofocus></texturenofocus>
			<pulseonselect>false</pulseonselect>
		</control>
	</include>
	<include name="NavMenuListPartyMode">
		<control type="radiobutton" id="16">
			<description>PartyMode</description>
			<width>340</width>
			<align>left</align>
			<aligny>center</aligny>
			<font>METF_DialogLarge</font>
			<label>589</label>
			<textoffsetx>20</textoffsetx>
			<textcolor>TextNF</textcolor>
			<focusedcolor>DialogTextFO</focusedcolor>
			<disabledcolor>TextDisabled</disabledcolor>
			<texturefocus>ButtonFO2Wide.png</texturefocus>
			<texturenofocus></texturenofocus>
		</control>
	</include>
	<include name="NavMenuListPlaying">
	       <control type="button" id="612">
		       <description>Current Playlist</description>
		       <width>340</width>
		       <height>40</height>
		       <align>left</align>
		       <aligny>center</aligny>
		       <font>METF_DialogLarge</font>
		       <label>$LOCALIZE[13350]</label>
		       <textoffsetx>20</textoffsetx>
		       <textcolor>TextNF</textcolor>
		       <focusedcolor>DialogTextFO</focusedcolor>
		       <disabledcolor>TextDisabled</disabledcolor>
		       <texturefocus>ButtonFO2Wide.png</texturefocus>
		       <texturenofocus></texturenofocus>
		       <pulseonselect>false</pulseonselect>
		       <onclick>right</onclick>
		       <onclick>$VAR[GoPlaylist]</onclick>
		       <visible>[Window.IsActive(videos) + !String.IsEqual(Playlist.Length(video),0)] | [Window.IsActive(music) + !String.IsEqual(Playlist.Length(music),0)]</visible>
		       <visible>!Window.IsVisible(MusicPlaylist) + !Window.IsVisible(VideoPlaylist)</visible>
	       </control>
	       <control type="button" id="611">
		       <description>Fullscreen</description>
		       <width>340</width>
		       <height>40</height>
		       <align>left</align>
		       <aligny>center</aligny>
		       <font>METF_DialogLarge</font>
		       <label>$LOCALIZE[31446]</label>
		       <textoffsetx>20</textoffsetx>
		       <textcolor>TextNF</textcolor>
		       <focusedcolor>DialogTextFO</focusedcolor>
		       <disabledcolor>TextDisabled</disabledcolor>
		       <texturefocus>ButtonFO2Wide.png</texturefocus>
		       <texturenofocus></texturenofocus>
		       <pulseonselect>false</pulseonselect>
		       <onclick>right</onclick>
		       <onclick>fullscreen</onclick>
		       <visible>Player.HasMedia</visible>
	       </control>
	</include>

	<!-- Onscreen Displays -->
	<include name="OSD_Progress_Bar">
		<control type="group">
			<include>Animation_CommonFade</include>
			<include>Animation_FadedByOSDSettings</include>
			<control type="image">
				<posx>0</posx>
				<posy>545</posy>
				<width>1280</width>
				<height>175</height>
				<texture>osd/osd_dialog_bg.png</texture>
				<colordiffuse>OSDBackgroundColor</colordiffuse>
			</control>
			<control type="progress" id="23">
				<description>Progressbar</description>
				<posx>30</posx>
				<posy>572</posy>
				<width>1220</width>
				<height>18</height>
				<info>Player.Progress</info>
				<reveal>true</reveal>
				<texturebg>osd/osd_progress_back.png</texturebg>
				<lefttexture>osd/osd_progress_left.png</lefttexture>
				<midtexture>osd/osd_progress_mid.png</midtexture>
				<righttexture>osd/osd_progress_right.png</righttexture>
				<colordiffuse>OSDProgressBar</colordiffuse>
				<overlaytexture></overlaytexture>
			</control>
			<control type="slider" id="87">
				<description>Seek Slider</description>
				<posx>30</posx>
				<posy>572</posy>
				<width>1220</width>
				<height>18</height>
				<action>seek</action>
				<visible>![Window.IsVisible(SliderDialog)]</visible>
			</control>
		</control>
	</include>
	<include name="OSD_Progress_Bar2">
		<control type="group">
			<include>Animation_CommonFade</include>
			<include>Animation_FadedByOSDSettings</include>
			<include condition="String.IsEqual(Skin.String(OSDFade),Complete) + String.IsEqual(Skin.String(OSDFadeTime),5)">Animation_FadeOSD5</include>
			<include condition="String.IsEqual(Skin.String(OSDFade),Complete) + String.IsEqual(Skin.String(OSDFadeTime),10)">Animation_FadeOSD10</include>
			<include condition="String.IsEqual(Skin.String(OSDFade),Complete) + String.IsEqual(Skin.String(OSDFadeTime),15)">Animation_FadeOSD15</include>
			<include condition="String.IsEqual(Skin.String(OSDFade),Complete) + String.IsEqual(Skin.String(OSDFadeTime),20)">Animation_FadeOSD20</include>
			<include condition="String.IsEqual(Skin.String(OSDFade),Complete) + String.IsEqual(Skin.String(OSDFadeTime),25)">Animation_FadeOSD25</include>
			<include condition="String.IsEqual(Skin.String(OSDFade),Complete) + String.IsEqual(Skin.String(OSDFadeTime),30)">Animation_FadeOSD30</include>
			<control type="image">
				<posx>0</posx>
				<posy>545</posy>
				<width>1280</width>
				<height>175</height>
				<texture>osd/osd_dialog_bg.png</texture>
				<colordiffuse>OSDBackgroundColor</colordiffuse>
			</control>
			<!-- FileNameAndPath -->
			<control type="label" id="1112">
				<posx>300</posx>
				<posy>632</posy>
				<width>700</width>
				<height>35</height>
				<scroll>true</scroll>
				<scrollspeed>100</scrollspeed>
				<wrapmultiline>false</wrapmultiline>
				<label>$INFO[Player.FileNameAndPath]</label>
				<font>font13</font>
				<textcolor>OSDPlayingDuration</textcolor>
			</control>
			<!-- Title -->
			<control type="fadelabel">
				<posx>300</posx>
				<posy>582</posy>
				<width>700</width>
				<height>40</height>
				<font>METF_TitleTextMedium</font>
				<textcolor>TitleText</textcolor>
				<align>left</align>
				<aligny>center</aligny>
				<scrollout>false</scrollout>
				<pauseatend>3800</pauseatend>
				<scrollspeed>40</scrollspeed>
				<scroll>true</scroll>
				<label>$VAR[VideoPlayerTitle]</label>
				<animation effect="slide" end="0,25" condition="[!VideoPlayer.Content(MusicVideos) + String.IsEmpty(VideoPlayer.Tagline) + !Integer.IsGreater(Player.ChapterCount,1)] | [VideoPlayer.Content(MusicVideos) + String.IsEmpty(VideoPlayer.Artist) + String.IsEmpty(VideoPlayer.Album)]">Conditional</animation>
			</control>
			<control type="group">
				<visible>!String.StartsWith(Player.FolderPath,http)</visible>
				<!-- TV Show Poster / Logo / Clearart -->
				<control type="image">
					<description>TV Show Thumbnail</description>
					<posx>42</posx>
					<posy>370</posy>
					<width>216</width>
					<height>318</height>
					<texture background="true">$INFO[Player.Art(tvshow.poster)]</texture>
					<aspectratio scalediffuse="false">scale</aspectratio>
					<visible>VideoPlayer.Content(Episodes) + !String.StartsWith(VideoPlayer.Cover,default) + !Skin.HasSetting(Enable_OSDClearArt)</visible>
				</control>
				<control type="image">
					<description>TV Show Thumbnail Frame</description>
					<posx>28</posx>
					<posy>350</posy>
					<width>244</width>
					<height>358</height>
					<texture>frames/ClassicFrame_PosterMedium.png</texture>
					<aspectratio>stretch</aspectratio>
					<visible>VideoPlayer.Content(Episodes) + !String.StartsWith(VideoPlayer.Cover,default) + !Skin.HasSetting(Enable_OSDClearArt)</visible>
				</control>
				<control type="image">
					<description>TV Show Clear Art/Logo</description>
					<posx>25</posx>
					<posy>450</posy>
					<width>250</width>
					<height>230</height>
					<texture background="true">$VAR[PlayerTVShowClearartClearlogo]</texture>
					<aspectratio align="center" aligny="bottom">keep</aspectratio>
					<visible>Skin.HasSetting(Enable_OSDClearArt) + VideoPlayer.Content(Episodes)</visible>
				</control>
				<!-- Movie Poster -->
				<control type="image">
					<description>Movie Poster</description>
					<posx>42</posx>
					<posy>370</posy>
					<width>216</width>
					<height>318</height>
					<texture background="true">$INFO[VideoPlayer.Cover]</texture>
					<aspectratio scalediffuse="false">scale</aspectratio>
					<visible>VideoPlayer.Content(Movies) + !String.StartsWith(VideoPlayer.Cover,default)</visible>
				</control>
				<control type="image">
					<description>Movie Poster Frame</description>
					<posx>28</posx>
					<posy>350</posy>
					<width>244</width>
					<height>358</height>
					<texture>frames/ClassicFrame_PosterMedium.png</texture>
					<aspectratio>stretch</aspectratio>
					<visible>VideoPlayer.Content(Movies) + !String.StartsWith(VideoPlayer.Cover,default)</visible>
				</control>
				<!-- Music Video Thumbnail -->
				<control type="image">
					<description>Music Video Thumbnail</description>
					<posx>25</posx>
					<posy>564</posy>
					<width>250</width>
					<height>140</height>
					<aspectratio align="right" aligny="center">keep</aspectratio>
					<bordertexture border="6">frames/thumb_border_round.png</bordertexture>
					<bordersize>6</bordersize>
					<texture diffuse="frames/EpisodeMatte.png">$INFO[VideoPlayer.Cover]</texture>
					<visible>VideoPlayer.Content(MusicVideos) + !String.StartsWith(VideoPlayer.Cover,default)</visible>
				</control>
				<!-- LiveTV Channel Icon -->
				<control type="image">
					<description>LiveTV Channel</description>
					<posx>70</posx>
					<posy>560</posy>
					<width>150</width>
					<height>150</height>
					<aspectratio aligny="bottom">keep</aspectratio>
					<info>VideoPlayer.Cover</info>
					<visible>VideoPlayer.Content(LiveTV)</visible>
				</control>
				<!-- Game Boxart Poster -->
				<control type="image">
					<description>Game Boxart Poster</description>
					<posx>42</posx>
					<posy>370</posy>
					<width>216</width>
					<height>318</height>
					<texture fallback="DefaultAddonGame.png">$INFO[Player.Filenameandpath].jpg</texture>
					<aspectratio scalediffuse="false">stretch</aspectratio>
					<visible>Window.IsActive(GameOSD)</visible>
				</control>
				<!-- Game Boxart Poster -->
				<control type="image">
					<description>Game Boxart Poster</description>
					<posx>42</posx>
					<posy>370</posy>
					<width>216</width>
					<height>318</height>
					<texture diffuse="frames/EpisodeMatte.png">$INFO[Player.Filenameandpath].png</texture>
					<aspectratio scalediffuse="false">stretch</aspectratio>
					<visible>Window.IsActive(GameOSD)</visible>
				</control>
				<control type="image">
					<description>Game Boxart Poster Frame</description>
					<posx>28</posx>
					<posy>350</posy>
					<width>244</width>
					<height>358</height>
					<texture>frames/ClassicFrame_PosterMedium.png</texture>
					<aspectratio>stretch</aspectratio>
					<visible>Window.IsActive(GameOSD)</visible>
				</control>
			</control>
			<control type="group">
				<visible>String.StartsWith(Player.FolderPath,http)</visible>
				<!-- Default Thumbnail -->
				<control type="image">
					<description>Default Thumbnail</description>
					<posx>35</posx>
					<posy>383</posy>
					<width>218</width>
					<height>310</height>
					<aspectratio align="right" aligny="bottom">keep</aspectratio>
					<bordertexture border="6">frames/thumb_border_round.png</bordertexture>
					<bordersize>6</bordersize>
					<texture diffuse="frames/EpisodeMatte.png">$INFO[VideoPlayer.Cover]</texture>
					<visible>!String.StartsWith(VideoPlayer.Cover,default)</visible>
				</control>
			</control>
		</control>
	</include>
	<include name="OSD_Progress_Bar3">
		<control type="group">
			<include>Animation_CommonFade</include>
			<include>Animation_FadedByOSDSettings</include>
			<include condition="String.IsEqual(Skin.String(OSDFade),Complete) + String.IsEqual(Skin.String(OSDFadeTime),5)">Animation_FadeOSD5</include>
			<include condition="String.IsEqual(Skin.String(OSDFade),Complete) + String.IsEqual(Skin.String(OSDFadeTime),10)">Animation_FadeOSD10</include>
			<include condition="String.IsEqual(Skin.String(OSDFade),Complete) + String.IsEqual(Skin.String(OSDFadeTime),15)">Animation_FadeOSD15</include>
			<include condition="String.IsEqual(Skin.String(OSDFade),Complete) + String.IsEqual(Skin.String(OSDFadeTime),20)">Animation_FadeOSD20</include>
			<include condition="String.IsEqual(Skin.String(OSDFade),Complete) + String.IsEqual(Skin.String(OSDFadeTime),25)">Animation_FadeOSD25</include>
			<include condition="String.IsEqual(Skin.String(OSDFade),Complete) + String.IsEqual(Skin.String(OSDFadeTime),30)">Animation_FadeOSD30</include>
			<control type="progress" id="23">
				<description>ProgressbarCache</description>
				<posx>185</posx>
				<posy>42</posy>
				<width>840</width>
				<height>15</height>
				<info>Player.ProgressCache</info>
				<reveal>true</reveal>
				<texturebg>osd/osd_progress_back.png</texturebg>
				<lefttexture>osd/osd_progress_left.png</lefttexture>
				<midtexture>osd/osd_progress_mid.png</midtexture>
				<righttexture>osd/osd_progress_right.png</righttexture>
				<colordiffuse>OSDFinishTime</colordiffuse>
			</control>
			<control type="progress" id="23">
				<description>Progressbar</description>
				<posx>185</posx>
				<posy>42</posy>
				<width>840</width>
				<height>15</height>
				<info>Player.Progress</info>
				<reveal>true</reveal>
				<texturebg>osd/osd_progress_back.png</texturebg>
				<lefttexture>osd/osd_progress_left.png</lefttexture>
				<midtexture>osd/osd_progress_mid.png</midtexture>
				<righttexture>osd/osd_progress_right.png</righttexture>
				<colordiffuse>OSDProgressBar</colordiffuse>
				<overlaytexture></overlaytexture>
			</control>
			<control type="slider" id="87">
				<description>Seek Slider</description>
				<posx>185</posx>
				<posy>42</posy>
				<width>840</width>
				<height>15</height>
				<action>seek</action>
				<visible>![Window.IsVisible(SliderDialog)]</visible>
			</control>
			<!-- Current position / Total Time -->
			<control type="label">
				<posx>185</posx>
				<posy>5</posy>
				<width>270</width>
				<height>40</height>
				<aligny>center</aligny>
				<align>left</align>
				<font>METF_OSDTime</font>
				<label>$INFO[VideoPlayer.Time] [COLOR OSDPlayingDuration]/[/COLOR] $INFO[VideoPlayer.Duration]</label>
				<textcolor>TextNF</textcolor>
			</control>
			<!-- Finish Time -->
			<control type="label">
				<posx>1020</posx>
				<posy>5</posy>
				<width>250</width>
				<height>40</height>
				<font>METF_OSDTime</font>
				<textcolor>OSDFinishTime</textcolor>
				<align>right</align>
				<aligny>center</aligny>
				<label>$LOCALIZE[31409]: $INFO[Player.FinishTime]</label>
				<visible>!VideoPlayer.Content(LiveTV) + !String.IsEmpty(Player.TimeRemaining)</visible>
			</control>
			<!-- Remaining Time -->
			<control type="label">
				<posx>780</posx>
				<posy>5</posy>
				<width>250</width>
				<height>40</height>
				<aligny>center</aligny>
				<align>right</align>
				<font>METF_OSDTime</font>
				<textcolor>OSDFinishTime</textcolor>
				<label>Remain: $INFO[Player.TimeRemaining(h:mm:ss)]</label>
				<visible>!VideoPlayer.Content(LiveTV) + !String.IsEmpty(Player.TimeRemaining)</visible>
			</control>
		</control>
	</include>
	<include name="OSD_Player_Labels">
		<posx>1255</posx>
		<posy>12</posy>
		<width>450</width>
		<height>40</height>
		<font>METF_OSDPlayerStatus</font>
		<textcolor>OSDPlayerStatusText</textcolor>
		<shadowcolor>ff000000</shadowcolor>
		<align>right</align>
		<aligny>center</aligny>
		<include>Animation_CommonFade</include>
		<include>Animation_FadedByOSDSettings</include>
	</include>
	<include name="OSD_Player_Labels_Left">
		<posx>25</posx>
		<posy>12</posy>
		<width>450</width>
		<height>40</height>
		<font>METF_OSDPlayerStatus</font>
		<textcolor>OSDPlayerStatusText</textcolor>
		<shadowcolor>ff000000</shadowcolor>
		<align>left</align>
		<aligny>center</aligny>
		<include>Animation_CommonFade</include>
		<include>Animation_FadedByOSDSettings</include>
	</include>
	<include name="OSD_Player_Time">
		<control type="label" id="0">
			<include>OSD_Player_Labels_Left</include>
			<label>$INFO[System.Time(hh:mm)]</label>
			<include>Animation_CommonFade</include>
			<include>Animation_FadedByOSDSettings</include>
			<include condition="String.IsEqual(Skin.String(OSDFade),Complete) + String.IsEqual(Skin.String(OSDFadeTime),5)">Animation_FadeOSD5</include>
			<include condition="String.IsEqual(Skin.String(OSDFade),Complete) + String.IsEqual(Skin.String(OSDFadeTime),10)">Animation_FadeOSD10</include>
			<include condition="String.IsEqual(Skin.String(OSDFade),Complete) + String.IsEqual(Skin.String(OSDFadeTime),15)">Animation_FadeOSD15</include>
			<include condition="String.IsEqual(Skin.String(OSDFade),Complete) + String.IsEqual(Skin.String(OSDFadeTime),20)">Animation_FadeOSD20</include>
			<include condition="String.IsEqual(Skin.String(OSDFade),Complete) + String.IsEqual(Skin.String(OSDFadeTime),25)">Animation_FadeOSD25</include>
			<include condition="String.IsEqual(Skin.String(OSDFade),Complete) + String.IsEqual(Skin.String(OSDFadeTime),30)">Animation_FadeOSD30</include>
		</control>
	</include>
	<include name="OSD_Player_Details">
		<control type="group">
			<include>Animation_CommonFade</include>
			<include>Animation_FadedByOSDSettings</include>
			<include condition="String.IsEqual(Skin.String(OSDFade),Complete) + String.IsEqual(Skin.String(OSDFadeTime),5)">Animation_FadeOSD5</include>
			<include condition="String.IsEqual(Skin.String(OSDFade),Complete) + String.IsEqual(Skin.String(OSDFadeTime),10)">Animation_FadeOSD10</include>
			<include condition="String.IsEqual(Skin.String(OSDFade),Complete) + String.IsEqual(Skin.String(OSDFadeTime),15)">Animation_FadeOSD15</include>
			<include condition="String.IsEqual(Skin.String(OSDFade),Complete) + String.IsEqual(Skin.String(OSDFadeTime),20)">Animation_FadeOSD20</include>
			<include condition="String.IsEqual(Skin.String(OSDFade),Complete) + String.IsEqual(Skin.String(OSDFadeTime),25)">Animation_FadeOSD25</include>
			<include condition="String.IsEqual(Skin.String(OSDFade),Complete) + String.IsEqual(Skin.String(OSDFadeTime),30)">Animation_FadeOSD30</include>

			<AAA>
				<control type="label">
					<posx>200</posx>
					<posy>100</posy>
					<label>Player.Playing: 1</label>
					<visible>Player.Playing</visible>
				</control>
				<control type="label">
					<posx>200</posx>
					<posy>150</posy>
					<label>Player.SeekBar: 1</label>
					<visible>Player.SeekBar</visible>
				</control>
				<control type="label">
					<posx>200</posx>
					<posy>200</posy>
					<label>Player.DisplayAfterSeek: 1</label>
					<visible>Player.DisplayAfterSeek</visible>
				</control>
				<control type="label">
					<posx>200</posx>
					<posy>100</posy>
					<label>Player.Playing: 0</label>
					<visible>!Player.Playing</visible>
				</control>
				<control type="label">
					<posx>200</posx>
					<posy>150</posy>
					<label>Player.SeekBar: 0</label>
					<visible>!Player.SeekBar</visible>
				</control>
				<control type="label">
					<posx>200</posx>
					<posy>200</posy>
					<label>Player.DisplayAfterSeek: 0</label>
					<visible>!Player.DisplayAfterSeek</visible>
				</control>
			</AAA>

			<control type="label">
				<include>OSD_Player_Labels</include>
				<label>[UPPERCASE]$LOCALIZE[112][/UPPERCASE]</label>
				<visible>Player.Paused</visible>
			</control>
			<control type="label">
				<include>OSD_Player_Labels</include>
				<label>[UPPERCASE]$LOCALIZE[31159][/UPPERCASE]</label>
				<visible>Player.Forwarding2x</visible>
			</control>
			<control type="label">
				<include>OSD_Player_Labels</include>
				<label>[UPPERCASE]$LOCALIZE[31160][/UPPERCASE]</label>
				<visible>Player.Forwarding4x</visible>
			</control>
			<control type="label">
				<include>OSD_Player_Labels</include>
				<label>[UPPERCASE]$LOCALIZE[31161][/UPPERCASE]</label>
				<visible>Player.Forwarding8x</visible>
			</control>
			<control type="label">
				<include>OSD_Player_Labels</include>
				<label>[UPPERCASE]$LOCALIZE[31162][/UPPERCASE]</label>
				<visible>Player.Forwarding16x</visible>
			</control>
			<control type="label">
				<include>OSD_Player_Labels</include>
				<label>[UPPERCASE]$LOCALIZE[31163][/UPPERCASE]</label>
				<visible>Player.Forwarding32x</visible>
			</control>
			<control type="label">
				<include>OSD_Player_Labels</include>
				<label>[UPPERCASE]$LOCALIZE[31164][/UPPERCASE]</label>
				<visible>Player.Rewinding2x</visible>
			</control>
			<control type="label">
				<include>OSD_Player_Labels</include>
				<label>[UPPERCASE]$LOCALIZE[31165][/UPPERCASE]</label>
				<visible>Player.Rewinding4x</visible>
			</control>
			<control type="label">
				<include>OSD_Player_Labels</include>
				<label>[UPPERCASE]$LOCALIZE[31166][/UPPERCASE]</label>
				<visible>Player.Rewinding8x</visible>
			</control>
			<control type="label">
				<include>OSD_Player_Labels</include>
				<label>[UPPERCASE]$LOCALIZE[31167][/UPPERCASE]</label>
				<visible>Player.Rewinding16x</visible>
			</control>
			<control type="label">
				<include>OSD_Player_Labels</include>
				<label>[UPPERCASE]$LOCALIZE[31168][/UPPERCASE]</label>
				<visible>Player.Rewinding32x</visible>
			</control>
			<!--labels while at normal speed -->
			<control type="label">
				<include>OSD_Player_Labels</include>
				<label>[UPPERCASE]$LOCALIZE[31244][/UPPERCASE]</label>
				<AAAvisible>Player.Playing + ![Player.SeekBar | Player.DisplayAfterSeek] + Player.IsTempo</AAAvisible>
				<visible>Player.Playing + !Player.SeekBar</visible>
			</control>
			<control type="label">
				<include>OSD_Player_Labels</include>
				<label>[UPPERCASE]$INFO[Player.SeekOffset][/UPPERCASE]</label>
				<visible>Player.DisplayAfterSeek + ![Player.Paused | Player.Forwarding | Player.Rewinding] + !Player.IsTempo</visible>
			</control>
			<!--labels while at not normal speed -->
			<control type="label">
				<include>OSD_Player_Labels</include>
				<label>[UPPERCASE]$INFO[Player.PlaySpeed,+,X][/UPPERCASE] [UPPERCASE]$LOCALIZE[31244][/UPPERCASE]</label>
				<visible>Player.Playing + ![Player.SeekBar | Player.DisplayAfterSeek] + Player.IsTempo</visible>
			</control>
			<control type="label">
				<include>OSD_Player_Labels</include>
				<label>[UPPERCASE]$INFO[Player.PlaySpeed,+,X][/UPPERCASE] [UPPERCASE]$INFO[Player.SeekOffset][/UPPERCASE]</label>
				<visible>Player.DisplayAfterSeek + ![Player.Paused | Player.Forwarding | Player.Rewinding] + Player.IsTempo</visible>
			</control>
		</control>
	</include>
	<!-- OSD default -->
	<include name="OSDdiffuse">
		<colordiffuse>SubmenuTextFocused</colordiffuse>
	</include>
	<include name="OSD_Player_Banner">
		<control type="group">
			<posx>0</posx>
			<posy>0</posy>
			<include>Animation_OpenCloseFade</include>
			<include>Animation_FadedByOSDSettings</include>
			<include condition="!String.IsEqual(Skin.String(OSDFade),Disabled) + String.IsEqual(Skin.String(OSDFadeTime),5)">Animation_FadeOSD5</include>
			<include condition="!String.IsEqual(Skin.String(OSDFade),Disabled) + String.IsEqual(Skin.String(OSDFadeTime),10)">Animation_FadeOSD10</include>
			<include condition="!String.IsEqual(Skin.String(OSDFade),Disabled) + String.IsEqual(Skin.String(OSDFadeTime),15)">Animation_FadeOSD15</include>
			<include condition="!String.IsEqual(Skin.String(OSDFade),Disabled) + String.IsEqual(Skin.String(OSDFadeTime),20)">Animation_FadeOSD20</include>
			<include condition="!String.IsEqual(Skin.String(OSDFade),Disabled) + String.IsEqual(Skin.String(OSDFadeTime),25)">Animation_FadeOSD25</include>
			<include condition="!String.IsEqual(Skin.String(OSDFade),Disabled) + String.IsEqual(Skin.String(OSDFadeTime),30)">Animation_FadeOSD30</include>
			<!-- Background Image -->
			<control type="image">
				<width>1280</width>
				<height>70</height>
				<texture>osd/osd_dialog_bg_top.png</texture>
				<colordiffuse>OSDBackgroundColor</colordiffuse>
			</control>
			<control type="group">
				<posx>225</posx>
				<posy>6</posy>
				<visible>Window.IsActive(FullscreenInfo) | [Player.SeekBar + !Skin.HasSetting(Slim_Seekbar)]</visible>
				<!-- Plot -->
				<control type="textbox">
					<width>830</width>
					<height>66</height>
					<align>justify</align>
					<font>METF_PlotTextSmall</font>
					<textcolor>TextNF</textcolor>
					<label>$INFO[VideoPlayer.Plot]</label>
					<include condition="!Skin.HasSetting(AutoScrollFast)">AutoScrollShort</include>
					<include condition="Skin.HasSetting(AutoScrollFast)">AutoScrollShortFast</include>
					<visible>Skin.HasSetting(ShowVideoPlotFullscreen) + !String.IsEmpty(VideoPlayer.Plot) + !Player.IsTempo</visible>
				</control>
				<control type="grouplist">
					<orientation>vertical</orientation>
					<itemgap>0</itemgap>
					<visible>!Skin.HasSetting(ShowVideoPlotFullscreen) | String.IsEmpty(VideoPlayer.Plot)</visible>
					<!-- Director -->
					<control type="grouplist">
						<width>830</width>
						<height>24</height>
						<align>center</align>
						<orientation>horizontal</orientation>
						<itemgap>8</itemgap>
						<visible>!String.IsEmpty(VideoPlayer.Director)</visible>
						<control type="label">
							<width max="830">auto</width>
							<font>METF_PlotTextSmall</font>
							<textcolor>TextFO</textcolor>
							<label>[B]$LOCALIZE[20339]:[/B]</label>
						</control>
						<control type="label">
							<width max="830">auto</width>
							<font>METF_PlotTextSmall</font>
							<textcolor>TextNF</textcolor>
							<label>$INFO[VideoPlayer.Director]</label>
						</control>
					</control>
					<!-- Genre -->
					<control type="grouplist">
						<width>830</width>
						<height>34</height>
						<align>center</align>
						<orientation>horizontal</orientation>
						<itemgap>8</itemgap>
						<visible>!String.IsEmpty(VideoPlayer.Genre)</visible>
						<control type="label">
							<width max="830">auto</width>
							<font>METF_PlotTextSmall</font>
							<textcolor>TextFO</textcolor>
							<label>[B]$LOCALIZE[515]:[/B]</label>
						</control>
						<control type="label">
							<width max="830">auto</width>
							<font>METF_PlotTextSmall</font>
							<textcolor>TextNF</textcolor>
							<label>$INFO[VideoPlayer.Genre]</label>
						</control>
					</control>
				</control>
			</control>
			
	<!-- GameOSD controls -->
			<control type="group">
				<posx>225</posx>
				<posy>6</posy>
				<visible>Window.IsActive(GameOSD)</visible>
				<!-- Plot -->
				<control type="textbox">
					<width>830</width>
					<height>66</height>
					<align>justify</align>
					<font>METF_PlotTextSmall</font>
					<textcolor>TextNF</textcolor>
                        <label>$LOCALIZE[35236] [CR]$LOCALIZE[35224] = Select + X      |      $LOCALIZE[13007] = Select + B [CR]$LOCALIZE[35222] = Select + Start      |      $LOCALIZE[13376] = Select + Right Stick</label>
					<include condition="!Skin.HasSetting(AutoScrollFast)">AutoScrollShort</include>
					<include condition="Skin.HasSetting(AutoScrollFast)">AutoScrollShortFast</include>
				</control>	
			</control>		
			
		</control>
	</include>

	<!-- Scrollbars -->
	<include name="ScrollBar_Horizontal">
		<!-- Scroll Bar -->
		<control type="scrollbar" id="60">
			<include>Animation_OpenCloseFade</include>
			<include>Animation_FadedByMenu</include>
			<posx>0</posx>
			<posy>530</posy>
			<width>1280</width>
			<height>30</height>
			<visible allowhiddenfocus="true">Control.HasFocus(60) | Container.Scrolling</visible>
			<texturesliderbackground></texturesliderbackground>
			<textureslidernib>ScrollbarVnibFO.png</textureslidernib>
			<textureslidernibfocus>ScrollbarVnibFO.png</textureslidernibfocus>
			<onup>55</onup>
			<ondown>noop</ondown>
			<showonepage>true</showonepage>
			<orientation>horizontal</orientation>
			<animation effect="fade" start="0" end="100" time="400" condition="Control.HasFocus(60) | Container.Scrolling">Conditional</animation>
		</control>
	</include>
	<include name="ScrollBar_Vertical">
		<!-- Scroll Bar -->
		<control type="scrollbar" id="61">
			<include>Animation_OpenCloseFade</include>
			<include>Animation_FadedByMenu</include>
			<posx>1270</posx>
			<posy>46</posy>
			<width>22</width>
			<height>484</height>
			<visible allowhiddenfocus="true">Control.HasFocus(61) | Container.Scrolling</visible>
			<texturesliderbackground></texturesliderbackground>
			<textureslidernib>ScrollbarVnibFO.png</textureslidernib>
			<textureslidernibfocus>ScrollbarVnibFO.png</textureslidernibfocus>
			<onleft>55</onleft>
			<onright>noop</onright>
			<showonepage>true</showonepage>
			<orientation>vertical</orientation>
			<animation effect="fade" start="0" end="100" time="400" condition="Control.HasFocus(61) | Container.Scrolling">Conditional</animation>
		</control>
	</include>
	<include name="KeyboardButton">
		<width>50</width>
		<height>50</height>
		<texturenofocus border="3">keyboard/KeyboardKeyNF.png</texturenofocus>
		<texturefocus border="5">keyboard/KeyboardKey.png</texturefocus>
		<align>center</align>
		<aligny>center</aligny>
		<font>font13</font>
		<focusedcolor>black</focusedcolor>
	</include>

	<include name="MusicVis_Background">
		<include>Animation_BackdropFade</include>
		<posx>0</posx>
		<posy>0</posy>
		<width>1280</width>
		<height>720</height>
		<aspectratio align="center" aligny="top">scale</aspectratio>
		<animation effect="zoom" start="110" end="130" center="auto" time="15000" pulse="true" condition="Skin.HasSetting(VisBgKenBurns)">Conditional</animation>
		<animation effect="slide" start="-15,-15" end="15,15" time="7500" tween="sine" easing="inout" pulse="true" condition="Skin.HasSetting(VisBgKenBurns)">Conditional</animation>
		<timeperimage>10000</timeperimage>
		<fadetime>1000</fadetime>
	</include>

	<include name="VisibleIfNotMovieSet">
		<visible>![Container.Content(movies) + String.IsEmpty(listitem.Genre) + String.IsEmpty(ListItem.VideoResolution)]</visible>
	</include>
	<include name="VisibleIfMovieSet">
		<visible>Container.Content(movies) + String.IsEmpty(listitem.Genre) + String.IsEmpty(ListItem.VideoResolution)</visible>
	</include>
</includes>
