<?xml version="1.0" encoding="UTF-8"?>
<window>
	<animation type="WindowOpen" reversible="false">
		<effect type="zoom" start="80" end="100" center="330,220" delay="160" tween="back" time="240" />
		<effect type="fade" delay="160" end="100" time="240" />
	</animation>
	<animation type="WindowClose" reversible="false">
		<effect type="zoom" start="100" end="80" center="330,220" easing="in" tween="back" time="240" />
		<effect type="fade" start="100" end="0" time="240" />
	</animation>
	<depth>0.50</depth>
	<coordinates>
		<left>310</left>
		<top>20</top>
	</coordinates>
	<controls>
		<control type="image">
			<description>background image</description>
			<left>0</left>
			<top>0</top>
			<width>660</width>
			<height>440</height>
			<texture colordiffuse="bf505050" >frames/Dialog_Glass2PanelLarge.png</texture>
			<colordiffuse>DialogBackgroundColor</colordiffuse>
		</control>
		<control type="label">
			<description>header label</description>
			<left>0</left>
			<top>18</top>
			<width>660</width>
			<height>30</height>
				<include>Global_HeadingLevelVars</include>
					<textcolor>WeatherDay</textcolor>
			<label>$ADDON[script.cu.lrclyrics 32199]</label>
			<align>center</align>
			<aligny>center</aligny>
			<shadowcolor>black</shadowcolor>
		</control>
	<!-- ** Required ** Do not change <id> or <type> (Lyrics, will autoscroll if lrc based lyrics are shown) -->
		<control type="list" id="110">
			<left>5</left>
			<top>65</top>
			<width>650</width>
			<height>300</height>
			<onleft>111</onleft>
			<onright>111</onright>
			<onup>110</onup>
			<ondown>110</ondown>
			<pagecontrol>111</pagecontrol>
			<scrolltime>200</scrolltime>
			<itemlayout height="30">
				<control type="label">
					<left>0</left>
					<top>0</top>
					<width>650</width>
					<height>30</height>
					<font>METF_DialogMedium</font>
					<aligny>center</aligny>
					<align>center</align>
					<textcolor>TextNF</textcolor>
					<label fallback="--">$INFO[ListItem.Label]</label>
				</control>
			</itemlayout>
			<focusedlayout height="30">
				<control type="label">
					<left>0</left>
					<top>0</top>
					<width>650</width>
					<height>30</height>
					<font>METF_DialogMedium</font>
					<aligny>center</aligny>
					<align>center</align>
					<shadowcolor>black</shadowcolor>
					<textcolor>TextFO</textcolor>
					<label fallback="--">$INFO[ListItem.Label]</label>
				</control>
			</focusedlayout>
		</control>
		
		<control type="label">
			<description>Pick label</description>
			<left>5</left>
			<top>0</top>
			<width>650</width>
			<height>35</height>
			<align>center</align>
			<aligny>center</aligny>
			<font>font32_title</font>
			<label>$ADDON[script.cu.lrclyrics 32005]</label>
			<shadowcolor>black</shadowcolor>
			<visible>Control.IsVisible(120) + !Control.IsVisible(110)</visible>
		</control>
		<!-- ** Required ** Do not change <id> or <type> (Lyrics Chooser, if multiple lyrics are available) -->
		<control type="list" id="120">
			<left>5</left>
			<top>55</top>
			<width>650</width>
			<height>300</height>
			<onleft>121</onleft>
			<onright>121</onright>
			<onup>120</onup>
			<ondown>120</ondown>
			<pagecontrol>121</pagecontrol>
			<scrolltime>200</scrolltime>
			<animation effect="slide" start="0,0" end="10,0" time="0" condition="!Control.IsVisible(121)">Conditional</animation>
			<itemlayout height="20">
				<control type="label">
					<left>5</left>
					<top>0</top>
					<width>265</width>
					<height>20</height>
					<font>METF_DialogMedium</font>
					<aligny>center</aligny>
					<align>center</align>
					<textcolor>TextNF</textcolor>
					<label>$INFO[ListItem.Label]</label>
				</control>
			</itemlayout>
			<focusedlayout height="20">
				<control type="label">
					<left>10</left>
					<top>0</top>
					<width>265</width>
					<height>20</height>
					<font>METF_DialogMedium</font>
					<aligny>center</aligny>
					<align>center</align>
					<textcolor>TextFO</textcolor>
					<label>$INFO[ListItem.Label]</label>
				</control>
			</focusedlayout>
		</control>
		<control type="button">
			<left>320</left>
			<top>43</top>
			<width>24</width>
			<height>24</height>
			<texturefocus colordiffuse="ArrowDiffuse">Arrow2Up.png</texturefocus>
			<texturenofocus colordiffuse="HelpArrowDiffuse">Arrow2Up.png</texturenofocus>
			<animation effect="zoom" start="100,0" end="100,100" center="auto" time="200" delay="10">VisibleChange</animation>
			<animation effect="zoom" start="100,0" end="100,100" delay="500" center="auto" time="200">WindowOpen</animation>
			<animation effect="zoom" start="100,100" end="100,0" center="auto" time="200">WindowClose</animation>
			<onclick>SetFocus(110)</onclick>
			<onclick>PageUp</onclick>
			<visible>Container(110).HasPrevious + Control.IsVisible(110)</visible>
		</control>
		<control type="button">
			<left>320</left>
			<top>380</top>
			<height>24</height>
			<width>24</width>
			<texturefocus colordiffuse="ArrowDiffuse">Arrow2Down.png</texturefocus>
			<texturenofocus colordiffuse="HelpArrowDiffuse">Arrow2Down.png</texturenofocus>
			<animation effect="zoom" start="100,0" end="100,100" center="auto" time="200" delay="10">VisibleChange</animation>
			<animation effect="zoom" start="100,0" end="100,100" delay="500" center="auto" time="200">WindowOpen</animation>
			<animation effect="zoom" start="100,100" end="100,0" center="auto" time="200">WindowClose</animation>
			<onclick>SetFocus(110)</onclick>
			<onclick>PageDown</onclick>
			<visible>Container(110).HasNext + Control.IsVisible(110)</visible>
		</control>
<!--		<control type="image">
			<description>lyricslist</description>
			<left>7</left>
			<top>355</top>
			<width>32</width>
			<height>32</height>
			<texture>culrc-contextmenu.png</texture>
			<visible>!String.IsEmpty(Window(Home).Property(culrc.haslist))</visible>
		</control>
-->		<control type="label">
			<description>Scraper label</description>
			<left>340</left>
			<top>380</top>
			<width>280</width>
			<height>15</height>
			<label>$LOCALIZE[21870]: $INFO[Control.GetLabel(200)]</label>
			<font>METF_DialogSmall</font>
			<align>right</align>
			<aligny>center</aligny>
			<textcolor>RSSText</textcolor>
			<shadowcolor>black</shadowcolor>
		</control>
		<!-- ** Required ** Do not change <id> or <type> (name of the used scraper and optionally the number of found lyrics) -->
		<control type="label" id="200">
			<description>Scraper label</description>
			<visible>false</visible>
		</control>
	</controls>
</window>
