<?xml version="1.0" encoding="UTF-8"?>
<window>
	<defaultcontrol always="true">3</defaultcontrol>
	<depth>DepthOSD</depth>
	<controls>
		<include>Animation_OpenCloseFade</include>
		<include>Global_Background</include>
			<control type="label" id="1">
				<description>Heading</description>
				<posx>1255</posx>
				<posy>10</posy>
				<width>340</width>
				<height>38</height>
				<font>METF_Heading</font>
				<textcolor>GlobalHeading</textcolor>
				<align>right</align>
				<aligny>center</aligny>
				<label></label>
			</control>
			<include condition="![Window.IsActive(gamestretchmode) | Window.IsActive(gamevideofilter) | Window.IsActive(gamevideorotation)]">DefaultDialogSelectLayout</include>
			<include condition="Window.IsActive(gamevideofilter)">GameDialogSelectViewFilter</include>
			<include condition="Window.IsActive(gamestretchmode) | Window.IsActive(gamevideorotation)">GameDialogSelectViewLayout</include>
			<include>Global_ContextFilter</include>
			<include>Global_Weather</include>
			<include>Global_Time</include>
			<include>Global_MediaOverlay</include>
			<include>Setting_Heading</include>
			<include condition="Skin.HasSetting(DebugGrid)">Object_DebugGrid</include>
	</controls>
</window>
