<?xml version="1.0" encoding="UTF-8"?>
<includes>
	<variable name="HomeBackground">
		<value condition="StringCompare(Container(9000).ListItem.Property(background),home\addons\)">home_art/logoff.jpg</value>
		<value condition="StringCompare(Container(9000).ListItem.Property(background),home\dvd\)">home_art/playdisc.jpg</value>
		<value condition="StringCompare(Container(9000).ListItem.Property(background),home\movies\)">home_art/movies.jpg</value>
		<value condition="StringCompare(Container(9000).ListItem.Property(background),home\tvshows\)">home_art/tvshows.jpg</value>
		<value condition="StringCompare(Container(9000).ListItem.Property(background),home\videos\)">home_art/videos.jpg</value>
		<value condition="StringCompare(Container(9000).ListItem.Property(background),home\trailers\)">home_art/trailers.jpg</value>
		<value condition="StringCompare(Container(9000).ListItem.Property(background),home\livetv\)">home_art/livetv.jpg</value>
		<value condition="StringCompare(Container(9000).ListItem.Property(background),home\music\)">home_art/music.jpg</value>
		<value condition="StringCompare(Container(9000).ListItem.Property(background),home\musicvideos\)">home_art/musicvideos.jpg</value>
		<value condition="StringCompare(Container(9000).ListItem.Property(background),home\radio\)">home_art/radio.jpg</value>
		<value condition="StringCompare(Container(9000).ListItem.Property(background),home\pictures\)">home_art/pictures.jpg</value>
		<value condition="StringCompare(Container(9000).ListItem.Property(background),home\programs\)">home_art/programs.jpg</value>
		<value condition="StringCompare(Container(9000).ListItem.Property(background),home\weather\)">home_art/weather.jpg</value>
		<value condition="StringCompare(Container(9000).ListItem.Property(background),home\favourites\)">home_art/favourites.jpg</value>
		<value condition="StringCompare(Container(9000).ListItem.Property(background),home\search\)">home_art/search.jpg</value>
		<value condition="StringCompare(Container(9000).ListItem.Property(background),home\settings\)">home_art/settings.jpg</value>
		<value condition="StringCompare(Container(9000).ListItem.Property(background),home\shutdown\)">home_art/shutdown.jpg</value>
		<value condition="!IsEmpty(Container(9000).ListItem.Property(background)) + !SubString(Container(9000).ListItem.Property(background),home\,Left)">$INFO[Container(9000).ListItem.Property(background)]</value>
	</variable>
	<variable name="HomeBackgroundSkinShortcuts">
		<value condition="StringCompare(Container(211).ListItem.Property(background),home\dvd\)">home_art/playdisc.jpg</value>
		<value condition="StringCompare(Container(211).ListItem.Property(background),home\movies\)">home_art/movies.jpg</value>
		<value condition="StringCompare(Container(211).ListItem.Property(background),home\tvshows\)">home_art/tvshows.jpg</value>
		<value condition="StringCompare(Container(211).ListItem.Property(background),home\videos\)">home_art/videos.jpg</value>
		<value condition="StringCompare(Container(211).ListItem.Property(background),home\trailers\)">home_art/trailers.jpg</value>
		<value condition="StringCompare(Container(211).ListItem.Property(background),home\livetv\)">home_art/livetv.jpg</value>
		<value condition="StringCompare(Container(211).ListItem.Property(background),home\music\)">home_art/music.jpg</value>
		<value condition="StringCompare(Container(211).ListItem.Property(background),home\musicvideos\)">home_art/musicvideos.jpg</value>
		<value condition="StringCompare(Container(211).ListItem.Property(background),home\radio\)">home_art/radio.jpg</value>
		<value condition="StringCompare(Container(211).ListItem.Property(background),home\pictures\)">home_art/pictures.jpg</value>
		<value condition="StringCompare(Container(211).ListItem.Property(background),home\programs\)">home_art/programs.jpg</value>
		<value condition="StringCompare(Container(211).ListItem.Property(background),home\weather\)">home_art/weather.jpg</value>
		<value condition="StringCompare(Container(211).ListItem.Property(background),home\favourites\)">home_art/favourites.jpg</value>
		<value condition="StringCompare(Container(211).ListItem.Property(background),home\search\)">home_art/search.jpg</value>
		<value condition="StringCompare(Container(211).ListItem.Property(background),home\settings\)">home_art/settings.jpg</value>
		<value condition="StringCompare(Container(211).ListItem.Property(background),home\shutdown\)">home_art/shutdown.jpg</value>
		<value>$INFO[Container(211).ListItem.Property(background)] + !SubString(Container(9000).ListItem.Property(background),home\,Left)</value>
	</variable>

	<variable name="ListItemTitle">
		<value condition="Container.Content(albums) | Container.Content(songs)">$INFO[ListItem.Label]$INFO[ListItem.Label2, - ]</value>
		<value condition="SubString(Container.FolderPath,plugin)">$INFO[ListItem.Season,,x]$INFO[ListItem.Episode,,. ]$INFO[ListItem.Label]</value>
		<value>$INFO[ListItem.Label]</value>
	</variable>

	<variable name="NextAiredFanart">
		<value condition="Control.HasFocus(200)">$INFO[Container(200).ListItem.Property(Fanart)]</value>
		<value condition="Control.HasFocus(201)">$INFO[Container(201).ListItem.Property(Fanart)]</value>
		<value condition="Control.HasFocus(202)">$INFO[Container(202).ListItem.Property(Fanart)]</value>
		<value condition="Control.HasFocus(203)">$INFO[Container(203).ListItem.Property(Fanart)]</value>
		<value condition="Control.HasFocus(204)">$INFO[Container(204).ListItem.Property(Fanart)]</value>
		<value condition="Control.HasFocus(205)">$INFO[Container(205).ListItem.Property(Fanart)]</value>
		<value condition="Control.HasFocus(206)">$INFO[Container(206).ListItem.Property(Fanart)]</value>
	</variable>
	<variable name="GlobalFanart">
		<value condition="Window.IsActive(pictures) + IsEmpty(ListItem.Art(fanart)) + [StringCompare(ListItem.FileExtension,png) | StringCompare(ListItem.FileExtension,jpg) | StringCompare(ListItem.FileExtension,jpeg) | StringCompare(ListItem.FileExtension,bmp) | StringCompare(ListItem.FileExtension,gif) | StringCompare(ListItem.FileExtension,ico) | StringCompare(ListItem.FileExtension,tif) | StringCompare(ListItem.FileExtension,tiff) | StringCompare(ListItem.FileExtension,tga) | StringCompare(ListItem.FileExtension,pcx) | StringCompare(ListItem.FileExtension,cbz) | StringCompare(ListItem.FileExtension,zip) | StringCompare(ListItem.FileExtension,cbr) | StringCompare(ListItem.FileExtension,rar) | StringCompare(ListItem.FileExtension,m3u)]">$INFO[listitem.filenameandpath]</value>
		<value>$INFO[ListItem.Art(fanart)]</value>
	</variable>
	<variable name="GlobalExtraFanart">
		<!-- XXX: This is such a kludge.  It sucks having to see the first image first all the time -->
		<value condition="!IsEmpty(ListItem.Art(fanart)) + !System.IdleTime(5)"></value>
		<value condition="Skin.HasSetting(SkinHelper.EnableExtraFanart) + !IsEmpty(Window(Home).Property(SkinHelper.ExtraFanArtPath))">$INFO[Window(Home).Property(SkinHelper.ExtraFanArtPath)]</value>
		<value condition="Skin.HasSetting(SkinHelper.EnableExtraFanart) + !IsEmpty(Window(Home).Property(SkinHelper.Music.ExtraFanArt))">$INFO[Window(Home).Property(SkinHelper.Music.ExtraFanArt)]</value>
		<value condition="Skin.HasSetting(SkinHelper.EnableExtraFanart) + !IsEmpty(Window(Home).Property(SkinHelper.PVR.ExtraFanArt))">$INFO[Window(Home).Property(SkinHelper.PVR.ExtraFanArt)]</value>
		<value></value>
	</variable>
	<variable name="GlobalFanartDiffuse">
		<value condition="Skin.HasSetting(GlobalFanartLight)">FanartDiffuseLight</value>
		<value>FanartDiffuse</value>
	</variable>

	<variable name="GlobalWidgetIcon">
		<value condition="!IsEmpty(Container(8000).ListItem.Art(poster))">$INFO[Container(8000).ListItem.Art(poster)]</value>
		<value condition="![IsEmpty(Container(8000).ListItem.Icon) | SubString(Container(8000).ListItem.Icon, default, left)]">$INFO[Container(8000).ListItem.Icon]</value>
	</variable>
	<variable name="GlobalWidgetLabel">
		<value condition="StringCompare(Container(9000).ListItem.Property(widgetType), movies)">$INFO[ListItem.Title]$INFO[ListItem.Year, (,)]</value>
		<value condition="StringCompare(Container(9000).ListItem.Property(widgetType), episodes)">$INFO[ListItem.TVShowTitle] - $INFO[ListItem.Season]x$INFO[ListItem.Episode,,. ]$INFO[ListItem.Title]</value>
		<value condition="StringCompare(Container(9000).ListItem.Property(widgetType), albums)">$INFO[ListItem.Artist] - $INFO[ListItem.Title]$INFO[ListItem.Year, (,)]</value>
		<value condition="StringCompare(Container(9000).ListItem.Property(widgetType), songs)">$INFO[ListItem.Artist] - $INFO[ListItem.Title]</value>
		<value condition="StringCompare(Container(9000).ListItem.Property(widgetType), musicvideos)">$INFO[ListItem.Artist] - $INFO[ListItem.Title]</value>
		<!-- fixing the playlists content labels -->
		<value condition="StringCompare(Container(9000).ListItem.Property(widget), Playlist) + IsEmpty(Container(8000).ListItem.TVShowTitle)">$INFO[ListItem.Title]$INFO[ListItem.Year, (,)]</value>
		<value condition="StringCompare(Container(9000).ListItem.Property(widget), Playlist) + !StringCompare(ListItem.Title, ListItem.TVShowTitle) + !IsEmpty(Container(8000).ListItem.TVShowTitle)">$INFO[ListItem.TVShowTitle] - $INFO[ListItem.Season,,x]$INFO[ListItem.Episode,,. ]$INFO[ListItem.Title]</value>
		<!-- default -->
		<value>$INFO[ListItem.Label]</value>
	</variable>

	<variable name="RatingColor">
		<value condition="!SubString(ListItem.Votes,$COMMA)">FFFF0000</value>
		<value condition="SubString(ListItem.Votes,1$COMMA,Left)">FFFF5555</value>
		<value condition="SubString(ListItem.Votes,2$COMMA,Left)">FFFFFF00</value>
		<value condition="SubString(ListItem.Votes,3$COMMA,Left)">FFFFFF00</value>
		<value condition="SubString(ListItem.Votes,4$COMMA,Left)">FFFFFF00</value>
		<value condition="SubString(ListItem.Votes,5$COMMA,Left)">FFFFFF00</value>
		<value condition="SubString(ListItem.Votes,$COMMA)">FF00FF00</value>
	</variable>

	<variable name="Language_Icons">
		<value condition="!IsEmpty(Skin.String(LanguageIcons.name))">$INFO[Skin.String(LanguageIcons.path)]/$INFO[ListItem.AudioLanguage]$INFO[Skin.String(LanguageIcons.ext)]</value>
		<value>resource://resource.images.languageflags.completepack/$INFO[ListItem.AudioLanguage].png</value>
	</variable>

	<variable name="Player_RecordLabel_Icons">
		<value condition="!IsEmpty(Skin.String(RecordLabelIcons.name))">$INFO[Skin.String(RecordLabelIcons.path)]/$INFO[MusicPlayer.Property(Album_Label)]$INFO[Skin.String(RecordLabelIcons.ext)]</value>
		<value>resource://resource.images.recordlabels.white/$INFO[MusicPlayer.Property(Album_Label)].png</value>
	</variable>

	<variable name="Studio_Icons">
		<value condition="!IsEmpty(Skin.String(StudioIcons.name)) + !SubString(Container.FolderPath,advanced.launcher)">$INFO[Skin.String(StudioIcons.path)]/$INFO[ListItem.Studio]$INFO[Skin.String(StudioIcons.ext)]</value>
		<value condition="SubString(Container.FolderPath,advanced.launcher)">special://skin/extras/games/studios/$INFO[ListItem.Studio,,.png]</value>
		<value>resource://resource.images.studios.coloured/$INFO[ListItem.Studio].png</value>
	</variable>

	<variable name="Weather_Fanart">
		<value condition="!IsEmpty(Container(9000).ListItem.Property(background)) + !SubString(Container(9000).ListItem.Property(background),home\,Left)">$INFO[Container(9000).ListItem.Property(background)]</value>
		<value condition="!IsEmpty(Skin.String(WeatherFanart.name)) + !Skin.HasSetting(WeatherFanart.multi)">$INFO[Skin.String(WeatherFanart.path)]/$INFO[Window(Weather).Property(Current.FanartCode)]$INFO[Skin.String(WeatherFanart.ext)]</value>
		<value condition="!IsEmpty(Skin.String(WeatherFanart.name)) + Skin.HasSetting(WeatherFanart.multi)">$INFO[Skin.String(WeatherFanart.path)]/$INFO[Window(Weather).Property(Current.FanartCode)]</value>
		<value>resource://resource.images.weatherfanart.prairie/$INFO[Window(Weather).Property(Current.FanartCode)].jpg</value>
	</variable>
	<variable name="WeatherIconsPath">
		<value condition="!IsEmpty(Skin.String(WeatherIcons.name))">$INFO[Skin.String(WeatherIcons.path)]</value>
		<value>resource://resource.images.weathericons.coloured</value>
	</variable>
	<variable name="WeatherIconsExt">
		<value condition="!IsEmpty(Skin.String(WeatherIcons.name)) + !Skin.HasSetting(WeatherIcons.multi)">$INFO[Skin.String(WeatherIcons.ext)]</value>
		<value condition="!IsEmpty(Skin.String(WeatherIcons.name)) + Skin.HasSetting(WeatherIcons.multi)">/</value>
		<value>.png</value>
	</variable>
	<variable name="Weather_Icons_Current">
		<value>$VAR[WeatherIconsPath]/$INFO[Window(Weather).Property(Current.FanartCode)]$VAR[WeatherIconsExt]</value>
	</variable>
	<variable name="Weather_Icons_Day0">
		<value>$VAR[WeatherIconsPath]/$INFO[Window(Weather).Property(Day0.FanartCode)]$VAR[WeatherIconsExt]</value>
	</variable>
	<variable name="Weather_Icons_Day1">
		<value>$VAR[WeatherIconsPath]/$INFO[Window(Weather).Property(Day1.FanartCode)]$VAR[WeatherIconsExt]</value>
	</variable>
	<variable name="Weather_Icons_Day2">
		<value>$VAR[WeatherIconsPath]/$INFO[Window(Weather).Property(Day2.FanartCode)]$VAR[WeatherIconsExt]</value>
	</variable>
	<variable name="Weather_Icons_Day3">
		<value>$VAR[WeatherIconsPath]/$INFO[Window(Weather).Property(Day3.FanartCode)]$VAR[WeatherIconsExt]</value>
	</variable>
	<variable name="Weather_Icons_Day4">
		<value>$VAR[WeatherIconsPath]/$INFO[Window(Weather).Property(Day4.FanartCode)]$VAR[WeatherIconsExt]</value>
	</variable>
	<variable name="Weather_Icons_Day5">
		<value>$VAR[WeatherIconsPath]/$INFO[Window(Weather).Property(Day5.FanartCode)]$VAR[WeatherIconsExt]</value>
	</variable>
	<variable name="Weather_Icons_Day6">
		<value>$VAR[WeatherIconsPath]/$INFO[Window(Weather).Property(Day6.FanartCode)]$VAR[WeatherIconsExt]</value>
	</variable>
	<variable name="Weather_Icons_Hour1">
		<value>$VAR[WeatherIconsPath]/$INFO[Window(Weather).Property(Hourly.1.FanartCode)]$VAR[WeatherIconsExt]</value>
	</variable>
	<variable name="Weather_Icons_Hour2">
		<value>$VAR[WeatherIconsPath]/$INFO[Window(Weather).Property(Hourly.2.FanartCode)]$VAR[WeatherIconsExt]</value>
	</variable>
	<variable name="Weather_Icons_Hour3">
		<value>$VAR[WeatherIconsPath]/$INFO[Window(Weather).Property(Hourly.3.FanartCode)]$VAR[WeatherIconsExt]</value>
	</variable>
	<variable name="Weather_Icons_Hour4">
		<value>$VAR[WeatherIconsPath]/$INFO[Window(Weather).Property(Hourly.4.FanartCode)]$VAR[WeatherIconsExt]</value>
	</variable>
	<variable name="Weather_Icons_Hour5">
		<value>$VAR[WeatherIconsPath]/$INFO[Window(Weather).Property(Hourly.5.FanartCode)]$VAR[WeatherIconsExt]</value>
	</variable>
	<variable name="Weather_Icons_Hour6">
		<value>$VAR[WeatherIconsPath]/$INFO[Window(Weather).Property(Hourly.6.FanartCode)]$VAR[WeatherIconsExt]</value>
	</variable>
	<variable name="Weather_Icons_Hour7">
		<value>$VAR[WeatherIconsPath]/$INFO[Window(Weather).Property(Hourly.7.FanartCode)]$VAR[WeatherIconsExt]</value>
	</variable>
	<variable name="Weather_Icons_Hour8">
		<value>$VAR[WeatherIconsPath]/$INFO[Window(Weather).Property(Hourly.8.FanartCode)]$VAR[WeatherIconsExt]</value>
	</variable>
	<variable name="Weather_Icons_Hour9">
		<value>$VAR[WeatherIconsPath]/$INFO[Window(Weather).Property(Hourly.9.FanartCode)]$VAR[WeatherIconsExt]</value>
	</variable>
	<variable name="Weather_Icons_Hour10">
		<value>$VAR[WeatherIconsPath]/$INFO[Window(Weather).Property(Hourly.10.FanartCode)]$VAR[WeatherIconsExt]</value>
	</variable>
	<variable name="Weather_Icons_Hour11">
		<value>$VAR[WeatherIconsPath]/$INFO[Window(Weather).Property(Hourly.11.FanartCode)]$VAR[WeatherIconsExt]</value>
	</variable>
	<variable name="Weather_Icons_Hour12">
		<value>$VAR[WeatherIconsPath]/$INFO[Window(Weather).Property(Hourly.12.FanartCode)]$VAR[WeatherIconsExt]</value>
	</variable>
	<variable name="Weather_Icons_Hour13">
		<value>$VAR[WeatherIconsPath]/$INFO[Window(Weather).Property(Hourly.13.FanartCode)]$VAR[WeatherIconsExt]</value>
	</variable>
	<variable name="Weather_Icons_Hour14">
		<value>$VAR[WeatherIconsPath]/$INFO[Window(Weather).Property(Hourly.14.FanartCode)]$VAR[WeatherIconsExt]</value>
	</variable>
	<variable name="Weather_Icons_Hour15">
		<value>$VAR[WeatherIconsPath]/$INFO[Window(Weather).Property(Hourly.15.FanartCode)]$VAR[WeatherIconsExt]</value>
	</variable>
	<variable name="Weather_Icons_Hour16">
		<value>$VAR[WeatherIconsPath]/$INFO[Window(Weather).Property(Hourly.16.FanartCode)]$VAR[WeatherIconsExt]</value>
	</variable>
	<variable name="Weather_Icons_Hour17">
		<value>$VAR[WeatherIconsPath]/$INFO[Window(Weather).Property(Hourly.17.FanartCode)]$VAR[WeatherIconsExt]</value>
	</variable>
	<variable name="Weather_Icons_Hour18">
		<value>$VAR[WeatherIconsPath]/$INFO[Window(Weather).Property(Hourly.18.FanartCode)]$VAR[WeatherIconsExt]</value>
	</variable>
	<variable name="Weather_Icons_Hour19">
		<value>$VAR[WeatherIconsPath]/$INFO[Window(Weather).Property(Hourly.19.FanartCode)]$VAR[WeatherIconsExt]</value>
	</variable>
	<variable name="Weather_Icons_Hour20">
		<value>$VAR[WeatherIconsPath]/$INFO[Window(Weather).Property(Hourly.20.FanartCode)]$VAR[WeatherIconsExt]</value>
	</variable>
	<variable name="Weather_Icons_Hour21">
		<value>$VAR[WeatherIconsPath]/$INFO[Window(Weather).Property(Hourly.21.FanartCode)]$VAR[WeatherIconsExt]</value>
	</variable>
	<variable name="Weather_Icons_Hour22">
		<value>$VAR[WeatherIconsPath]/$INFO[Window(Weather).Property(Hourly.22.FanartCode)]$VAR[WeatherIconsExt]</value>
	</variable>
	<variable name="Weather_Icons_Hour23">
		<value>$VAR[WeatherIconsPath]/$INFO[Window(Weather).Property(Hourly.23.FanartCode)]$VAR[WeatherIconsExt]</value>
	</variable>
	<variable name="Weather_Icons_Hour24">
		<value>$VAR[WeatherIconsPath]/$INFO[Window(Weather).Property(Hourly.24.FanartCode)]$VAR[WeatherIconsExt]</value>
	</variable>
	<variable name="Weather_Icons_Hour25">
		<value>$VAR[WeatherIconsPath]/$INFO[Window(Weather).Property(Hourly.25.FanartCode)]$VAR[WeatherIconsExt]</value>
	</variable>
	<variable name="Weather_Icons_Hour26">
		<value>$VAR[WeatherIconsPath]/$INFO[Window(Weather).Property(Hourly.26.FanartCode)]$VAR[WeatherIconsExt]</value>
	</variable>
	<variable name="Weather_Icons_Hour27">
		<value>$VAR[WeatherIconsPath]/$INFO[Window(Weather).Property(Hourly.27.FanartCode)]$VAR[WeatherIconsExt]</value>
	</variable>
	<variable name="Weather_Icons_Hour28">
		<value>$VAR[WeatherIconsPath]/$INFO[Window(Weather).Property(Hourly.28.FanartCode)]$VAR[WeatherIconsExt]</value>
	</variable>
	<variable name="Weather_Icons_Hour29">
		<value>$VAR[WeatherIconsPath]/$INFO[Window(Weather).Property(Hourly.29.FanartCode)]$VAR[WeatherIconsExt]</value>
	</variable>
	<variable name="Weather_Icons_Hour30">
		<value>$VAR[WeatherIconsPath]/$INFO[Window(Weather).Property(Hourly.30.FanartCode)]$VAR[WeatherIconsExt]</value>
	</variable>
	<variable name="Weather_Icons_Hour31">
		<value>$VAR[WeatherIconsPath]/$INFO[Window(Weather).Property(Hourly.31.FanartCode)]$VAR[WeatherIconsExt]</value>
	</variable>
	<variable name="Weather_Icons_Hour32">
		<value>$VAR[WeatherIconsPath]/$INFO[Window(Weather).Property(Hourly.32.FanartCode)]$VAR[WeatherIconsExt]</value>
	</variable>
	<variable name="Weather_Icons_Hour33">
		<value>$VAR[WeatherIconsPath]/$INFO[Window(Weather).Property(Hourly.33.FanartCode)]$VAR[WeatherIconsExt]</value>
	</variable>
	<variable name="Weather_Icons_Hour34">
		<value>$VAR[WeatherIconsPath]/$INFO[Window(Weather).Property(Hourly.34.FanartCode)]$VAR[WeatherIconsExt]</value>
	</variable>
	<variable name="Weather_Icons_Hour35">
		<value>$VAR[WeatherIconsPath]/$INFO[Window(Weather).Property(Hourly.35.FanartCode)]$VAR[WeatherIconsExt]</value>
	</variable>
	<variable name="Weather_Icons_Hour36">
		<value>$VAR[WeatherIconsPath]/$INFO[Window(Weather).Property(Hourly.36.FanartCode)]$VAR[WeatherIconsExt]</value>
	</variable>
	<variable name="Weather_Icons_36Hr1">
		<value>$VAR[WeatherIconsPath]/$INFO[Window(Weather).Property(36Hour.1.FanartCode)]$VAR[WeatherIconsExt]</value>
	</variable>
	<variable name="Weather_Icons_36Hr2">
		<value>$VAR[WeatherIconsPath]/$INFO[Window(Weather).Property(36Hour.2.FanartCode)]$VAR[WeatherIconsExt]</value>
	</variable>
	<variable name="Weather_Icons_36Hr3">
		<value>$VAR[WeatherIconsPath]/$INFO[Window(Weather).Property(36Hour.3.FanartCode)]$VAR[WeatherIconsExt]</value>
	</variable>
	<variable name="Weather_Icons_Weekend1">
		<value>$VAR[WeatherIconsPath]/$INFO[Window(Weather).Property(Weekend.1.FanartCode)]$VAR[WeatherIconsExt]</value>
	</variable>
	<variable name="Weather_Icons_Weekend2">
		<value>$VAR[WeatherIconsPath]/$INFO[Window(Weather).Property(Weekend.2.FanartCode)]$VAR[WeatherIconsExt]</value>
	</variable>
	<constant name="WeatherHomeLeft">275</constant>
	<constant name="WeatherHomeTop">555</constant>
	<constant name="WeatherHomeHeight">160</constant>
	<constant name="WeatherHomeWidth">150</constant>
	<constant name="WeatherPanelLeft">210</constant>
	<constant name="Weather7DayWidth">147</constant>
	<constant name="Weather7DayHeight">485</constant>
	<constant name="Weather12HourWidth">172</constant>
	<constant name="Weather12HourHeight">235</constant>
	<constant name="Weather36HourPanelLeft">300</constant>
	<constant name="Weather36HourWidth">103</constant>
	<constant name="Weather36HourHeight">120</constant>
	<constant name="WeatherWeekendWidth">525</constant>
	<constant name="WeatherWeekendHeight">485</constant>
	<constant name="WeatherMapHeight">490</constant>
	<constant name="WeatherMapWidth">1080</constant>
	<variable name="PlotBox_Text">
		<!-- Skin Shortcuts help text -->
		<value condition="Window.IsActive(script-skinshortcuts.xml) + Control.HasFocus(302)">$LOCALIZE[31720]</value>
		<value condition="Window.IsActive(script-skinshortcuts.xml) + Control.HasFocus(303)">$LOCALIZE[31721]</value>
		<value condition="Window.IsActive(script-skinshortcuts.xml) + Control.HasFocus(304)">$LOCALIZE[31722]</value>
		<value condition="Window.IsActive(script-skinshortcuts.xml) + Control.HasFocus(401)">$LOCALIZE[31723]</value>
		<value condition="Window.IsActive(script-skinshortcuts.xml) + Control.HasFocus(306)">$LOCALIZE[31724]</value>
		<value condition="Window.IsActive(script-skinshortcuts.xml) + Control.HasFocus(305)">$LOCALIZE[31725]</value>
		<value condition="Window.IsActive(script-skinshortcuts.xml) + Control.HasFocus(309)">$LOCALIZE[31726]</value>
		<value condition="Window.IsActive(script-skinshortcuts.xml) + Control.HasFocus(307)">$LOCALIZE[31727]</value>
		<value condition="Window.IsActive(script-skinshortcuts.xml) + Control.HasFocus(405)">$LOCALIZE[31728]</value>
		<value condition="Window.IsActive(script-skinshortcuts.xml) + Control.HasFocus(10)">$LOCALIZE[31729]</value>
		<value condition="Window.IsActive(script-skinshortcuts.xml) + Control.HasFocus(301)">$LOCALIZE[31730]</value>
		<value condition="Window.IsActive(script-skinshortcuts.xml) + Control.HasFocus(308)">$LOCALIZE[31731]</value>
		<!-- Videos -->
		<value condition="[Container.Content(Movies) + [!Skin.HasSetting(Show_PlotOutline) | IsEmpty(ListItem.PlotOutline)]] | Container.Content(TVShows) | Container.Content(Episodes) | Container.Content(MusicVideos) | SubString(Container.FolderPath,plugin)">$INFO[ListItem.Plot]</value>
		<value condition="Container.Content(Movies) + Skin.HasSetting(Show_PlotOutline) + !IsEmpty(ListItem.PlotOutline)">$INFO[ListItem.PlotOutline]</value>
		<value condition="Container.Content(Seasons)">$INFO[Container.ShowPlot]</value>
		<!-- Music -->
		<value condition="!IsEmpty(ListItem.Property(Artist_Description)) + IsEmpty(ListItem.Property(Album_Description))">$INFO[ListItem.Property(Artist_Description)]</value>
		<value condition="!IsEmpty(ListItem.Property(Album_Description))">$INFO[ListItem.Property(Album_Description)]</value>
		<!-- Addons -->
		<value condition="!IsEmpty(ListItem.AddonDescription)">$INFO[ListItem.AddonDescription]</value>
		<!-- Video Genres -->
		<value condition="StringCompare(ListItem.Label,Action)">$LOCALIZE[31343]</value>
		<value condition="StringCompare(ListItem.Label,Adventure)">$LOCALIZE[31344]</value>
		<value condition="StringCompare(ListItem.Label,Action And Adventure)">$LOCALIZE[31345]</value>
		<value condition="StringCompare(ListItem.Label,Adult)">$LOCALIZE[31346]</value>
		<value condition="StringCompare(ListItem.Label,Animation)">$LOCALIZE[31347]</value>
		<value condition="StringCompare(ListItem.Label,Anime)">$LOCALIZE[31348]</value>
		<value condition="StringCompare(ListItem.Label,Biography)">$LOCALIZE[31349]</value>
		<value condition="StringCompare(ListItem.Label,Bollywood)">$LOCALIZE[31350]</value>
		<value condition="StringCompare(ListItem.Label,Children)">$LOCALIZE[31351]</value>
		<value condition="StringCompare(ListItem.Label,Christmas)">$LOCALIZE[31352]</value>
		<value condition="StringCompare(ListItem.Label,Comedy)">$LOCALIZE[31353]</value>
		<value condition="StringCompare(ListItem.Label,Concert)">$LOCALIZE[31354]</value>
		<value condition="StringCompare(ListItem.Label,Crime)">$LOCALIZE[31355]</value>
		<value condition="StringCompare(ListItem.Label,Disaster)">$LOCALIZE[31356]</value>
		<value condition="StringCompare(ListItem.Label,Documentary)">$LOCALIZE[31357]</value>
		<value condition="StringCompare(ListItem.Label,Drama)">$LOCALIZE[31358]</value>
		<value condition="StringCompare(ListItem.Label,Epic)">$LOCALIZE[31397]</value>
		<value condition="StringCompare(ListItem.Label,Family)">$LOCALIZE[31359]</value>
		<value condition="StringCompare(ListItem.Label,Fantasy)">$LOCALIZE[31360]</value>
		<value condition="StringCompare(ListItem.Label,Film Noir) | StringCompare(ListItem.Label,Neo-Noir)">$LOCALIZE[31361]</value>
		<value condition="StringCompare(ListItem.Label,Foreign)">$LOCALIZE[31466]</value>
		<value condition="StringCompare(ListItem.Label,Game Show)">$LOCALIZE[31362]</value>
		<value condition="StringCompare(ListItem.Label,Hentai)">$LOCALIZE[31364]</value>
		<value condition="StringCompare(ListItem.Label,History)">$LOCALIZE[31365]</value>
		<value condition="StringCompare(ListItem.Label,Holiday)">$LOCALIZE[31467]</value>
		<value condition="StringCompare(ListItem.Label,Horror)">$LOCALIZE[31367]</value>
		<value condition="StringCompare(ListItem.Label,Independent) | StringCompare(ListItem.Label,Indie)">$LOCALIZE[31368]</value>
		<value condition="StringCompare(ListItem.Label,Interview)">$LOCALIZE[31369]</value>
		<value condition="StringCompare(ListItem.Label,Martial Arts)">$LOCALIZE[31370]</value>
		<value condition="StringCompare(ListItem.Label,Mini-Series) | StringCompare(ListItem.Label,Mini-TV-Series)">$LOCALIZE[31371]</value>
		<value condition="StringCompare(ListItem.Label,Monster)">$LOCALIZE[31372]</value>
		<value condition="StringCompare(ListItem.Label,Music)">$LOCALIZE[31373]</value>
		<value condition="StringCompare(ListItem.Label,Musical)">$LOCALIZE[31374]</value>
		<value condition="StringCompare(ListItem.Label,Mystery)">$LOCALIZE[31375]</value>
		<value condition="StringCompare(ListItem.Label,Nature)">$LOCALIZE[31376]</value>
		<value condition="StringCompare(ListItem.Label,News)">$LOCALIZE[31377]</value>
		<value condition="StringCompare(ListItem.Label,Post-Apocalypse)">$LOCALIZE[31378]</value>
		<value condition="StringCompare(ListItem.Label,Reality)">$LOCALIZE[31379]</value>
		<value condition="StringCompare(ListItem.Label,Romance)">$LOCALIZE[31381]</value>
		<value condition="StringCompare(ListItem.Label,Sci-Fi) | StringCompare(ListItem.Label,Science Fiction) | StringCompare(ListItem.Label,Science-Fiction)">$LOCALIZE[31382]</value>
		<value condition="StringCompare(ListItem.Label,Short)">$LOCALIZE[31383]</value>
		<value condition="StringCompare(ListItem.Label,Silent)">$LOCALIZE[31398]</value>
		<value condition="StringCompare(ListItem.Label,Soap)">$LOCALIZE[31384]</value>
		<value condition="StringCompare(ListItem.Label,Sport)">$LOCALIZE[31386]</value>
		<value condition="StringCompare(ListItem.Label,Spy)">$LOCALIZE[31387]</value>
		<value condition="StringCompare(ListItem.Label,Stageplay)">$LOCALIZE[31388]</value>
		<value condition="StringCompare(ListItem.Label,Stand-Up)">$LOCALIZE[31389]</value>
		<value condition="StringCompare(ListItem.Label,Superhero) | StringCompare(ListItem.Label,Comics)">$LOCALIZE[31390]</value>
		<value condition="StringCompare(ListItem.Label,Supernatural)">$LOCALIZE[31391]</value>
		<value condition="StringCompare(ListItem.Label,Talk Show)">$LOCALIZE[31392]</value>
		<value condition="StringCompare(ListItem.Label,Thriller) | StringCompare(ListItem.Label,Suspense)">$LOCALIZE[31393]</value>
		<value condition="StringCompare(ListItem.Label,War)">$LOCALIZE[31394]</value>
		<value condition="StringCompare(ListItem.Label,Western)">$LOCALIZE[31395]</value>
		<value condition="StringCompare(ListItem.Label,Wrestling)">$LOCALIZE[31396]</value>
	</variable>
	<variable name="MediaFlag_VideoResolution">
		<value condition="IsEmpty(ListItem.VideoResolution)">$INFO[VideoPlayer.VideoResolution,flags/VideoResolution/,.png]</value>
		<value>$INFO[ListItem.VideoResolution,flags/VideoResolution/,.png]</value>
	</variable>
	<variable name="MediaFlag_VideoAspect">
		<value condition="IsEmpty(ListItem.VideoAspect)">$INFO[VideoPlayer.VideoAspect,flags/VideoAspect/,.png]</value>
		<value>$INFO[ListItem.VideoAspect,flags/VideoAspect/,.png]</value>
	</variable>
	<variable name="MediaFlag_VideoCodec">
		<value condition="IsEmpty(ListItem.VideoCodec)">$INFO[VideoPlayer.VideoCodec,flags/VideoCodec/,.png]</value>
		<value>$INFO[ListItem.VideoCodec,flags/VideoCodec/,.png]</value>
	</variable>
	<variable name="MediaFlag_AudioCodec">
		<value condition="IsEmpty(ListItem.AudioCodec)">$INFO[VideoPlayer.AudioCodec,flags/AudioCodec/,.png]</value>
		<value>$INFO[ListItem.AudioCodec,flags/AudioCodec/,.png]</value>
	</variable>
	<variable name="MediaFlag_AudioChannels">
		<value condition="IsEmpty(ListItem.AudioChannels)">$INFO[VideoPlayer.AudioChannels,flags/AudioChannels/,ch.png]</value>
		<value>$INFO[ListItem.AudioChannels,flags/AudioChannels/,ch.png]</value>
	</variable>
	<variable name="MediaFlag_MPAA">
		<!-- US (IMDB) -->
		<value condition="[!IsEmpty(ListItem.mpaa) + SubString(ListItem.mpaa,Rated R,Left)] | [IsEmpty(ListItem.mpaa) + SubString(VideoPlayer.mpaa,Rated R,Left)]">flags/MPAA/mpaa_r.png</value>
		<value condition="[!IsEmpty(ListItem.mpaa) + SubString(ListItem.mpaa,Rated PG-13,Left)] | [IsEmpty(ListItem.mpaa) + SubString(VideoPlayer.mpaa,Rated PG-13,Left)]">flags/MPAA/mpaa_pg13.png</value>
		<value condition="[!IsEmpty(ListItem.mpaa) + SubString(ListItem.mpaa,Rated PG,Left)] | [IsEmpty(ListItem.mpaa) + SubString(VideoPlayer.mpaa,Rated PG,Left)]">flags/MPAA/mpaa_pg.png</value>
		<value condition="[!IsEmpty(ListItem.mpaa) + SubString(ListItem.mpaa,Rated NC,Left)] | [IsEmpty(ListItem.mpaa) + SubString(VideoPlayer.mpaa,Rated NC,Left)]">flags/MPAA/mpaa_nc17.png</value>
		<value condition="[!IsEmpty(ListItem.mpaa) + SubString(ListItem.mpaa,Rated G,Left)] | [IsEmpty(ListItem.mpaa) + SubString(VideoPlayer.mpaa,Rated G,Left)]">flags/MPAA/mpaa_general.png</value>
		<!-- US (TMDB) -->
		<value condition="[!IsEmpty(ListItem.mpaa) + StringCompare(ListItem.mpaa,R)] | [IsEmpty(ListItem.mpaa) + StringCompare(VideoPlayer.mpaa,R)]">flags/MPAA/mpaa_r.png</value>
		<value condition="[!IsEmpty(ListItem.mpaa) + StringCompare(ListItem.mpaa,PG-13)] | [IsEmpty(ListItem.mpaa) + StringCompare(VideoPlayer.mpaa,PG-13)]">flags/MPAA/mpaa_pg13.png</value>
		<value condition="[!IsEmpty(ListItem.mpaa) + StringCompare(ListItem.mpaa,PG)] | [IsEmpty(ListItem.mpaa) + StringCompare(VideoPlayer.mpaa,PG)]">flags/MPAA/mpaa_pg.png</value>
		<value condition="[!IsEmpty(ListItem.mpaa) + StringCompare(ListItem.mpaa,NC-17)] | [IsEmpty(ListItem.mpaa) + StringCompare(VideoPlayer.mpaa,NC-17)]">flags/MPAA/mpaa_nc17.png</value>
		<value condition="[!IsEmpty(ListItem.mpaa) + StringCompare(ListItem.mpaa,G)] | [IsEmpty(ListItem.mpaa) + StringCompare(VideoPlayer.mpaa,G)]">flags/MPAA/mpaa_general.png</value>
		<!-- US (TV) -->
		<value condition="[!IsEmpty(ListItem.mpaa) + SubString(ListItem.mpaa,TV-14,Right)] | [IsEmpty(ListItem.mpaa) + SubString(VideoPlayer.mpaa,TV-14,Right)]">flags/MPAA/TV-14.png</value>
		<value condition="[!IsEmpty(ListItem.mpaa) + SubString(ListItem.mpaa,TV-G,Right)] | [IsEmpty(ListItem.mpaa) + SubString(VideoPlayer.mpaa,TV-G,Right)]">flags/MPAA/TV-G.png</value>
		<value condition="[!IsEmpty(ListItem.mpaa) + SubString(ListItem.mpaa,TV-MA,Right)] | [IsEmpty(ListItem.mpaa) + SubString(VideoPlayer.mpaa,TV-MA,Right)]">flags/MPAA/TV-MA.png</value>
		<value condition="[!IsEmpty(ListItem.mpaa) + SubString(ListItem.mpaa,TV-PG,Right)] | [IsEmpty(ListItem.mpaa) + SubString(VideoPlayer.mpaa,TV-PG,Right)]">flags/MPAA/TV-PG.png</value>
		<value condition="[!IsEmpty(ListItem.mpaa) + SubString(ListItem.mpaa,TV-Y7,Right)] | [IsEmpty(ListItem.mpaa) + SubString(VideoPlayer.mpaa,TV-Y7,Right)]">flags/MPAA/TV-Y7.png</value>
		<value condition="[!IsEmpty(ListItem.mpaa) + SubString(ListItem.mpaa,TV-Y,Right)] | [IsEmpty(ListItem.mpaa) + SubString(VideoPlayer.mpaa,TV-Y,Right)]">flags/MPAA/TV-Y.png</value>
		<!-- Germany -->
		<value condition="[!IsEmpty(ListItem.mpaa) + SubString(ListItem.mpaa,Germany:0)] | [IsEmpty(ListItem.mpaa) + SubString(VideoPlayer.mpaa,Germany:0)]">flags/MPAA/germany_0.png</value>
		<value condition="[!IsEmpty(ListItem.mpaa) + SubString(ListItem.mpaa,Germany:6)] | [IsEmpty(ListItem.mpaa) + SubString(VideoPlayer.mpaa,Germany:6)]">flags/MPAA/germany_6.png</value>
		<value condition="[!IsEmpty(ListItem.mpaa) + SubString(ListItem.mpaa,Germany:12)] | [IsEmpty(ListItem.mpaa) + SubString(VideoPlayer.mpaa,Germany:12)]">flags/MPAA/germany_12.png</value>
		<value condition="[!IsEmpty(ListItem.mpaa) + SubString(ListItem.mpaa,Germany:16)] | [IsEmpty(ListItem.mpaa) + SubString(VideoPlayer.mpaa,Germany:16)]">flags/MPAA/germany_16.png</value>
		<value condition="[!IsEmpty(ListItem.mpaa) + SubString(ListItem.mpaa,Germany:18)] | [IsEmpty(ListItem.mpaa) + SubString(VideoPlayer.mpaa,Germany:18)]">flags/MPAA/germany_18.png</value>
		<!-- Australia -->
		<value condition="[!IsEmpty(ListItem.mpaa) + SubString(ListItem.mpaa,Australia:R)] | [IsEmpty(ListItem.mpaa) + SubString(VideoPlayer.mpaa,Australia:R)]">flags/MPAA/australia_r.png</value>
		<value condition="[!IsEmpty(ListItem.mpaa) + SubString(ListItem.mpaa,Australia:MA)] | [IsEmpty(ListItem.mpaa) + SubString(VideoPlayer.mpaa,Australia:MA)]">flags/MPAA/australia_ma.png</value>
		<value condition="[!IsEmpty(ListItem.mpaa) + SubString(ListItem.mpaa,Australia:M)] | [IsEmpty(ListItem.mpaa) + SubString(VideoPlayer.mpaa,Australia:M)]">flags/MPAA/australia_m.png</value>
		<value condition="[!IsEmpty(ListItem.mpaa) + SubString(ListItem.mpaa,Australia:PG)] | [IsEmpty(ListItem.mpaa) + SubString(VideoPlayer.mpaa,Australia:PG)]">flags/MPAA/australia_pg.png</value>
		<value condition="[!IsEmpty(ListItem.mpaa) + SubString(ListItem.mpaa,Australia:G)] | [IsEmpty(ListItem.mpaa) + SubString(VideoPlayer.mpaa,Australia:G)]">flags/MPAA/australia_g.png</value>
		<value condition="[!IsEmpty(ListItem.mpaa) + SubString(ListItem.mpaa,Australia:E)] | [IsEmpty(ListItem.mpaa) + SubString(VideoPlayer.mpaa,Australia:E)]">flags/MPAA/australia_e.png</value>
		<value condition="[!IsEmpty(ListItem.mpaa) + SubString(ListItem.mpaa,Australia:X)] | [IsEmpty(ListItem.mpaa) + SubString(VideoPlayer.mpaa,Australia:X)]">flags/MPAA/australia_x.png</value>
		<!-- United Kingdom -->
		<value condition="[!IsEmpty(ListItem.mpaa) + SubString(ListItem.mpaa,UK:U)] | [IsEmpty(ListItem.mpaa) + SubString(VideoPlayer.mpaa,UK:U)]">flags/MPAA/bbfc_u.png</value>
		<value condition="[!IsEmpty(ListItem.mpaa) + SubString(ListItem.mpaa,UK:PG)] | [IsEmpty(ListItem.mpaa) + SubString(VideoPlayer.mpaa,UK:PG)]">flags/MPAA/bbfc_pg.png</value>
		<value condition="[!IsEmpty(ListItem.mpaa) + SubString(ListItem.mpaa,UK:12A)] | [IsEmpty(ListItem.mpaa) + SubString(VideoPlayer.mpaa,UK:12A)]">flags/MPAA/bbfc_12a.png</value>
		<value condition="[!IsEmpty(ListItem.mpaa) + SubString(ListItem.mpaa,UK:12)] | [IsEmpty(ListItem.mpaa) + SubString(VideoPlayer.mpaa,UK:12)]">flags/MPAA/bbfc_12.png</value>
		<value condition="[!IsEmpty(ListItem.mpaa) + SubString(ListItem.mpaa,UK:15)] | [IsEmpty(ListItem.mpaa) + SubString(VideoPlayer.mpaa,UK:15)]">flags/MPAA/bbfc_15.png</value>
		<value condition="[!IsEmpty(ListItem.mpaa) + SubString(ListItem.mpaa,UK:18)] | [IsEmpty(ListItem.mpaa) + SubString(VideoPlayer.mpaa,UK:18)]">flags/MPAA/bbfc_18.png</value>
		<value condition="[!IsEmpty(ListItem.mpaa) + SubString(ListItem.mpaa,UK:X)] | [IsEmpty(ListItem.mpaa) + SubString(VideoPlayer.mpaa,UK:X)]">flags/MPAA/bbfc_r18.png</value>
		<!-- France -->
		<value condition="[IsEmpty(ListItem.mpaa) + [substring(VideoPlayer.mpaa,France:U) | Substring(VideoPlayer.mpaa,partir de 3 ans) | Substring(VideoPlayer.mpaa,partir de 6 ans)]] | [!IsEmpty(ListItem.mpaa) + [substring(ListItem.mpaa,France:U) | Substring(ListItem.mpaa,partir de 3 ans) | Substring(ListItem.mpaa,partir de 6 ans)]]">flags/MPAA/csaU.png</value>
		<value condition="[IsEmpty(ListItem.mpaa) + [substring(VideoPlayer.mpaa,France:-10) | Substring(VideoPlayer.mpaa,Interdit aux moins de 10 ans) | Substring(VideoPlayer.mpaa,des propos ou des images peuvent heurter)]] | [!IsEmpty(ListItem.mpaa) + [substring(ListItem.mpaa,France:-10) | Substring(ListItem.mpaa,Interdit aux moins de 10 ans) | Substring(ListItem.mpaa,des propos ou des images peuvent heurter)]]">flags/MPAA/csa10.png</value>
		<value condition="[IsEmpty(ListItem.mpaa) + [substring(VideoPlayer.mpaa,France:-12) | Substring(VideoPlayer.mpaa,Interdit aux moins de 12 ans)]] | [!IsEmpty(ListItem.mpaa) + [substring(ListItem.mpaa,France:-12) | Substring(ListItem.mpaa,Interdit aux moins de 12 ans)]]">flags/MPAA/csa12.png</value>
		<value condition="[IsEmpty(ListItem.mpaa) + [substring(VideoPlayer.mpaa,France:-16) | Substring(VideoPlayer.mpaa,Interdit aux moins de 16 ans)]] | [!IsEmpty(ListItem.mpaa) + [substring(ListItem.mpaa,France:-16) | Substring(ListItem.mpaa,Interdit aux moins de 16 ans)]]">flags/MPAA/csa16.png</value>
		<value condition="[IsEmpty(ListItem.mpaa) + [substring(VideoPlayer.mpaa,France:-18) | Substring(VideoPlayer.mpaa,Interdit aux moins de 18 ans)]] | [!IsEmpty(ListItem.mpaa) + [substring(ListItem.mpaa,France:-18) | Substring(ListItem.mpaa,Interdit aux moins de 18 ans)]]">flags/MPAA/csa18.png</value>
		<!-- Korean -->
		<value condition="[IsEmpty(ListItem.mpaa) + substring(VideoPlayer.mpaa,전체)] | [!IsEmpty(ListItem.mpaa) + substring(ListItem.mpaa,전체)]">flags/MPAA/KR_Certificate_All.png</value>
		<value condition="[IsEmpty(ListItem.mpaa) + substring(VideoPlayer.mpaa,12세)] | [!IsEmpty(ListItem.mpaa) + substring(ListItem.mpaa,12세)]">flags/MPAA/KR_Certificate_12.png</value>
		<value condition="[IsEmpty(ListItem.mpaa) + substring(VideoPlayer.mpaa,15세)] | [!IsEmpty(ListItem.mpaa) + substring(ListItem.mpaa,15세)]">flags/MPAA/KR_Certificate_15.png</value>
		<value condition="[IsEmpty(ListItem.mpaa) + substring(VideoPlayer.mpaa,불가)] | [!IsEmpty(ListItem.mpaa) + substring(ListItem.mpaa,불가)]">flags/MPAA/KR_Certificate_18.png</value>
		<value condition="[IsEmpty(ListItem.mpaa) + substring(VideoPlayer.mpaa,제한)] | [!IsEmpty(ListItem.mpaa) + substring(ListItem.mpaa,제한)]">flags/MPAA/KR_Certificate_R.png</value>
		<!-- Brazil -->
		<value condition="[!IsEmpty(ListItem.mpaa) + [substring(ListItem.mpaa,Brazil:Livre) | substring(ListItem.mpaa,Livre)]] | [IsEmpty(ListItem.mpaa) + [substring(VideoPlayer.mpaa,Brazil:Livre) | substring(VideoPlayer.mpaa,Livre)]]">flags/MPAA/MPAA_Brazil_Livre.png</value>
		<value condition="[!IsEmpty(ListItem.mpaa) + [substring(ListItem.mpaa,Brazil:10) | substring(ListItem.mpaa,10 anos)]] | [IsEmpty(ListItem.mpaa) + [substring(VideoPlayer.mpaa,Brazil:10) | substring(VideoPlayer.mpaa,10 anos)]]">flags/MPAA/MPAA_Brazil_10.png</value>
		<value condition="[!IsEmpty(ListItem.mpaa) + [substring(ListItem.mpaa,Brazil:12) | substring(ListItem.mpaa,12 anos)]] | [IsEmpty(ListItem.mpaa) + [substring(VideoPlayer.mpaa,Brazil:12) | substring(VideoPlayer.mpaa,12 anos)]]">flags/MPAA/MPAA_Brazil_12.png</value>
		<value condition="[!IsEmpty(ListItem.mpaa) + [substring(ListItem.mpaa,Brazil:14) | substring(ListItem.mpaa,14 anos)]] | [IsEmpty(ListItem.mpaa) + [substring(VideoPlayer.mpaa,Brazil:14) | substring(VideoPlayer.mpaa,14 anos)]]">flags/MPAA/MPAA_Brazil_14.png</value>
		<value condition="[!IsEmpty(ListItem.mpaa) + [substring(ListItem.mpaa,Brazil:16) | substring(ListItem.mpaa,16 anos)]] | [IsEmpty(ListItem.mpaa) + [substring(VideoPlayer.mpaa,Brazil:16) | substring(VideoPlayer.mpaa,16 anos)]]">flags/MPAA/MPAA_Brazil_16.png</value>
		<value condition="[!IsEmpty(ListItem.mpaa) + [substring(ListItem.mpaa,Brazil:18) | substring(ListItem.mpaa,18 anos)]] | [IsEmpty(ListItem.mpaa) + [substring(VideoPlayer.mpaa,Brazil:18) | substring(VideoPlayer.mpaa,18 anos)]]">flags/MPAA/MPAA_Brazil_18.png</value>
		<value>flags/MPAA/NoRating.png</value>
	</variable>
	<variable name="MediaFlag_Rating">
		<value condition="[!Skin.HasSetting(Show_MediaFlagUserRating) + !IsEmpty(ListItem.Rating)] | [Skin.HasSetting(Show_MediaFlagUserRating) + IsEmpty(ListItem.UserRating)]">$INFO[ListItem.Rating]</value>
		<value condition="Skin.HasSetting(Show_MediaFlagUserRating) + !IsEmpty(ListItem.UserRating)">$INFO[ListItem.UserRating]</value>
		<value>NA</value>
	</variable>
	<variable name="PosterThumb">
		<value condition="!SubString(Container.FolderPath,plugin) + !IsEmpty(ListItem.Art(poster))">$INFO[ListItem.Art(poster)]</value>
		<value>$INFO[ListItem.Icon]</value>
	</variable>
	<variable name="SquarePosterThumb">
		<value>$INFO[ListItem.Icon]</value>
	</variable>
	<variable name="LandscapeFanart">
		<!-- control 52 is the Landscape Viewtype, where Landscape images are always preferred -->
		<value condition="!IsEmpty(ListItem.Art(landscape)) + !StringCompare(ListItem.Art(landscape),-) + [Skin.HasSetting(ViewPreferLandscape) | Control.IsVisible(52)]">$INFO[ListItem.Art(landscape)]</value>
		<value>$INFO[ListItem.Art(fanart)]</value>
	</variable>
	<variable name="ListClearartClearlogo">
		<value condition="[!IsEmpty(ListItem.Art(clearlogo)) + !StringCompare(ListItem.Art(clearlogo),-) + Skin.HasSetting(ViewPreferClearLogo)] | IsEmpty(ListItem.Art(clearart)) | StringCompare(ListItem.Art(clearart),-)">$INFO[ListItem.Art(clearlogo)]</value>
		<value>$INFO[ListItem.Art(clearart)]</value>
	</variable>
	<variable name="PlayerTVShowClearartClearlogo">
		<value condition="[!IsEmpty(Player.Art(tvshow.clearlogo)) + !StringCompare(Player.Art(tvshow.clearlogo),-) + Skin.HasSetting(ViewPreferClearLogo)] | IsEmpty(Player.Art(tvshow.clearart)) | StringCompare(Player.Art(tvshow.clearart),-)">$INFO[Player.Art(tvshow.clearlogo)]</value>
		<value>$INFO[Player.Art(tvshow.clearart)]</value>
	</variable>
	<variable name="VideoPlayerTitle">
		<value condition="!IsEmpty(VideoPlayer.Year) + !VideoPlayer.Content(MusicVideos)">$INFO[VideoPlayer.Season,,x]$INFO[VideoPlayer.Episode,,. ]$INFO[VideoPlayer.TVShowTitle,, - ]$INFO[VideoPlayer.Title]$INFO[VideoPlayer.Year, (,)]</value>
		<value condition="IsEmpty(VideoPlayer.Year) + !VideoPlayer.Content(MusicVideos)">$INFO[VideoPlayer.Season,,x]$INFO[VideoPlayer.Episode,,. ]$INFO[VideoPlayer.TVShowTitle,, - ]$INFO[VideoPlayer.Title]</value>
		<value>$INFO[VideoPlayer.Title]</value>
	</variable>
	<variable name="VideoPlayerTitle2">
		<value condition="!IsEmpty(VideoPlayer.Year) + [!IsEmpty(VideoPlayer.Artist) | !IsEmpty(VideoPlayer.Album)] + VideoPlayer.Content(MusicVideos)">$INFO[VideoPlayer.Artist]$INFO[VideoPlayer.Album, - ]$INFO[VideoPlayer.Year, (,)]</value>
		<value condition="IsEmpty(VideoPlayer.Year) + [!IsEmpty(VideoPlayer.Artist) | !IsEmpty(VideoPlayer.Album)] + VideoPlayer.Content(MusicVideos)">$INFO[VideoPlayer.Artist]$INFO[VideoPlayer.Album, - ]</value>
		<value condition="IntegerGreaterThan(Player.ChapterCount,1) + !VideoPlayer.Content(LiveTV)">$INFO[Player.Chapter,$LOCALIZE[21396]: ]$INFO[Player.ChapterCount, / ]$INFO[Player.ChapterName,[COLOR=TitleText] - (,)[/COLOR]]</value>
		<value>$INFO[VideoPlayer.Tagline]</value>
	</variable>
	<variable name="GoPlaylist">
		<value condition="Window.IsActive(videos) + !StringCompare(Playlist.Length(video),0)">ActivateWindow(videoplaylist)</value>
		<value condition="Window.IsActive(music) + !StringCompare(Playlist.Length(music),0)">ActivateWindow(musicplaylist)</value>
	</variable>
	<variable name="TVShowStatus">
		<value condition="!IsEmpty(Window(Home).Property(NextAired.Label))">$INFO[Window(Home).Property(NextAired.Status)]</value>
		<value>$LOCALIZE[31472]</value>
	</variable>
	<variable name="VideoHWDecoder">
		<value condition="Player.Process(videohwdecoder)">HW</value>
		<value>SW</value>
	</variable>

	<variable name="GlobalHeadingLeft">
		<value condition="[SubString(System.CurrentWindow, Videos, right) | SubString(System.CurrentWindow, Music, right) | SubString(System.CurrentWindow, Programs, right) | SubString(System.CurrentWindow, Pictures, right)] + IsEmpty(Container.FolderPath)">$INFO[System.CurrentWindow]</value>
		<value condition="[SubString(Container.FolderPath, library://video/movies/, right) | SubString(Container.FolderPath, library://video/tvshows/, right) | SubString(Container.FolderPath, sources://video/, right) | SubString(Container.FolderPath, special://videoplaylists/, right) | SubString(Container.FolderPath, addons://sources/video, right) | SubString(Container.FolderPath, addons://sources/executable, right) | SubString(Container.FolderPath, addons://sources/image, right)]">$INFO[System.CurrentWindow]$INFO[Container.FolderName, · ]</value>
		<value condition="SubString(Container.FolderPath, special://videoplaylists/, left) + !SubString(Container.FolderPath, special://videoplaylists/, right)">$INFO[System.CurrentWindow,, · ]$LOCALIZE[20011]$INFO[Container.FolderName, · ]</value>

		<!-- Left side movie titles -->
		<value condition="SubString(Container.FolderPath, videodb://movies/genres/, right) | SubString(Container.FolderPath, videodb://movies/years/, right) | SubString(Container.FolderPath, videodb://movies/actors/, right) | SubString(Container.FolderPath, videodb://movies/directors/, right) | SubString(Container.FolderPath, videodb://movies/studios/, right) | SubString(Container.FolderPath, videodb://movies/sets/, right) | SubString(Container.FolderPath, videodb://movies/countries/, right) | SubString(Container.FolderPath, videodb://movies/tags/, right) | SubString(Container.FolderPath, videodb://recentlyaddedmovies/, left)">$INFO[System.CurrentWindow,, · ]$LOCALIZE[342]$INFO[Container.FolderName, · ]</value>
		<value condition="SubString(Container.FolderPath, videodb://movies/genres/, left) + !SubString(Container.FolderPath, videodb://movies/genres/, right)">$INFO[System.CurrentWindow,, · ]$LOCALIZE[342] · $LOCALIZE[135]$INFO[Container.FolderName, · ]</value>
		<value condition="SubString(Container.FolderPath, videodb://movies/years/, left) + !SubString(Container.FolderPath, videodb://movies/years/, right)">$INFO[System.CurrentWindow,, · ]$LOCALIZE[342] · $LOCALIZE[345]$INFO[Container.FolderName, · ]</value>
		<value condition="SubString(Container.FolderPath, videodb://movies/actors/, left) + !SubString(Container.FolderPath, videodb://movies/actors/, right)">$INFO[System.CurrentWindow,, · ]$LOCALIZE[342] · $LOCALIZE[344]$INFO[Container.FolderName, · ]</value>
		<value condition="SubString(Container.FolderPath, videodb://movies/directors/, left) + !SubString(Container.FolderPath, videodb://movies/directors/, right)">$INFO[System.CurrentWindow,, · ]$LOCALIZE[342] · $LOCALIZE[20348]$INFO[Container.FolderName, · ]</value>
		<value condition="SubString(Container.FolderPath, videodb://movies/studios/, left) + !SubString(Container.FolderPath, videodb://movies/studios/, right)">$INFO[System.CurrentWindow,, · ]$LOCALIZE[342] · $LOCALIZE[20388]$INFO[Container.FolderName, · ]</value>
		<value condition="SubString(Container.FolderPath, videodb://movies/sets/, left) + !SubString(Container.FolderPath, videodb://movies/sets/, right)">$INFO[System.CurrentWindow,, · ]$LOCALIZE[342] · $LOCALIZE[20434]$INFO[Container.FolderName, · ]</value>
		<value condition="SubString(Container.FolderPath, videodb://movies/countries/, left) + !SubString(Container.FolderPath, videodb://movies/countries/, right)">$INFO[System.CurrentWindow,, · ]$LOCALIZE[342] · $LOCALIZE[20451]$INFO[Container.FolderName, · ]</value>
		<value condition="SubString(Container.FolderPath, videodb://movies/tags/, left) + !SubString(Container.FolderPath, videodb://movies/tags/, right)">$INFO[System.CurrentWindow,, · ]$LOCALIZE[342] · $LOCALIZE[20459]$INFO[Container.FolderName, · ]</value>
		<!-- fallbacks -->
		<value condition="SubString(Container.FolderPath, videodb://movies/, left)">$INFO[System.CurrentWindow,, · ]$LOCALIZE[342]</value>

		<!-- Left side tvshows titles -->
		<value condition="SubString(Container.FolderPath, videodb://tvshows/genres/, right) | SubString(Container.FolderPath, videodb://tvshows/years/, right) | SubString(Container.FolderPath, videodb://tvshows/actors/, right) | SubString(Container.FolderPath, videodb://inprogresstvshows/, right) | SubString(Container.FolderPath, videodb://tvshows/studios/, right) | SubString(Container.FolderPath, videodb://tvshows/tags/, right) | SubString(Container.FolderPath, videodb://recentlyaddedepisodes/, left)">$INFO[System.CurrentWindow,, · ]$LOCALIZE[20343]$INFO[Container.FolderName, · ]</value>
		<!-- These do not show the Genre in the title due to most titles having multiple genres and Kodi not keeping track of which singular genre you got here with -->
		<value condition="SubString(Container.FolderPath, videodb://tvshows/genres/, left) + !SubString(Container.FolderPath, videodb://tvshows/genres/, right) + SubString(ListItem.DBType, tvshow, left)">$INFO[System.CurrentWindow,, · ]$LOCALIZE[20343] · $LOCALIZE[135]$INFO[Container.FolderName, · ]</value>
		<value condition="SubString(Container.FolderPath, videodb://tvshows/genres/, left) + !SubString(Container.FolderPath, videodb://tvshows/genres/, right) + [SubString(ListItem.DBType, season, left) | [SubString(ListItem.DBType, episode, left) + !SubString(Container.FolderName, Season)]]">$INFO[System.CurrentWindow,, · ]$LOCALIZE[20343] · $LOCALIZE[135] · ...$INFO[Container.FolderName, · ]</value>
		<value condition="SubString(Container.FolderPath, videodb://tvshows/genres/, left) + !SubString(Container.FolderPath, videodb://tvshows/genres/, right) + SubString(ListItem.DBType, episode, left) + SubString(Container.FolderName, Season)">$INFO[System.CurrentWindow,, · ]$LOCALIZE[20343] · $LOCALIZE[135] · ...$INFO[Container.ShowTitle, · ]$INFO[Container.FolderName, · ]</value>
		<value condition="SubString(Container.FolderPath, videodb://tvshows/titles/, left) + !SubString(Container.FolderPath, videodb://tvshows/titles/, right) + !SubString(Container.FolderName, Season)">$INFO[System.CurrentWindow,, · ]$LOCALIZE[20343]$INFO[Container.FolderName, · ]</value>
		<value condition="SubString(Container.FolderPath, videodb://tvshows/titles/, left) + !SubString(Container.FolderPath, videodb://tvshows/titles/, right) + SubString(Container.FolderName, Season)">$INFO[System.CurrentWindow,, · ]$LOCALIZE[20343]$INFO[ListItem.TVShowTitle, · ]$INFO[Container.FolderName, · ]</value>
		<value condition="SubString(Container.FolderPath, videodb://tvshows/years/, left) + !SubString(Container.FolderPath, videodb://tvshows/years/, right) + SubString(ListItem.DBType, tvshow, left)">$INFO[System.CurrentWindow,, · ]$LOCALIZE[20343] · $LOCALIZE[345]$INFO[Container.FolderName, · ]</value>
		<value condition="SubString(Container.FolderPath, videodb://tvshows/years/, left) + !SubString(Container.FolderPath, videodb://tvshows/years/, right) + [SubString(ListItem.DBType, season, left) | [SubString(ListItem.DBType, episode, left) + !SubString(Container.FolderName, Season)]]">$INFO[System.CurrentWindow,, · ]$LOCALIZE[20343] · $LOCALIZE[345]$INFO[ListItem.Year, · ]$INFO[Container.FolderName, · ]</value>
		<value condition="SubString(Container.FolderPath, videodb://tvshows/years/, left) + !SubString(Container.FolderPath, videodb://tvshows/years/, right) + SubString(ListItem.DBType, episode, left) + SubString(Container.FolderName, Season)">$INFO[System.CurrentWindow,, · ]$LOCALIZE[20343] · $LOCALIZE[345]$INFO[ListItem.Year, · ]$INFO[Container.ShowTitle, · ]$INFO[Container.FolderName, · ]</value>
		<value condition="SubString(Container.FolderPath, videodb://tvshows/actors/, left) + !SubString(Container.FolderPath, videodb://tvshows/actors/, right) + SubString(ListItem.DBType, tvshow, left)">$INFO[System.CurrentWindow,, · ]$LOCALIZE[20343] · $LOCALIZE[344]$INFO[Container.FolderName, · ]</value>
		<value condition="SubString(Container.FolderPath, videodb://tvshows/actors/, left) + !SubString(Container.FolderPath, videodb://tvshows/actors/, right) + [SubString(ListItem.DBType, season, left) | [SubString(ListItem.DBType, episode, left) + !SubString(Container.FolderName, Season)]]">$INFO[System.CurrentWindow,, · ]$LOCALIZE[20343] · $LOCALIZE[344] · ...$INFO[Container.FolderName, · ]</value>
		<value condition="SubString(Container.FolderPath, videodb://tvshows/actors/, left) + !SubString(Container.FolderPath, videodb://tvshows/actors/, right) + SubString(ListItem.DBType, episode, left) + SubString(Container.FolderName, Season)">$INFO[System.CurrentWindow,, · ]$LOCALIZE[20343] · $LOCALIZE[344] · ...$INFO[ListItem.TVShowTitle, · ]$INFO[Container.FolderName, · ]</value>
		<value condition="SubString(Container.FolderPath, videodb://tvshows/studios/, left) + !SubString(Container.FolderPath, videodb://tvshows/studios/, right) + SubString(ListItem.DBType, tvshow, left)">$INFO[System.CurrentWindow,, · ]$LOCALIZE[20343] · $LOCALIZE[20388]$INFO[Container.FolderName, · ]</value>
		<value condition="SubString(Container.FolderPath, videodb://tvshows/studios/, left) + !SubString(Container.FolderPath, videodb://tvshows/studios/, right) + [SubString(ListItem.DBType, season, left) | [SubString(ListItem.DBType, episode, left) + !SubString(Container.FolderName, Season)]]">$INFO[System.CurrentWindow,, · ]$LOCALIZE[20343] · $LOCALIZE[20388] · ...$INFO[Container.FolderName, · ]</value>
		<value condition="SubString(Container.FolderPath, videodb://tvshows/studios/, left) + !SubString(Container.FolderPath, videodb://tvshows/studios/, right) + SubString(ListItem.DBType, episode, left) + SubString(Container.FolderName, Season)">$INFO[System.CurrentWindow,, · ]$LOCALIZE[20343] · $LOCALIZE[20388] · ...$INFO[ListItem.TVShowTitle, · ]$INFO[Container.FolderName, · ]</value>
		<value condition="SubString(Container.FolderPath, videodb://tvshows/tags/, left) + !SubString(Container.FolderPath, videodb://tvshows/tags/, right)">$INFO[System.CurrentWindow,, · ]$LOCALIZE[20343] · $LOCALIZE[20459]$INFO[Container.FolderName, · ]</value>
		<!-- fallbacks -->
		<value condition="SubString(Container.FolderPath, videodb://tvshows/, left) + SubString(ListItem.DBType, episode, left) + SubString(Container.FolderName, Season)">$INFO[Container.ShowTitle]$INFO[Container.FolderName,: ]</value>
		<value condition="SubString(Container.FolderPath, videodb://tvshows/, left)">$INFO[System.CurrentWindow,, · ]$LOCALIZE[20343]</value>

		<!-- Left side files titles -->
		<value condition="[System.CurrentWindow(Videos) + Container.Content(files)]">$INFO[System.CurrentWindow],, · ]$LOCALIZE[744]$INFO[Container.FolderName, · ]</value>

		<!-- Left side playlist titles -->
		<value condition="[SubString(Container.FolderPath, special://profile/playlists/, left) + !SubString(Container.FolderPath, special://profile/playlists/, right)]">$INFO[System.CurrentWindow,, · ]$LOCALIZE[136]$INFO[Container.FolderName, · ]</value>

		<!-- Left side pictures titles -->
		<value condition="SubString(System.CurrentWindow, Pictures, left) + !IsEmpty(Container.FolderPath) + !SubString(Container.FolderPath, addons://sources/image, right) + !SubString(Container.FolderPath, plugin, left)">$INFO[System.CurrentWindow] · $INFO[Container.FolderPath]</value>

		<!-- Left side music titles -->
		<value condition="SubString(Container.FolderPath, musicdb://genres/, right) | SubString(Container.FolderPath, musicdb://artists/, right) | SubString(Container.FolderPath, musicdb://albums/, right) | SubString(Container.FolderPath, musicdb://songs/, right) | SubString(Container.FolderPath, musicdb://years/, right) | SubString(Container.FolderPath, library://music/top100/, right) | SubString(Container.FolderPath, musicdb://recentlyaddedalbums/, right) | SubString(Container.FolderPath, musicdb://recentlyplayedalbums/, right) | SubString(Container.FolderPath, musicdb://compilations/, right) | SubString(Container.FolderPath, special://musicplaylists/, right) | SubString(Container.FolderPath, library://music/musicroles/, right) | SubString(Container.FolderPath, sources://music/, right)">$INFO[System.CurrentWindow]$INFO[Container.FolderName, · ]</value>
		<value condition="SubString(Container.FolderPath, musicdb://genres/, left) + !SubString(Container.FolderPath, musicdb://genres/, right) + !SubString(ListItem.DBType, album, left) + !SubString(ListItem.DBType,song,left)">$INFO[System.CurrentWindow,, · ]$LOCALIZE[135]$INFO[Container.FolderName, · ]</value>
		<value condition="SubString(Container.FolderPath, musicdb://genres/, left) + !SubString(Container.FolderPath, musicdb://genres/, right) + SubString(ListItem.DBType, album, left)">$INFO[System.CurrentWindow,, · ]$LOCALIZE[135]$INFO[ListItem.Genre, · ]$INFO[Container.FolderName, · ]</value>
		<value condition="SubString(Container.FolderPath, musicdb://genres/, left) + !SubString(Container.FolderPath, musicdb://genres/, right) + SubString(ListItem.DBType, song, left)">$INFO[System.CurrentWindow,, · ]$LOCALIZE[135]$INFO[ListItem.Genre, · ] · ...$INFO[Container.FolderName, · ]</value>
		<value condition="SubString(Container.FolderPath, musicdb://artists/, left) + !SubString(Container.FolderPath, musicdb://artists/, right) + !SubString(ListItem.DBType, song, left)">$INFO[System.CurrentWindow,, · ]$LOCALIZE[133]$INFO[Container.FolderName, · ]</value>
		<value condition="SubString(Container.FolderPath, musicdb://artists/, left) + !SubString(Container.FolderPath, musicdb://artists/, right) + SubString(ListItem.DBType, song, left)">$INFO[System.CurrentWindow,, · ]$LOCALIZE[133] · ...$INFO[Container.FolderName, · ]</value>
		<value condition="SubString(Container.FolderPath, musicdb://albums/, left) + !SubString(Container.FolderPath, musicdb://albums/, right)">$INFO[System.CurrentWindow,, · ]$LOCALIZE[132]$INFO[Container.FolderName, · ]</value>
		<value condition="SubString(Container.FolderPath, musicdb://songs/, left) + !SubString(Container.FolderPath, musicdb://songs/, right)">$INFO[System.CurrentWindow,, · ]$LOCALIZE[134]$INFO[Container.FolderName, · ]</value>
		<value condition="SubString(Container.FolderPath, musicdb://years/, left) + !SubString(Container.FolderPath, musicdb://years/, right) + !SubString(ListItem.DBType, song, left)">$INFO[System.CurrentWindow,, · ]$LOCALIZE[652]$INFO[Container.FolderName, · ]</value>
		<value condition="SubString(Container.FolderPath, musicdb://years/, left) + !SubString(Container.FolderPath, musicdb://years/, right) + SubString(ListItem.DBType, song, left)">$INFO[System.CurrentWindow,, · ]$LOCALIZE[652]$INFO[ListItem.Year, · ]$INFO[Container.FolderName, · ]</value>
		<value condition="SubString(Container.FolderPath, library://music/top100/, left) + !SubString(Container.FolderPath, library://music/top100/, right)">$INFO[System.CurrentWindow,, · ]$LOCALIZE[271]$INFO[Container.FolderName, · ]</value>
		<value condition="SubString(Container.FolderPath, musicdb://recentlyaddedalbums/, left) + !SubString(Container.FolderPath, musicdb://recentlyaddedalbums/, right)">$INFO[System.CurrentWindow,, · ]$LOCALIZE[359]$INFO[Container.FolderName, · ]</value>
		<value condition="SubString(Container.FolderPath, musicdb://recentlyplayedalbums/, left) + !SubString(Container.FolderPath, musicdb://recentlyplayedalbums/, right)">$INFO[System.CurrentWindow,, · ]$LOCALIZE[517]$INFO[Container.FolderName, · ]</value>
		<value condition="SubString(Container.FolderPath, musicdb://compilations/, left) + !SubString(Container.FolderPath, musicdb://compilations/, right)">$INFO[System.CurrentWindow,, · ]$LOCALIZE[521]$INFO[Container.FolderName, · ]</value>
		<value condition="SubString(Container.FolderPath, special://musicplaylists/, left) + !SubString(Container.FolderPath, special://musicplaylists/, right)">$INFO[System.CurrentWindow,, · ]$LOCALIZE[20011]$INFO[Container.FolderName, · ]</value>
		<value condition="SubString(Container.FolderPath, library://music/musicroles/, left) + !SubString(Container.FolderPath, library://music/musicroles/, right)">$INFO[System.CurrentWindow,, · ]$LOCALIZE[29994]$INFO[Container.FolderName, · ]</value>
		<value condition="SubString(System.CurrentWindow, Music, left) + SubString(Container.Content, files, right)">$INFO[System.CurrentWindow,, · ]$LOCALIZE[744]$INFO[Container.FolderPath, · ]</value>
		<!-- fallbacks -->
		<value condition="SubString(Container.FolderPath, musicdb://, left)">$INFO[System.CurrentWindow]</value>

		<!-- Left side musicvideo titles -->
		<value condition="SubString(Container.FolderPath, videodb://musicvideos/genres/, right) | SubString(Container.FolderPath, videodb://musicvideos/years/, right) | SubString(Container.FolderPath, videodb://musicvideos/artists/, right) | SubString(Container.FolderPath, videodb://musicvideos/albums/, right) | SubString(Container.FolderPath, videodb://musicvideos/directors/, right) | SubString(Container.FolderPath, videodb://musicvideos/studios/, right) | SubString(Container.FolderPath, videodb://musicvideos/tags/, right) | SubString(Container.FolderPath, videodb://musicvideos/recentlyaddedmusicvideos/, right)">$LOCALIZE[20389]$INFO[Container.FolderName, · ]</value>
		<value condition="SubString(Container.FolderPath, videodb://musicvideos/genres/, left) + !SubString(Container.FolderPath, videodb://musicvideos/genres/, right) + !SubString(ListItem.DBType, album, left) + !SubString(ListItem.DBType, song, left)">$LOCALIZE[20389] · $LOCALIZE[135]$INFO[Container.FolderName, · ]</value>
		<value condition="SubString(Container.FolderPath, videodb://musicvideos/years/, left) + !SubString(Container.FolderPath, videodb://musicvideos/years/, right) + SubString(ListItem.DBType, musicvideo, left)">$LOCALIZE[20389] · $LOCALIZE[652]$INFO[Container.FolderName, · ]</value>
		<value condition="SubString(Container.FolderPath, videodb://musicvideos/artists/, left) + !SubString(Container.FolderPath, videodb://musicvideos/artists/, right) + !SubString(ListItem.DBType, musicvideo, left)">$LOCALIZE[20389] · $LOCALIZE[133]$INFO[Container.FolderName, · ]</value>
		<value condition="SubString(Container.FolderPath, videodb://musicvideos/artists/, left) + !SubString(Container.FolderPath, videodb://musicvideos/artists/, right) + SubString(ListItem.DBType, musicvideo, left)">$LOCALIZE[20389] · $LOCALIZE[133]$INFO[ListItem.Artist, · ]$INFO[Container.FolderName, · ]</value>
		<value condition="SubString(Container.FolderPath, videodb://musicvideos/albums/, left) + !SubString(Container.FolderPath, videodb://musicvideos/albums/, right)">$LOCALIZE[20389] · $LOCALIZE[132]$INFO[Container.FolderName, · ]</value>
		<value condition="SubString(Container.FolderPath, videodb://musicvideos/directors/, left) + !SubString(Container.FolderPath, videodb://musicvideos/directors/, right)">$LOCALIZE[20389] · $LOCALIZE[20348]$INFO[Container.FolderName, · ]</value>
		<value condition="SubString(Container.FolderPath, videodb://musicvideos/studios/, left) + !SubString(Container.FolderPath, videodb://musicvideos/studios/, right)">$LOCALIZE[20389] · $LOCALIZE[20388]$INFO[Container.FolderName, · ]</value>
		<value condition="SubString(Container.FolderPath, videodb://musicvideos/tags/, left) + !SubString(Container.FolderPath, videodb://musicvideos/tags/, right)">$LOCALIZE[20389] · $LOCALIZE[20459]$INFO[Container.FolderName, · ]</value>
		<!-- fallbacks -->
		<value condition="SubString(Container.FolderPath, videodb://musicvideos/, left)">$LOCALIZE[20389]</value>

		<!-- Left side addons titles -->
		<value condition="SubString(Container.FolderPath, plugin, left)">$INFO[System.CurrentWindow,, · ]$LOCALIZE[24001]$INFO[Container.FolderName, · ]</value>

		<!-- remaining old Left side titles-->
		<value condition="Window.IsActive(MusicPlaylist)">$LOCALIZE[2] $LOCALIZE[559]</value>
		<value condition="Window.IsActive(SystemInfo)">$LOCALIZE[130]</value>
		<value condition="Window.IsActive(LoginScreen)">$LOCALIZE[20096]</value>
		<value condition="IsEmpty(Container.FolderPath)">$INFO[System.CurrentWindow]</value>
		<value>$INFO[Container.FolderName]</value>
	</variable>
</includes>
