<?xml version="1.0" encoding="UTF-8"?>
<includes>
	<include name="MediaInfo2">
		<AAAcontrol type="label">
			<posy>580</posy>
			<posx>290</posx>
			<label>AAA $INFO[listitem.filename]</label>
		</AAAcontrol>
		<!-- Additional Media Flags -->
		<control type="grouplist" id="9902">
			<posx>293</posx>
			<posy>547</posy>
			<width>765</width>
			<height>56</height>
			<align>left</align>
			<itemgap>0</itemgap>
			<orientation>horizontal</orientation>
			<include>Animation_FadedByMenu</include>
			<include>Animation_CommonFade</include>
			<visible>!SubString(Container.FolderPath,plugin)</visible>
			<visible>Window.IsActive(videoosd) | Container.Content(movies) | Container.Content(episodes) | Container.Content(MusicVideos) | Window.IsActive(fullscreeninfo) | Window.IsActive(115)</visible>
			<include>VisibleIfNotMovieSet</include>


			<!-- Video Source (not shown in fullscreen video info) -->
			<control type="group">
				<width>90</width>
				<height>56</height>
				<AAAvisible>Container.Content(movies) | Container.Content(episodes) | Container.Content(MusicVideos)</AAAvisible>
				<control type="image">
					<width>90</width>
					<height>65</height>
					<top>-10</top>
					<left>6</left>
					<include>MediaFlagsVarsWide</include>
					<texture fallback="flags/default.png">flags/source/sdtv.png</texture>
					<colordiffuse>MediaFlagDiffuse</colordiffuse>
					<AAAvisible>substring(listitem.filename,sdtv) | substring(listitem.filename,tvrip) | [[!substring(listitem.filename,hdtv) + !substring(listitem.filename,bluray) + !substring(listitem.filename,hddvd) + !substring(listitem.filename,sddvd) + !substring(listitem.filename,blu-ray) + !substring(listitem.filename,brrip) + !substring(listitem.filename,bdrip) + !substring(listitem.filename,pdtv) + !substring(listitem.filename,.evo,Right) + !substring(listitem.filename,.mt2s,Right) + !substring(listitem.filename,.ifo,Right) + !substring(listitem.filename,.vob,Right) + !substring(listitem.filename,r5) + !substring(listitem.filename,dvdscr) + !substring(listitem.filename,screener) + !substring(listitem.filename,web-dl) + !substring(listitem.filename,webrip) + !substring(listitem.filename,dvd)] + Container.Content(episodes) + [substring(listitem.VideoResolution,SD) | substring(listitem.VideoResolution,480) | substring(listitem.VideoResolution,540) | substring(listitem.VideoResolution,576)]]</AAAvisible>
					<visible>substring(listitem.filename,sdtv) | substring(listitem.filename,sddvd) | substring(VideoPlayer.VideoResolution,SD) | substring(VideoPlayer.VideoResolution,480) | substring(VideoPlayer.VideoResolution,540) | substring(VideoPlayer.VideoResolution,576)</visible>
				</control>
				<control type="image">
					<include>MediaFlagsVarsWide</include>
					<texture fallback="flags/default.png">flags/source/hdtv.png</texture>
					<colordiffuse>MediaFlagDiffuse</colordiffuse>
					<AAAvisible>substring(listitem.filename,hdtv) | substring(listitem.filename,pdtv) | [[!substring(listitem.filename,sdtv) + !substring(listitem.filename,bluray) + !substring(listitem.filename,hddvd) + !substring(listitem.filename,sddvd) + !substring(listitem.filename,blu-ray) + !substring(listitem.filename,brrip) + !substring(listitem.filename,bdrip) + !substring(listitem.filename,tvrip) + !substring(listitem.filename,.evo,Right) + !substring(listitem.filename,.mt2s,Right) + !substring(listitem.filename,.ifo,Right) + !substring(listitem.filename,.vob,Right) + !substring(listitem.filename,r5) + !substring(listitem.filename,dvdscr) + !substring(listitem.filename,screener) + !substring(listitem.filename,web-dl) + !substring(listitem.filename,webrip) + !substring(listitem.filename,dvd)] + Container.Content(episodes) + [substring(listitem.VideoResolution,720) | substring(listitem.VideoResolution,1080) | substring(ListItem.VideoResolution,4K)]]</AAAvisible>
					<visible>substring(listitem.filename,hdtv) | substring(listitem.filename,hddvd) | substring(VideoPlayer.VideoResolution,HD) | substring(VideoPlayer.VideoResolution,720) | substring(VideoPlayer.VideoResolution,1080) | substring(VideoPlayer.VideoResolution,4K)</visible>
				</control>
				<control type="image">
					<include>MediaFlagsVarsWide</include>
					<texture fallback="flags/default.png">flags/source/webtv.png</texture>
					<colordiffuse>MediaFlagDiffuse</colordiffuse>
					<visible>substring(listitem.filename,web-dl) | substring(listitem.filename,webrip)</visible>
				</control>
				<control type="image">
					<include>MediaFlagsVarsWide</include>
					<texture fallback="flags/default.png">flags/source/hddvd.png</texture>
					<colordiffuse>MediaFlagDiffuse</colordiffuse>
					<visible>substring(listitem.filename,hddvd) | substring(listitem.filename,hd-dvd) | substring(listitem.filename,.evo,Right)</visible>
				</control>
				<control type="image">
					<include>MediaFlagsVarsWide</include>
					<texture fallback="flags/default.png">flags/source/bluray.png</texture>
					<colordiffuse>MediaFlagDiffuse</colordiffuse>
					<visible>!ListItem.IsStereoscopic + [substring(listitem.filename,bluray) | substring(listitem.filename,blu-ray) | substring(listitem.filename,brrip) | substring(listitem.filename,bdrip) | substring(listitem.filename,.mt2s,Right) | [[!substring(listitem.filename,sddvd) + !substring(listitem.filename,blu-ray) + !substring(listitem.filename,brrip) + !substring(listitem.filename,bdrip) + !substring(listitem.filename,tvrip) + !substring(listitem.filename,pdtv) + !substring(listitem.filename,hddvd) + !substring(listitem.filename,sdtv) + !substring(listitem.filename,hdtv) + !substring(listitem.filename,.evo,Right) + !substring(listitem.filename,.ifo,Right) + !substring(listitem.filename,.vob,Right) + !substring(listitem.filename,r5) + !substring(listitem.filename,dvdscr) + !substring(listitem.filename,screener) + !substring(listitem.filename,web-dl) + !substring(listitem.filename,webrip)] + [Container.Content(movies) | Container.Content(MusicVideos)] + [substring(ListItem.VideoResolution,720) | substring(ListItem.VideoResolution,1080) | substring(ListItem.VideoResolution,4K)]]]</visible>
				</control>
				<control type="image">
					<include>MediaFlagsVarsWide</include>
					<texture fallback="flags/default.png">flags/source/bd3d.png</texture>
					<colordiffuse>MediaFlagDiffuse</colordiffuse>
					<visible>ListItem.IsStereoscopic + [substring(listitem.filename,bluray) | substring(listitem.filename,blu-ray) | substring(listitem.filename,brrip) | substring(listitem.filename,bdrip) | substring(listitem.filename,.mt2s,Right) | [[!substring(listitem.filename,sddvd) + !substring(listitem.filename,blu-ray) + !substring(listitem.filename,brrip) + !substring(listitem.filename,bdrip) + !substring(listitem.filename,tvrip) + !substring(listitem.filename,pdtv) + !substring(listitem.filename,hddvd) + !substring(listitem.filename,sdtv) + !substring(listitem.filename,hdtv) + !substring(listitem.filename,.evo,Right) + !substring(listitem.filename,.ifo,Right) + !substring(listitem.filename,.vob,Right) + !substring(listitem.filename,r5) + !substring(listitem.filename,dvdscr) + !substring(listitem.filename,screener) + !substring(listitem.filename,web-dl) + !substring(listitem.filename,webrip)] + [Container.Content(movies) | Container.Content(MusicVideos)] + [substring(ListItem.VideoResolution,720) | substring(ListItem.VideoResolution,1080) | substring(ListItem.VideoResolution,4K)]]]</visible>
				</control>
				<control type="image">
					<include>MediaFlagsVarsWide</include>
					<texture fallback="flags/default.png">flags/source/dvd.png</texture>
					<colordiffuse>MediaFlagDiffuse</colordiffuse>
					<visible>[substring(listitem.filename,dvd) + !substring(listitem.filename,hddvd) + !substring(listitem.filename,hd-dvd) + !substring(listitem.filename,bluray) + !substring(listitem.filename,blu-ray) + !substring(listitem.filename,brrip) + !substring(listitem.filename,bdrip) + !substring(listitem.filename,r5) + !substring(listitem.filename,dvdscr) + !substring(listitem.filename,screener) + !substring(listitem.filename,web-dl) + !substring(listitem.filename,webrip)] | substring(listitem.filename,.ifo,Right) | substring(listitem.filename,.vob,Right) | [[!substring(listitem.filename,hddvd) + !substring(listitem.filename,bluray) + !substring(listitem.filename,blu-ray) + !substring(listitem.filename,brrip) + !substring(listitem.filename,bdrip) + !substring(listitem.filename,sdtv) + !substring(listitem.filename,hdtv) + !substring(listitem.filename,.evo,Right) + !substring(listitem.filename,.m2ts,Right) + !substring(listitem.filename,r5) + !substring(listitem.filename,dvdscr) + !substring(listitem.filename,screener) + !substring(listitem.filename,web-dl) + !substring(listitem.filename,webrip)] + [Container.Content(movies) | Container.Content(MusicVideos)] + [substring(listitem.VideoResolution,SD) | substring(listitem.VideoResolution,480) | substring(listitem.VideoResolution,540) | substring(listitem.VideoResolution,576)]]</visible>
				</control>
				<control type="image">
					<include>MediaFlagsVarsWide</include>
					<texture fallback="flags/default.png">flags/source/r5.png</texture>
					<colordiffuse>MediaFlagDiffuse</colordiffuse>
					<visible>substring(listitem.filename,r5)</visible>
				</control>
				<control type="image">
					<include>MediaFlagsVarsWide</include>
					<texture fallback="flags/default.png">flags/source/screener.png</texture>
					<colordiffuse>MediaFlagDiffuse</colordiffuse>
					<visible>substring(listitem.filename,dvdscr) | substring(listitem.filename,screener)</visible>
				</control>
				<control type="image">
					<width>104</width>
					<height>46</height>
					<colordiffuse>MediaFlagBoxDiffuse</colordiffuse>
					<texture>flags/flag_frame.png</texture>
				</control>
			</control>

			<!-- Video Resolution -->
			<control type="group">
				<width>90</width>
				<height>56</height>
				<control type="image">
					<width>95</width>
					<height>48</height>
					<top>-2</top>
					<left>5</left>
					<include>MediaFlagsVarsWide</include>
					<texture fallback="flags/default.png">$VAR[MediaFlag_VideoResolution]</texture>
					<colordiffuse>MediaFlagDiffuse</colordiffuse>
				</control>
				<control type="image">
					<width>104</width>
					<height>46</height>
					<texture>flags/flag_frame.png</texture>
					<colordiffuse>MediaFlagBoxDiffuse</colordiffuse>
				</control>
			</control>

			<!-- Video Aspect -->
			<control type="group">
				<width>90</width>
				<height>56</height>
				<control type="image">
					<width>96</width>
					<left>4</left>
					<include>MediaFlagsVarsWide</include>
					<texture fallback="flags/VideoAspect/default.png">$VAR[MediaFlag_VideoAspect]</texture>
					<colordiffuse>MediaFlagDiffuse</colordiffuse>
				</control>
				<control type="image">
					<width>104</width>
					<height>46</height>
					<texture>flags/flag_frame.png</texture>
					<colordiffuse>MediaFlagBoxDiffuse</colordiffuse>
				</control>
			</control>

			<!-- Video Codec -->
			<control type="group">
				<width>90</width>
				<height>56</height>
				<control type="image">
					<include>MediaFlagsVarsWide</include>
					<texture fallback="flags/default.png">$VAR[MediaFlag_VideoCodec]</texture>
					<colordiffuse>MediaFlagDiffuse</colordiffuse>
				</control>
				<control type="image">
					<width>104</width>
					<height>46</height>
					<texture>flags/flag_frame.png</texture>
					<colordiffuse>MediaFlagBoxDiffuse</colordiffuse>
				</control>
			</control>

			<!-- Audio Codec -->
			<control type="group">
				<width>90</width>
				<height>56</height>
				<control type="image">
					<include>MediaFlagsVarsWide</include>
					<texture fallback="flags/defaultsound.png">$VAR[MediaFlag_AudioCodec]</texture>
					<colordiffuse>MediaFlagDiffuse</colordiffuse>
				</control>
				<control type="image">
					<width>104</width>
					<height>46</height>
					<texture>flags/flag_frame.png</texture>
					<colordiffuse>MediaFlagBoxDiffuse</colordiffuse>
				</control>
			</control>

			<!-- Audio Channels -->
			<control type="group">
				<width>90</width>
				<height>56</height>
				<control type="image">
					<include>MediaFlagsVarsWide</include>
					<texture fallback="flags/AudioChannels/DefaultChannels.png">$VAR[MediaFlag_AudioChannels]</texture>
					<colordiffuse>MediaFlagDiffuse</colordiffuse>
				</control>
				<control type="image">
					<width>104</width>
					<height>46</height>
					<texture>flags/flag_frame.png</texture>
					<colordiffuse>MediaFlagBoxDiffuse</colordiffuse>
				</control>
			</control>

			<!-- Audio Language and Subtitles : Flag=Audio Language, CC=has subtitles -->
			<control type="group">
				<width>58</width>
				<height>56</height>
				<visible>[[!IsEmpty(ListItem.SubtitleLanguage) + IsEmpty(VideoPlayer.SubtitleLanguage)] | [IsEmpty(ListItem.SubtitleLanguage) + !IsEmpty(VideoPlayer.SubtitleLanguage)]] | [!IsEmpty(ListItem.AudioLanguage) + ![Substring(ListItem.AudioLanguage,und) | Substring(ListItem.AudioLanguage,unk)]]</visible>
				<control type="image">
					<posx>2</posx>
					<width>66</width>
					<height>46</height>
					<colordiffuse>MediaFlagBoxDiffuse</colordiffuse>
					<texture>flags/flag_framesquare.png</texture>
				</control>
				<control type="image">
					<top>-2</top>
					<left>6</left>
					<width>58</width>
					<height>46</height>
					<texture background="true" diffuse="flags/nocc.png">$VAR[Language_Icons]</texture>
					<aspectratio aligny="center" scalediffuse="true">stretch</aspectratio>
					<visible>[IsEmpty(ListItem.SubtitleLanguage) + IsEmpty(VideoPlayer.SubtitleLanguage)] + !IsEmpty(ListItem.AudioLanguage) + !Substring(ListItem.AudioLanguage,und)</visible>
				</control>
				<control type="image">
					<top>-2</top>
					<left>6</left>
					<width>58</width>
					<height>46</height>
					<texture background="true" diffuse="flags/cc.png">$VAR[Language_Icons]</texture>
					<visible>[[!IsEmpty(ListItem.SubtitleLanguage) + IsEmpty(VideoPlayer.SubtitleLanguage)] | [IsEmpty(ListItem.SubtitleLanguage) + !IsEmpty(VideoPlayer.SubtitleLanguage)]] + [!IsEmpty(ListItem.AudioLanguage) + ![Substring(ListItem.AudioLanguage,und) | Substring(ListItem.AudioLanguage,unk)]]</visible>
					<aspectratio aligny="center" scalediffuse="true">stretch</aspectratio>
				</control>
				<control type="image">
					<top>-2</top>
					<left>6</left>
					<width>58</width>
					<height>46</height>
					<texture background="true">flags/cc.png</texture>
					<visible>[[!IsEmpty(ListItem.SubtitleLanguage) + IsEmpty(VideoPlayer.SubtitleLanguage)] | [IsEmpty(ListItem.SubtitleLanguage) + !IsEmpty(VideoPlayer.SubtitleLanguage)]] + [IsEmpty(ListItem.AudioLanguage) | [Substring(ListItem.AudioLanguage,und) | Substring(ListItem.AudioLanguage,unk)]]</visible>
					<aspectratio aligny="center" scalediffuse="true">stretch</aspectratio>
				</control>
			</control>
		</control>
	</include>
</includes>
