<?xml version="1.0" encoding="UTF-8"?>
<includes>
	<include name="Viewtype_PosterAndFanart">
		<control type="group">
			<visible>Control.IsVisible(550)</visible>
			<!-- Browser -->
			<control type="wraplist" id="550">
				<viewtype label="31424">bigwrap</viewtype>
				<posx>-100</posx>
				<posy>40</posy>
				<height>500</height>
				<width>1500</width>
				<include condition="!Skin.HasSetting(ViewLockdown)">OnUp7000</include>
				<ondown>60</ondown>
				<onleft>550</onleft>
				<onright>550</onright>
				<orientation>horizontal</orientation>
				<focusposition>1</focusposition>
				<scrolltime>200</scrolltime>
				<pagecontrol>60</pagecontrol>
				<include>Animation_FadedByMenu</include>
				<include>Animation_OpenCloseFade</include>
				<include>Animation_HiddenByInfo</include>
				<visible>!Skin.HasSetting(NoViewPosterFanart)</visible>
				<visible>Container.Content(movies) | Container.Content(sets) | Container.Content(tvshows)</visible>
				<itemlayout width="260" height="420">
					<control type="group">
						<posx>-30</posx>
						<posy>10</posy>
						<!-- Unfocused Item - Poster -->
						<control type="image">
							<posx>21</posx>
							<posy>24</posy>
							<width>238</width>
							<height>359</height>
							<texture background="true" fallback="DefaultThumb.png">$VAR[PosterThumb]</texture>
							<aspectratio scalediffuse="false">stretch</aspectratio>
							<visible>!IsEmpty(ListItem.Title)</visible>
						</control>
						<control type="image">
							<posx>21</posx>
							<posy>24</posy>
							<width>238</width>
							<height>359</height>
							<texture background="true">$INFO[ListItem.Icon]</texture>
							<aspectratio scalediffuse="false">keep</aspectratio>
							<visible>IsEmpty(ListItem.Title)</visible>
						</control>
						<!-- Unfocused Item - Frame -->
						<control type="image">
							<posx>21</posx>
							<posy>24</posy>
							<width>238</width>
							<height>359</height>
							<texture>frames/ClassicFrameGlass_Vertical.png</texture>
							<aspectratio scalediffuse="false">stretch</aspectratio>
							<colordiffuse>GlassDiffuse</colordiffuse>
							<visible>!IsEmpty(ListItem.Title)</visible>
						</control>
						<control type="image">
							<width>285</width>
							<height>408</height>
							<texture>frames/ClassicFrame_PosterSmall.png</texture>
							<aspectratio scalediffuse="false">stretch</aspectratio>
							<visible>!IsEmpty(ListItem.Title)</visible>
						</control>
						<!-- Unfocused Item - Watched Overlay -->
						<control type="image">
							<posx>216</posx>
							<posy>340</posy>
							<width>32</width>
							<height>32</height>
							<fadetime>400</fadetime>
							<texture>$INFO[ListItem.Overlay]</texture>
							<colordiffuse>WatchedOverlay</colordiffuse>
							<visible>!ListItem.IsResumable + [[[Container.Content(movies) | Container.Content(sets)] + !Skin.HasSetting(HideMovieWatchedOverlays)] | [![Container.Content(movies) | Container.Content(sets)] + !Skin.HasSetting(HideTVWatchedOverlays)]]</visible>
						</control>
						<!-- Unfocused Item - Watched Overlay for In-Progress Items -->
						<control type="image">
							<posx>214</posx>
							<posy>338</posy>
							<width>43</width>
							<height>43</height>
							<texture>flags/Progress/$INFO[ListItem.PercentPlayed].png</texture>
							<colordiffuse>WatchedOverlay</colordiffuse>
							<visible>ListItem.IsResumable + [[[Container.Content(movies) | Container.Content(sets)] + !Skin.HasSetting(HideMovieWatchedOverlays)] | [![Container.Content(movies) | Container.Content(sets)] + !Skin.HasSetting(HideTVWatchedOverlays)]]</visible>
						</control>
					</control>
				</itemlayout>
				<focusedlayout width="1030" height="420">
					<!-- Focused Item Poster -->
					<control type="group">
						<animation type="Focus" reversible="false">
							<effect type="zoom" center="100,0" start="86" end="100" time="250" tween="sine" easing="inout" delay="150" />
						</animation>
						<!-- Focused Item - Poster -->
						<control type="image">
							<posx>12</posx>
							<posy>32</posy>
							<width>286</width>
							<height>432</height>
							<texture background="true" fallback="DefaultThumb.png">$VAR[PosterThumb]</texture>
							<aspectratio scalediffuse="false">stretch</aspectratio>
							<visible>!IsEmpty(ListItem.Title)</visible>
						</control>
						<control type="image">
							<posx>12</posx>
							<posy>32</posy>
							<width>286</width>
							<height>432</height>
							<texture background="true">$INFO[ListItem.Icon]</texture>
							<aspectratio scalediffuse="false">keep</aspectratio>
							<visible>IsEmpty(ListItem.Title)</visible>
						</control>
						<!-- Focused Item - Poster Frame -->
						<control type="image">
							<posx>-5</posx>
							<posy>8</posy>
							<width>321</width>
							<height>480</height>
							<texture>frames/ClassicFrame_PosterMedium.png</texture>
							<aspectratio>stretch</aspectratio>
							<visible>!IsEmpty(ListItem.Title)</visible>
						</control>
						<!-- Focused Item - Watched Overlay -->
						<control type="image">
							<posx>257</posx>
							<posy>422</posy>
							<width>32</width>
							<height>32</height>
							<fadetime>400</fadetime>
							<texture>$INFO[ListItem.Overlay]</texture>
							<colordiffuse>WatchedOverlay</colordiffuse>
							<animation type="Focus" reversible="false">
								<effect type="fade" start="0" end="100" time="300" />
							</animation>
							<visible>!ListItem.IsResumable + [[[Container.Content(movies) | Container.Content(sets)] + !Skin.HasSetting(HideMovieWatchedOverlays)] | [![Container.Content(movies) | Container.Content(sets)] + !Skin.HasSetting(HideTVWatchedOverlays)]]</visible>
						</control>
						<!-- Focused Item - Watched Overlay for In-Progress Items -->
						<control type="image">
							<posx>253</posx>
							<posy>418</posy>
							<width>43</width>
							<height>43</height>
							<texture>flags/Progress/$INFO[ListItem.PercentPlayed].png</texture>
							<colordiffuse>WatchedOverlay</colordiffuse>
							<animation type="Focus" reversible="false">
								<effect type="fade" start="0" end="100" time="300" />
							</animation>
							<visible>ListItem.IsResumable + [[[Container.Content(movies) | Container.Content(sets)] + !Skin.HasSetting(HideMovieWatchedOverlays)] | [![Container.Content(movies) | Container.Content(sets)] + !Skin.HasSetting(HideTVWatchedOverlays)]]</visible>
						</control>
					</control>
					<!-- Focused Item Fanart -->
					<control type="group">
						<posx>309</posx>
						<posy>10</posy>
						<control type="image">
							<posx>23</posx>
							<posy>21</posy>
							<width>646</width>
							<height>362</height>
							<texture>frames/ClassicFrame_SegmentedDiffuse.png</texture>
							<aspectratio scalediffuse="false">stretch</aspectratio>
							<colordiffuse>FrameBackgroundDiffuse</colordiffuse>
							<visible>!IsEmpty(ListItem.Title) + !Skin.HasSetting(NoSegmentedFanart)</visible>
						</control>
						<control type="image">
							<posx>23</posx>
							<posy>21</posy>
							<width>646</width>
							<height>362</height>
							<texture>frames/ClassicFrame_Background.png</texture>
							<aspectratio scalediffuse="false">stretch</aspectratio>
							<colordiffuse>FrameBackgroundDiffuse</colordiffuse>
							<visible>!IsEmpty(ListItem.Title) + Skin.HasSetting(NoSegmentedFanart)</visible>
						</control>
						<control type="image">
							<posx>25</posx>
							<posy>21</posy>
							<width>646</width>
							<height>362</height>
							<texture fallback="home_art/movies.jpg" diffuse="frames/ClassicFrame_SegmentedDiffuse.png">$VAR[LandscapeFanart]</texture>
							<aspectratio scalediffuse="false">stretch</aspectratio>
							<visible>!IsEmpty(ListItem.Title) + !Skin.HasSetting(NoSegmentedFanart)</visible>
						</control>
						<control type="image">
							<posx>25</posx>
							<posy>21</posy>
							<width>646</width>
							<height>362</height>
							<texture fallback="home_art/movies.jpg">$VAR[LandscapeFanart]</texture>
							<aspectratio scalediffuse="false">stretch</aspectratio>
							<visible>!IsEmpty(ListItem.Title) + Skin.HasSetting(NoSegmentedFanart)</visible>
						</control>
						<!-- Focused Item Segmented Fanart Frame -->
						<control type="image">
							<width>700</width>
							<height>410</height>
							<texture>frames/ClassicFrame_Segmented.png</texture>
							<aspectratio scalediffuse="false">stretch</aspectratio>
							<visible>!IsEmpty(ListItem.Title) + !Skin.HasSetting(NoSegmentedFanart)</visible>
						</control>
						<!-- Focused Item Normal Fanart Frame -->
						<control type="image">
							<width>700</width>
							<height>410</height>
							<texture>frames/ClassicFrame_FanartMedium.png</texture>
							<aspectratio scalediffuse="false">stretch</aspectratio>
							<visible>!IsEmpty(ListItem.Title) + Skin.HasSetting(NoSegmentedFanart)</visible>
						</control>
					</control>
				</focusedlayout>
			</control>
			<control type="group">
				<include>Animation_FadedByMenu</include>
				<include>Animation_HiddenByInfo</include>
				<include>Animation_OpenCloseFade</include>
				<visible>Container.Content(movies) | Container.Content(sets) | Container.Content(tvshows)</visible>
				<control type="group">
					<posx>490</posx>
					<posy>438</posy>
					<!-- Title -->
					<control type="fadelabel">
						<width>760</width>
						<height>50</height>
						<aligny>center</aligny>
						<scrollout>false</scrollout>
						<pauseatend>400</pauseatend>
						<font>METF_TitleTextLarge</font>
						<textcolor>TitleText</textcolor>
						<label>$VAR[ListItemTitle]</label>
					</control>
					<!-- Details -->
					<control type="grouplist">
						<posy>42</posy>
						<width>1200</width>
						<height>30</height>
						<itemgap>10</itemgap>
						<orientation>horizontal</orientation>
						<include>ViewDetailsGenreYearDurEpsUnwatched</include>
						<visible>Container.Content(movies) | Container.Content(tvshows)</visible>
						<include>VisibleIfNotMovieSet</include>
					</control>
					<control type="label">
						<posy>42</posy>
						<width>800</width>
						<height>30</height>
						<font>METF_MediaDetailsSmall</font>
						<textcolor>MediaDetailsGenre</textcolor>
						<label>$LOCALIZE[31313]</label>
						<include>VisibleIfMovieSet</include>
					</control>
				</control>
			</control>
			<include>ScrollBar_Horizontal</include>
		</control>
	</include>
</includes>
