<?xml version="1.0" encoding="UTF-8"?>
<includes>
	<include name="Viewtype_BannerFanart">
		<control type="group">
			<visible>Control.IsVisible(508)</visible>
			<!-- Browser -->
			<control type="fixedlist" id="508">
				<viewtype label="$LOCALIZE[31442]">bigwide</viewtype>
				<posx>788</posx>
				<posy>52</posy>
				<height>450</height>
				<width>390</width>
				<onup>508</onup>
				<ondown>508</ondown>
				<include condition="!Skin.HasSetting(ViewLockdown)">OnLeft7000</include>
				<onright>61</onright>
				<orientation>vertical</orientation>
				<preloaditems>2</preloaditems>
				<focusposition>1</focusposition>
				<movement>1</movement>
				<scrolltime>200</scrolltime>
				<pagecontrol>61</pagecontrol>
				<include>Animation_OpenCloseFade</include>
				<include>Animation_FadedByMenu</include>
				<include>Animation_HiddenByInfo</include>
				<visible>!Skin.HasSetting(NoViewBannerFanart)</visible>
				<visible>Window.IsActive(videos) + Container.Content(tvshows)</visible>
				<include>BannerViewCommon_Browser</include>
			</control>
			<control type="group">
				<include>Animation_OpenCloseFade</include>
				<include>Animation_FadedByMenu</include>
				<include>Animation_HiddenByInfo</include>
				<visible>Window.IsActive(videos) + Container.Content(tvshows)</visible>
				<!-- Movie Fanart Image -->
				<control type="image">
					<posx>35</posx>
					<posy>66</posy>
					<width>600</width>
					<height>338</height>
					<texture>frames/ClassicFrame_Background.png</texture>
					<colordiffuse>FrameBackgroundDiffuse</colordiffuse>
					<aspectratio scalediffuse="false">stretch</aspectratio>
				</control>
				<control type="image">
					<posx>35</posx>
					<posy>66</posy>
					<width>600</width>
					<height>338</height>
					<texture background="true" fallback="home_art/tvshows.jpg">$VAR[LandscapeFanart]</texture>
					<aspectratio scalediffuse="false">stretch</aspectratio>
				</control>
				<control type="image">
					<posx>12</posx>
					<posy>46</posy>
					<width>650</width>
					<height>383</height>
					<texture background="true">frames/ClassicFrame_FanartMedium.png</texture>
					<aspectratio scalediffuse="false">scale</aspectratio>
				</control>
				<!-- Title -->
				<control type="label">
					<posx>35</posx>
					<posy>430</posy>
					<width>600</width>
					<height>30</height>
					<align>center</align>
					<aligny>center</aligny>
					<font>METF_TitleTextLarge</font>
					<textcolor>TitleText</textcolor>
					<label>$VAR[ListItemTitle]</label>
				</control>
				<!-- Genre -->
				<control type="label">
					<posx>35</posx>
					<posy>459</posy>
					<width>600</width>
					<height>30</height>
					<align>center</align>
					<aligny>center</aligny>
					<font>METF_MediaDetailsSmall</font>
					<textcolor>MediaDetailsGenre</textcolor>
					<label>$INFO[ListItem.Genre]</label>
					<visible>!IsEmpty(ListItem.Genre)</visible>
				</control>
			</control>
			<!-- Details -->
			<control type="grouplist">
				<posx>35</posx>
				<posy>487</posy>
				<width>600</width>
				<height>30</height>
				<align>center</align>
				<itemgap>10</itemgap>
				<orientation>horizontal</orientation>
				<include>Animation_OpenCloseFade</include>
				<include>Animation_FadedByMenu</include>
				<include>Animation_HiddenByInfo</include>
				<include>ViewDetailsYearDurEpsUnwatched</include>
				<visible>Window.IsActive(videos) + Container.Content(tvshows)</visible>
			</control>
			<include>ScrollBar_Vertical</include>
		</control>
	</include>
</includes>
