<?xml version="1.0" encoding="UTF-8"?>
<window>
	<defaultcontrol always="true">450</defaultcontrol>
	<controls>
		<include>Global_Background</include>
		<control type="group">
			<include>Animation_OpenCloseFade</include>
			<include>Animation_CommonFade</include>
			<control type="image">
				<description>Icon Image</description>
				<posx>50</posx>
				<posy>126</posy>
				<width>300</width>
				<height>300</height>
				<texture fallback="DefaultThumb.png">$INFO[ListItem.Icon]</texture>
				<bordertexture border="8">frames/thumb_border_round2.png</bordertexture>
				<bordersize>4</bordersize>
				<aspectratio align="center" aligny="center">keep</aspectratio>
				<visible>!Window.IsActive(contextmenu)</visible>
			</control>
			<control type="list" id="450">
				<posx>360</posx>
				<posy>140</posy>
				<width>850</width>
				<height>380</height>
				<onleft>Close</onleft>
				<onright>998</onright>
				<onup>450</onup>
				<ondown>450</ondown>
				<aligny>top</aligny>
				<pagecontrol>998</pagecontrol>
				<scrolltime>160</scrolltime>
				<orientation>vertical</orientation>
				<itemlayout width="0" height="35">
					<control type="label">
						<posx>45</posx>
						<posy>-2</posy>
						<width>740</width>
						<height>35</height>
						<textcolor>TextNF</textcolor>
						<font>METF_TitleText</font>
						<aligny>center</aligny>
						<selectedcolor>TextFO</selectedcolor>
						<label>$INFO[ListItem.Label]</label>
					</control>
				</itemlayout>
				<focusedlayout width="0" height="35">
					<control type="image">
						<posx>35</posx>
						<posy>0</posy>
						<width>815</width>
						<height>33</height>
						<aligny>center</aligny>
						<texture>FocusLine.png</texture>
						<colordiffuse>FocusBar</colordiffuse>
					</control>
					<control type="label">
						<posx>45</posx>
						<posy>-2</posy>
						<width>740</width>
						<height>35</height>
						<textcolor>FocusBarText</textcolor>
						<font>METF_TitleText</font>
						<aligny>center</aligny>
						<selectedcolor>FocusBarText</selectedcolor>
						<label>$INFO[ListItem.Label]</label>
					</control>
				</focusedlayout>
			</control>
			<control type="scrollbar" id="998">
				<include>Animation_OpenCloseFade</include>
				<posx>1270</posx>
				<posy>128</posy>
				<width>22</width>
				<height>376</height>
				<visible allowhiddenfocus="true">Control.HasFocus(998) | Container.Scrolling</visible>
				<texturesliderbackground></texturesliderbackground>
				<textureslidernib>ScrollbarVnibFO.png</textureslidernib>
				<textureslidernibfocus>ScrollbarVnibFO.png</textureslidernibfocus>
				<onleft>450</onleft>
				<onright>noop</onright>
				<showonepage>true</showonepage>
				<orientation>vertical</orientation>
				<animation effect="fade" start="0" end="100" time="400" condition="Control.HasFocus(998) | Container.Scrolling">Conditional</animation>
			</control>
		</control>
		<control type="image">
			<include>Animation_CommonFadeNoHide</include>
			<posx>848</posx>
			<posy>124</posy>
			<height>24</height>
			<width>24</width>
			<texture>Arrow2Up.png</texture>
			<visible>Container(450).HasPrevious</visible>
		</control>
		<control type="image">
			<include>Animation_CommonFadeNoHide</include>
			<posx>848</posx>
			<posy>522</posy>
			<height>24</height>
			<width>24</width>
			<texture>Arrow2Down.png</texture>
			<visible>Container(450).HasNext</visible>
		</control>
		<control type="group">
			<posx>30</posx>
			<posy>10</posy>
			<control type="label">
				<label>$LOCALIZE[1036]</label>
				<include>Global_HeadingSectionVars</include>
			</control>
			<control type="label">
                                <label>$INFO[Container(450).NumItems,, $LOCALIZE[31277]]</label>
				<include>Global_HeadingDetailVars</include>
				<visible>!Integer.IsGreater(Container(450).NumItems,1)</visible>
			</control>
			<control type="label">
                                <label>$INFO[Container(450).NumItems,, $LOCALIZE[31281]]</label>
				<include>Global_HeadingDetailVars</include>
				<visible>Integer.IsGreater(Container(450).NumItems,1)</visible>
			</control>
		</control>
		<include>Global_Weather</include>
		<include>Global_Time</include>
		<include>Global_MediaOverlay</include>
		<include condition="Skin.HasSetting(DebugGrid)">Object_DebugGrid</include>
	</controls>
</window>
