<?xml version="1.0" encoding="UTF-8"?>
<window>
	<defaultcontrol always="true">9000</defaultcontrol>
	<controls>
		<include>Global_Background</include>
		<control type="group">
			<include>Animation_FadedByMenu</include>
			<include>Animation_OpenCloseFade</include>
			<control type="grouplist" id="9000">
				<posx>0</posx>
				<posy>126</posy>
				<width>380</width>
				<height>380</height>
				<itemgap>0</itemgap>
				<scrolltime>0</scrolltime>
				<onup>9000</onup>
				<ondown>9000</ondown>
				<control type="button" id="95">
					<description>Button Default Values</description>
					<include>SettingsLabelLeft</include>
					<label>$LOCALIZE[20037]</label>
				</control>
				<control type="button" id="94">
					<description>Button Storage</description>
					<include>SettingsLabelLeft</include>
					<label>$LOCALIZE[13277]</label>
				</control>
				<control type="button" id="96">
					<description>Button Network</description>
					<include>SettingsLabelLeft</include>
					<label>$LOCALIZE[13279]</label>
				</control>
				<control type="button" id="97">
					<description>Button Video</description>
					<include>SettingsLabelLeft</include>
					<label>$LOCALIZE[13280]</label>
				</control>
				<control type="button" id="98">
					<description>Button Hardware</description>
					<include>SettingsLabelLeft</include>
					<label>$LOCALIZE[13281]</label>
				</control>
				<control type="button" id="100">
					<description>Button Privacy Policy</description>
					<include>SettingsLabelLeft</include>
					<label>$LOCALIZE[12389]</label>
				</control>
			</control>
			<control type="group">
				<posx>440</posx>
				<posy>126</posy>
				<width>840</width>
				<height>380</height>
				<visible>!ControlGroup(9000).HasFocus(100)</visible>
				<control type="label" id="2">
					<width>778</width>
					<description>Label 2</description>
					<include>SettingsLabel</include>
				</control>
				<control type="label" id="3">
					<width>778</width>
					<description>Label 3</description>
					<posx>0</posx>
					<posy>38</posy>
					<include>SettingsLabel</include>
				</control>
				<control type="label" id="4">
					<width>778</width>
					<description>Label 4</description>
					<posx>0</posx>
					<posy>76</posy>
					<include>SettingsLabel</include>
				</control>
				<control type="label" id="5">
					<width>778</width>
					<description>Label 5</description>
					<posx>0</posx>
					<posy>114</posy>
					<include>SettingsLabel</include>
				</control>
				<control type="label" id="6">
					<width>778</width>
					<description>Label 6</description>
					<posx>0</posx>
					<posy>152</posy>
					<include>SettingsLabel</include>
				</control>
				<control type="label" id="7">
					<width>778</width>
					<description>Label 7</description>
					<posx>0</posx>
					<posy>190</posy>
					<include>SettingsLabel</include>
				</control>
				<control type="label" id="8">
					<width>778</width>
					<description>Label 8</description>
					<posx>0</posx>
					<posy>228</posy>
					<include>SettingsLabel</include>
				</control>
				<control type="label" id="9">
					<width>778</width>
					<description>Label 9</description>
					<posx>0</posx>
					<posy>266</posy>
					<include>SettingsLabel</include>
				</control>
				<control type="label" id="10">
					<width>778</width>
					<description>Label 10</description>
					<posx>0</posx>
					<posy>304</posy>
					<include>SettingsLabel</include>
				</control>
				<control type="label" id="11">
					<width>778</width>
					<description>Label 11</description>
					<posx>0</posx>
					<posy>342</posy>
					<include>SettingsLabel</include>
				</control>
			</control>
			<control type="group">
				<posx>460</posx>
				<posy>136</posy>
				<width>840</width>
				<height>380</height>
				<visible>ControlGroup(9000).HasFocus(100)</visible>
				<control type="textbox" id="30">
					<width>778</width>
					<align>left</align>
					<font>METF_ContextValue</font>
					<textcolor>SettingsDetail</textcolor>
				</control>
			</control>
		</control>
		<include>Global_Heading</include>
		<include>Global_Weather</include>
		<include>Global_Time</include>
		<include>Global_MediaOverlay</include>
		<include condition="Skin.HasSetting(DebugGrid)">Object_DebugGrid</include>
	</controls>
</window>
