<?xml version='1.0' encoding='UTF-8'?>
<shortcuts>
        <shortcut>
                <label>Arabic Videos</label>
                <label2>32021</label2>
                <icon>DefaultAddonVideo.png</icon>
                <action>ActivateWindow(Videos,plugin://plugin.video.arabicvideos,return)</action>
		<thumb>special://home/addons/plugin.video.arabicvideos/icon.png</thumb>
        </shortcut>
        <shortcut>
                <label>Arab Cinema</label>
                <label2>32021</label2>
                <icon>DefaultAddonVideo.png</icon>
                <action>ActivateWindow(Videos,plugin://plugin.video.arabcinema,return)</action>
                <thumb>special://home/addons/plugin.video.arabcinema/icon.png</thumb>
        </shortcut>
        <shortcut>
                <label>Shahid Arabic</label>
                <label2>32021</label2>
                <icon>DefaultAddonVideo.png</icon>
                <action>ActivateWindow(Videos,plugin://plugin.video.shahidmbcnet,return)</action>
		<thumb>special://home/addons/plugin.video.shahidmbcnet/icon.png</thumb>
        </shortcut>
        <shortcut>
                <label>YouTube</label>
                <label2>32021</label2>
                <icon>DefaultAddonVideo.png</icon>
                <action>ActivateWindow(Videos,plugin://plugin.video.youtube,return)</action>
		<thumb>special://home/addons/plugin.video.youtube/icon.png</thumb>
        </shortcut>
        <shortcut>
                <label>Placenta</label>
                <label2>32021</label2>
                <icon>DefaultAddonVideo.png</icon>
                <action>ActivateWindow(Videos,plugin://plugin.video.placenta,return)</action>
                <thumb>special://home/addons/plugin.video.placenta/icon.png</thumb>
        </shortcut>
        <shortcut>
                <label>Neptune Rising</label>
                <label2>32021</label2>
                <icon>DefaultAddonVideo.png</icon>
                <action>ActivateWindow(Videos,plugin://plugin.video.neptune,return)</action>
		<thumb>special://home/addons/plugin.video.neptune/icon.png</thumb>
        </shortcut>
        <shortcut>
                <label>Rebirth</label>
                <label2>32021</label2>
                <icon>/storage/emulated/0/Android/data/org.xbmc.kodi/files/.kodi/addons/plugin.video.arabictv/icon.png</icon>
                <action>ActivateWindow(Videos,plugin://plugin.video.rebirth,return)</action>
		<thumb>special://home/addons/plugin.video.rebirth/icon.png</thumb>
        </shortcut>
        <shortcut>
                <label>Genesis Reborn</label>
                <label2>32021</label2>
                <icon>DefaultAddonVideo.png</icon>
                <action>ActivateWindow(Videos,plugin://plugin.video.genesisreborn,return)</action>
		<thumb>special://home/addons/plugin.video.genesisreborn/icon.png</thumb>
        </shortcut>
        <shortcut>
                <label>Covenant</label>
                <label2>32021</label2>
                <icon>DefaultAddonVideo.png</icon>
                <action>ActivateWindow(Videos,plugin://plugin.video.covenant,return)</action>
		<thumb>special://home/addons/plugin.video.covenant/icon.png</thumb>
        </shortcut>
        <shortcut>
                <label>Fantastic</label>
                <label2>32021</label2>
                <icon>DefaultAddonVideo.png</icon>
                <action>ActivateWindow(Videos,plugin://plugin.video.fantastic,return)</action>
                <thumb>special://home/addons/plugin.video.fantastic/icon.png</thumb>
        </shortcut>
</shortcuts>
