<?xml version='1.0' encoding='UTF-8'?>
<shortcuts>
	<shortcut>
		<label>Arabic Videos</label>
		<label2>32021</label2>
		<icon>DefaultAddonVideo.png</icon>
		<action>ActivateWindow(Videos,plugin://plugin.video.arabicvideos,return)</action>
		<thumb>special://home/addons/plugin.video.arabicvideos/icon.png</thumb>
	</shortcut>
	<shortcut>
		<label>YouTube</label>
		<label2>32021</label2>
		<icon>DefaultAddonVideo.png</icon>
		<action>ActivateWindow(Videos,plugin://plugin.video.youtube,return)</action>
		<thumb>special://home/addons/plugin.video.youtube/icon.png</thumb>
	</shortcut>
</shortcuts>
