<?xml version="1.0" encoding="UTF-8"?>
<window>
	<visible>Player.Seeking | Player.DisplayAfterSeek | Player.Paused | Player.Forwarding | Player.Rewinding</visible>
	<controls>
		<control type="group">
			<visible>Window.IsVisible(fullscreenvideo) | Window.IsVisible(musicosd)</visible>
			<posx>0</posx>
			<posy>0</posy>
			<control type="group">
				<posx>0</posx>
				<!-- Seekbar Label -->
				<control type="group">
					<posx>1037</posx>
					<animation effect="slide" start="-160,0" end="0,0" tween="sine" easing="out" delay="400" time="300">WindowOpen</animation>
					<animation effect="slide" start="0,0" end="0,-80" delay="0" time="300">WindowClose</animation>
					<control type="image">
						<posx>0</posx>
						<posy>0</posy>
						<width>320</width>
						<height>50</height>
						<texture colordiffuse="black" diffuse="glass.jpg" background="true" border="15,2,15,2">main/tab2.png</texture> 
						<bordertexture colordiffuse="$VAR[main_color]" border="15,2,15,2">main/tab2_stroke.png</bordertexture>
						<bordersize>1,0,1,1</bordersize>
						<animation effect="fade" end="80" time="0" condition="true">Conditional</animation>
					</control>
					<control type="label">
						<description>Conditions Label</description>
						<posx>0</posx>
						<posy>5</posy>
						<width>320</width>
						<height>30</height>
						<align>center</align>
						<font>font-18</font>
						<shadowcolor>black</shadowcolor>
						<label>$LOCALIZE[31050] $INFO[VideoPlayer.FinishTime]</label>
						<textcolor>$VAR[topbar_text_color]</textcolor>
					</control>
				</control>

				<!-- VideoPlayer Label -->
				<control type="group">
					<posx>1337</posx>
					<animation effect="slide" start="-160,0" end="0,0" tween="sine" easing="out" delay="400" time="300">WindowOpen</animation>
					<animation effect="slide" start="0,0" end="0,-80" delay="0" time="300">WindowClose</animation>
					<control type="image">
						<posx>0</posx>
						<posy>0</posy>
						<width>587</width>
						<height>50</height>
						<texture colordiffuse="black" diffuse="glass.jpg" background="true" border="15,2,15,2">main/tab2.png</texture> 
						<bordertexture colordiffuse="$VAR[main_color]" border="15,2,15,2">main/tab2_stroke.png</bordertexture>
						<bordersize>1,0,1,1</bordersize>
						<animation effect="fade" end="80" time="0" condition="true">Conditional</animation>
					</control>
					<control type="label">
						<description>Conditions Label</description>
						<posx>15</posx>
						<posy>5</posy>
						<width>570</width>
						<height>30</height>
						<align>center</align>
						<font>font-18</font>
						<shadowcolor>black</shadowcolor>
						<label>$INFO[VideoPlayer.Title]</label>
						<textcolor>$VAR[topbar_text_color]</textcolor>
					</control>
				</control>


				<!-- FinishTime -->
				<control type="group">
					<posx>504</posx>
					<animation effect="slide" start="160,0" end="0,0" tween="sine" easing="out" delay="400" time="300">WindowOpen</animation>
					<animation effect="slide" start="0,0" end="0,-80" delay="0" time="300">WindowClose</animation>
					<control type="image">
						<posx>0</posx>
						<posy>0</posy>
						<width>380</width>
						<height>50</height>
						<texture colordiffuse="black" diffuse="glass.jpg" background="true" border="15,2,15,2" flipx="true">main/tab2.png</texture> 
						<bordertexture colordiffuse="$VAR[main_color]" border="15,2,15,2" flipx="true">main/tab2_stroke.png</bordertexture>
						<bordersize>1,0,1,1</bordersize>
						<animation effect="fade" end="80" time="0" condition="true">Conditional</animation>
					</control>
					<control type="label">
						<description>Conditions Label</description>
						<posx>0</posx>
						<posy>5</posy>
						<width>380</width>
						<height>30</height>
						<align>center</align>
						<font>font-18</font>
						<shadowcolor>black</shadowcolor>
						<label>$VAR[DialogSeekBarLabel]</label>
						<textcolor>$VAR[topbar_text_color]</textcolor>
					</control>
				</control>

				<!-- Duration -->
				<control type="group">
					<posx>0</posx>
					<visible>!IsEmpty(VideoPlayer.Time)</visible>
					<animation effect="slide" start="160,0" end="0,0" tween="sine" easing="out" delay="400" time="300">WindowOpen</animation>
					<animation effect="slide" start="0,0" end="0,-80" delay="0" time="300">WindowClose</animation>
					<control type="image">
						<posx>0</posx>
						<posy>0</posy>
						<width>524</width>
						<height>50</height>
						<texture colordiffuse="black" diffuse="glass.jpg" background="true" border="15,2,15,2" flipx="true">main/tab2.png</texture> 
						<bordertexture colordiffuse="$VAR[main_color]" border="15,2,15,2" flipx="true">main/tab2_stroke.png</bordertexture>
						<bordersize>1,0,1,1</bordersize>
						<animation effect="fade" end="80" time="0" condition="true">Conditional</animation>
					</control>
					<control type="label">
						<description>Conditions Label</description>
						<posx>17</posx>
						<posy>5</posy>
						<width>290</width>
						<height>30</height>
						<align>left</align>
						<font>font-18</font>
						<shadowcolor>black</shadowcolor>
						<label>$INFO[VideoPlayer.Time][B] / [/B]$INFO[Player.Duration]</label>
						<textcolor>$VAR[topbar_text_color]</textcolor>
					</control>
								<!-- Progress Bar -->
			<control type="group">
				<posx>311</posx>
				<posy>10</posy>
				<control type="progress">
					<description>Progressbar Cache</description>
					<posx>0</posx>
					<posy>0</posy>
					<width>250</width>
					<height>25</height>
					<info>Player.ProgressCache</info>
					<texturebg colordiffuse="white" border="1,1,1,1">osd/2.png</texturebg>
					<midtexture colordiffuse="grey_b" border="1,1,1,1">osd/5.png</midtexture>
				</control>
				<control type="progress">
					<description>Progressbar</description>
					<posx>0</posx>
					<posy>0</posy>
					<width>250</width>
					<height>25</height>
					<texturebg colordiffuse="darkgrey" border="1,0,1,0">osd/4.png</texturebg>
					<midtexture colordiffuse="ff00ff00" border="1,0,1,0">osd/5.png</midtexture>
					<lefttexture>-</lefttexture>
					<righttexture>-</righttexture>
					<info>Player.Progress</info>
				</control>

				<control type="slider" id="888">
					<description>Seek Slider</description>
					<posx>0</posx>
					<posy>0</posy>
					<width>250</width>
					<height>25</height>
					<action>seek</action>
					<texturesliderbar border="1,0,1,0">osd/4.png</texturesliderbar>
					<textureslidernib>osd/3.png</textureslidernib>
					<textureslidernibfocus>osd/3.png</textureslidernibfocus>
				</control> 
			</control>
				</control>

				<!-- System Time -->
				<control type="group">
					<posx>865</posx>
					<animation effect="slide" start="0,-80" end="0,0" tween="circle" easing="out" delay="200" time="200">WindowOpen</animation>
					<animation effect="slide" start="0,0" end="0,-80" delay="0" time="300">WindowClose</animation>
					<control type="image">
						<posx>0</posx>
						<posy>0</posy>
						<width>190</width>
						<height>70</height>
						<texture colordiffuse="black" diffuse="glass.jpg" background="true" border="15,2,15,2">main/tab.png</texture>
						<bordertexture colordiffuse="$VAR[main_color]" border="15,2,15,2">main/tab_stroke.png</bordertexture>
						<animation effect="fade" end="85" time="0" condition="true">Conditional</animation>
						<bordersize>1,0,1,1</bordersize>
					</control> 
					<control type="button">
						<posx>0</posx>
						<posy>5</posy>
						<width>190</width>
						<height>30</height>
						<font>font-24</font>
						<align>center</align>
						<aligny>top</aligny>
						<textcolor>$VAR[topbar_text_color]</textcolor>
						<focusedcolor>$VAR[main_color]</focusedcolor>
						<label>[B]$INFO[System.Time][/B]</label>
						<texturefocus>-</texturefocus>
						<texturenofocus>-</texturenofocus>
						<onclick>ActivateWindow(home)</onclick>
					</control>
				</control>

			</control>

		</control>
	</controls>
</window>
