<?xml version="1.0" encoding="UTF-8"?>
<window>
	<defaultcontrol always="true">450</defaultcontrol>
	<controls>
		<include>fade_screen_grey</include>
		<control type="group">
			<include>dialog_favorite_position</include>
			<include>side_dialog</include>
			<control type="label">
				<description>heading label</description>
				<posx>0</posx>
				<posy>20</posy>
				<width>600</width>
				<height>45</height>
				<align>center</align>
				<aligny>center</aligny>
				<font>font-30</font>
				<label>1036</label>
				<textcolor>white</textcolor>
			</control>
			<control type="list" id="450">
				<posx>0</posx>
				<posy>400</posy>
				<width>600</width>
				<height>670</height>
				<onup>450</onup>
				<onright>450</onright>
				<onleft>61</onleft>
				<ondown>450</ondown>
				<pagecontrol>61</pagecontrol>
				<scrolltime>200</scrolltime>
				<preloaditems>2</preloaditems>
				<itemlayout width="600" height="50">
					<control type="label">
						<posx>30</posx>
						<posy>0</posy>
						<width>520</width>
						<height>45</height>
						<font>font-24</font>
						<include>align_tag</include>
						<aligny>center</aligny>
						<textcolor>white</textcolor>
						<selectedcolor>$VAR[main_color]</selectedcolor>
						<label>$INFO[ListItem.Label]</label>
					</control>
					<control type="image">
						<posx>550</posx>
						<posy>5</posy>
						<width>40</width>
						<height>40</height>
						<texture fallback="defaultFolder.png">$INFO[ListItem.Icon]</texture>
					</control>
				</itemlayout>
				<focusedlayout width="400" height="50">
					<control type="image">
						<posx>0</posx>
						<posy>0</posy>
						<width>600</width>
						<height>50</height>
						<texture background="true" colordiffuse="$VAR[main_color]">white.png</texture>
					</control>
					<control type="image">
						<posx>550</posx>
						<posy>5</posy>
						<width>40</width>
						<height>40</height>
						<texture fallback="defaultFolder.png">$INFO[ListItem.Icon]</texture>
					</control>
					<control type="label">
						<posx>30</posx>
						<posy>0</posy>
						<width>520</width>
						<height>45</height>
						<font>font-24</font>
						<include>align_tag</include>
						<aligny>center</aligny>
						<textcolor>white</textcolor>
						<selectedcolor>$VAR[main_color]</selectedcolor>
						<label>$INFO[ListItem.Label]</label>
					</control>
				</focusedlayout>
			</control>
			<control type="scrollbar" id="61">
				<posx>0</posx>
				<posy>400</posy>
				<width>10</width>
				<height>670</height>
				<include>scroll_bar</include>
				<onleft>450</onleft>
				<onright>450</onright>
				<showonepage>false</showonepage>
				<orientation>vertical</orientation>
				<visible>true</visible>
			</control>
			<control type="image">
				<posx>165</posx>
				<posy>100</posy>
				<width>256</width>
				<height>256</height>
				<aspectratio scalediffuse="true">keep</aspectratio>
				<texture fallback="defaultFolder.png" diffuse="thumb-diffuse.png" background="true">$INFO[Container(450).ListItem.Icon]</texture>
				<fadetime>300</fadetime>
			</control>
		</control>
	</controls>
</window>
