<?xml version="1.0" encoding="UTF-8"?>
<includes>
	<variable name="widget_line1_horizontal">
		<value condition="StringCompare(Container(9000).ListItem.Property(widgetType),movies)">[B]$INFO[Container(9002).ListItem.Label][/B]</value>
		<value condition="StringCompare(Container(9000).ListItem.Property(widgetType),tvshows)">[B]$INFO[Container(9002).ListItem.TVshowTitle][/B]</value>
		<value condition="StringCompare(Container(9000).ListItem.Property(widgetType),episodes)">[B]$INFO[Container(9002).ListItem.TVshowTitle][/B]</value>
		<value condition="StringCompare(Container(9000).ListItem.Property(widgetType),music)">[B]$INFO[Container(9002).ListItem.Label][/B]</value>
		<value condition="StringCompare(Container(9000).ListItem.Property(widgetType),addon)">[B]$INFO[Container(9002).ListItem.Label][/B]</value>
		<value condition="StringCompare(Container(9000).ListItem.Property(widgetType),pvr)">[B]$INFO[Container(9002).ListItem.Property(ChannelName)][/B]</value>
		<value>$INFO[Container(9002).ListItem.Label]</value>
	</variable>
	<variable name="widget_line2_horizontal">
		<value condition="StringCompare(Container(9000).ListItem.Property(widgetType),movies)">$INFO[Container(9002).ListItem.Year]</value>
		<value condition="StringCompare(Container(9000).ListItem.Property(widgetType),tvshows)">$INFO[Container(9002).ListItem.Label]</value>
		<value condition="StringCompare(Container(9000).ListItem.Property(widgetType),episodes)">$INFO[Container(9002).ListItem.Label]</value>
		<value condition="StringCompare(Container(9000).ListItem.Property(widgetType),music)">$INFO[Container(9002).ListItem.Year]</value>
		<value condition="StringCompare(Container(9000).ListItem.Property(widgetType),addon)">$INFO[Container(9002).ListItem.AddonVersion]</value>
		<value condition="StringCompare(Container(9000).ListItem.Property(widgetType),pvr)">$INFO[Container(9002).ListItem.Label]</value>
		<value></value>
	</variable>
	<variable name="widget_line3_horizontal">
		<value condition="StringCompare(Container(9000).ListItem.Property(widgetType),movies)">$INFO[Container(9002).ListItem.Genre]</value>
		<value condition="StringCompare(Container(9000).ListItem.Property(widgetType),tvshows) + !IsEmpty(Container(9002).ListItem.Property(TotalSeasons))">[B]$INFO[Container(9002).ListItem.Property(TotalSeasons),, $LOCALIZE[33054]] $INFO[Container(9002).ListItem.Property(TotalEpisodes),, $LOCALIZE[20360]][/B]</value>
		<value condition="StringCompare(Container(9000).ListItem.Property(widgetType),tvshows)">[B]$INFO[Container(9002).ListItem.Label][/B]</value>
		<value condition="StringCompare(Container(9000).ListItem.Property(widgetType),episodes)">[B]$INFO[Container(9002).ListItem.Season,$LOCALIZE[20373] ] $INFO[Container(9002).ListItem.Episode,$LOCALIZE[20359] ][/B]</value>
		<value condition="StringCompare(Container(9000).ListItem.Property(widgetType),music)">$INFO[Container(9002).ListItem.Artist]</value>
		<value condition="StringCompare(Container(9000).ListItem.Property(widgetType),addon)">$INFO[Container(9002).ListItem.AddonCreator]</value>
		<value condition="StringCompare(Container(9000).ListItem.Property(widgetType),pvr)">$INFO[Container(9002).ListItem.Property(StartTime)]$INFO[Container(9002).ListItem.Title, - ]</value>
		<value>$INFO[Container(9002).ListItem.Label2]</value>
	</variable>
	<variable name="widget_line4_horizontal">
		<value condition="StringCompare(Container(9000).ListItem.Property(widgetType),movies)">$INFO[Container(9002).ListItem.Year,, • ]$INFO[Container(9002).ListItem.Rating,, • ]$INFO[Container(9002).ListItem.Duration,, $LOCALIZE[12391]]</value>
		<value condition="StringCompare(Container(9000).ListItem.Property(widgetType),tvshows)">$INFO[Container(9002).ListItem.Year,, • ]$INFO[Container(9002).ListItem.Rating,, • ]$INFO[Container(9002).ListItem.Duration,, $LOCALIZE[12391] • ]$INFO[Container(9002).ListItem.Premiered]</value>
		<value condition="StringCompare(Container(9000).ListItem.Property(widgetType),episodes)">$INFO[Container(9002).ListItem.Year,, • ]$INFO[Container(9002).ListItem.Rating,, • ]$INFO[Container(9002).ListItem.Duration,, $LOCALIZE[12391] • ]$INFO[Container(9002).ListItem.Premiered]</value>
		<value condition="StringCompare(Container(9000).ListItem.Property(widgetType),music)"></value>
		<value condition="StringCompare(Container(9000).ListItem.Property(widgetType),addon)">$INFO[Container(9002).ListItem.AddonVersion]</value>
		<value condition="StringCompare(Container(9000).ListItem.Property(widgetType),pvr)"></value>
		<value></value>
	</variable>

	<variable name="widget_plot">
		<value condition="!IsEmpty(Container(9002).ListItem.Property(Album_Description))">$INFO[Container(9002).ListItem.Property(Album_Description)]</value>
		<value condition="!IsEmpty(Container(9002).ListItem.AddonDescription)">$INFO[Container(9002).ListItem.AddonDescription]</value>
		<value condition="!IsEmpty(Container(9002).ListItem.Property(Plot))">$INFO[Container(9002).ListItem.Property(Plot)]</value>
		<value>$INFO[Container(9002).ListItem.Plot]</value>
	</variable>

	<variable name="varBackground">
		<value condition="[SubString(Container(9000).ListItem.Property(ParentalControl),yes) + !StringCompare(Skin.String(mypassword),Skin.String(passcode))]">$VAR[password_fanart]</value>
		<value condition="[Control.HasFocus(9002) | StringCompare(Container(9000).ListItem.Property(Background),widgetbackground)]">$VAR[widgetBackground]</value>
		<value condition="SubString(Container(9000).ListItem.Property(Background),wall,left)">black.png</value>
		<value condition="StringCompare(Container(9000).ListItem.Property(Background),weather) + !IsEmpty(Window(Weather).Property(Current.FanartCode))">$VAR[weather_fanart]</value>
		<value condition="IsEmpty(Container(9000).ListItem.Property(Background))">$VAR[default_global_bg]</value>		
		<value>$INFO[Container(9000).ListItem.Property(Background)]</value>
	</variable>
	<variable name="varBackground2">
		<value condition="StringCompare(Container(9001).ListItem.Property(Background),weather) + !IsEmpty(Window(Weather).Property(Current.FanartCode))">$VAR[weather_fanart]</value>
		<value condition="StringCompare(Container(9001).ListItem.Property(Background),widgetbackground)">$VAR[widgetBackground]</value>
		<value condition="!IsEmpty(Container(9001).ListItem.Property(Background))">$INFO[Container(9001).ListItem.Property(Background)]</value>		
		<value condition="SubString(Container(9001).ListItem.Property(Background),wall,left)">black.png</value>
		<value condition="StringCompare(Container(9000).ListItem.Property(Background),weather) + !IsEmpty(Window(Weather).Property(Current.FanartCode))">$VAR[weather_fanart]</value>
		<value condition="StringCompare(Container(9000).ListItem.Property(Background),widgetbackground)">$VAR[widgetBackground]</value>
		<value condition="IsEmpty(Container(9000).ListItem.Property(Background))">$VAR[default_global_bg]</value> 
		<value>$INFO[Container(9000).ListItem.Property(Background)]</value>
	</variable>
	<variable name="varBackground_dialog">
		<value condition="[SubString(Container(211).ListItem.Property(ParentalControl),yes) + !StringCompare(Skin.String(mypassword),Skin.String(passcode))]">$VAR[password_fanart]</value>
		<value condition="SubString(Container(211).ListItem.Property(Background),wall,left)">hex_bg.png</value>
		<value condition="StringCompare(Container(211).ListItem.Property(Background),weather) + !IsEmpty(Window(Weather).Property(Current.FanartCode))">$VAR[weather_fanart]</value>
		<value condition="IsEmpty(Container(211).ListItem.Property(Background))">$VAR[default_global_bg]</value> 
		<value>$INFO[Container(211).ListItem.Property(Background)]</value>
	</variable>
	<variable name="widgetBackground">
		<value condition="Container(9002).IsUpdating">$VAR[default_global_bg]</value>
		<value condition="!IsEmpty(Container(9002).ListItem.Art(tvshow.fanart))">$INFO[Container(9002).Listitem.Art(tvshow.fanart)]</value>
		<value condition="!IsEmpty(Container(9002).ListItem.Art(fanart))">$INFO[Container(9002).Listitem.Art(fanart)]</value>
		<value condition="!IsEmpty(Container(9002).ListItem.Property(fanart))">$INFO[Container(9002).Listitem.Property(fanart)]</value>
		<value condition="!IsEmpty(Container(9000).ListItem.Property(Background))">$INFO[Container(9000).ListItem.Property(Background)]</value>
		<value>$VAR[default_global_bg]</value>
	</variable>
	<!-- Widget Content -->
	<include name="widget_content">
		<orientation>Horizontal</orientation>
		<posx>60</posx>
		<posy>35</posy>
		<height>330</height>
		<width>867</width>
		<onback>9000</onback>
		<onup>9003</onup>
		<ondown>9000</ondown>
		<onleft condition="!Skin.HasSetting(Home_Horizontal)">9003</onleft>
		<onright condition="!Skin.HasSetting(Home_Horizontal)">9003</onright>
		<onleft condition="Skin.HasSetting(Home_Horizontal)">9002</onleft>
		<onright condition="Skin.HasSetting(Home_Horizontal)">9002</onright>
		<oninfo>$VAR[widgetoninfoaction]</oninfo>
		<focusposition>0</focusposition>
		<autoscroll time="6000">!Control.HasFocus(9002) + !Control.HasFocus(9101) + StringCompare(Container(9000).ListItem.Property(Background),widgetbackground)</autoscroll>		
		<animation effect="fade" start="100" end="0" time="0" condition="Container(9002).IsUpdating">Conditional</animation>
		<!-- <animation effect="slide" start="650" end="0" time="300" condition="!Container(9002).IsUpdating">Conditional</animation> -->
		<scrolltime tween="back" easing="out">500</scrolltime>
		<itemlayout  width="215" height="330">

			<control type="multiimage">
				<centerleft>50%</centerleft>
				<bottom>0</bottom>
				<top>0</top>
				<width>200</width>
				<aspectratio>keep</aspectratio>
				<imagepath background="true">$VAR[PosterThumb]</imagepath>
				<timeperimage>29</timeperimage>
				<randomize>false</randomize>
			</control>
			<control type="label">
				<posx>10</posx>
				<posy>285</posy>
				<height>40</height>
				<width>205</width>
				<align>center</align>
				<font>font-24</font>
				<textcolor>grey_b</textcolor>
				<label>[B]$INFO[Listitem.Label][/B]</label>
				<visible>StringCompare(Container(9000).ListItem.Property(widget),weather) | StringCompare(Container(9000).ListItem.Property(widget),systeminfo) | StringCompare(Container(9000).ListItem.Property(widget),submenuaswidget)</visible>
			</control>
		</itemlayout>
		<focusedlayout width="215" height="330">
			<control type="image">
				<centerleft>50%</centerleft>
				<width>220</width>
				<bottom>0</bottom>
				<top>0</top>
				<bordertexture colordiffuse="$VAR[main_color]">white.png</bordertexture>
				<bordersize>5</bordersize>
				<aspectratio>keep</aspectratio>
				<texture background="true">$VAR[PosterThumb]</texture>
				<visible>!StringCompare(Container(9000).ListItem.Property(widget),weather)</visible>
			</control>

			<control type="multiimage">
				<centerleft>50%</centerleft>
				<width>230</width>
				<bottom>0</bottom>
				<top>0</top>
				<aspectratio>keep</aspectratio>
				<imagepath background="true">$VAR[PosterThumb]</imagepath>
				<timeperimage>29</timeperimage>
				<randomize>false</randomize>
				<visible>StringCompare(Container(9000).ListItem.Property(widget),weather)</visible>
			</control>
			<control type="label">
				<posx>10</posx>
				<posy>285</posy>
				<height>40</height>
				<width>205</width>
				<align>center</align>
				<font>font-24</font>
				<textcolor>$VAR[main_color]</textcolor>
				<label>[B]$INFO[Listitem.Label][/B]</label>
				<visible>StringCompare(Container(9000).ListItem.Property(widget),weather) | StringCompare(Container(9000).ListItem.Property(widget),systeminfo) | StringCompare(Container(9000).ListItem.Property(widget),submenuaswidget)</visible>
			</control>
		</focusedlayout>
	</include>
	<include name="top_bar_home">
		<include condition="StringCompare(System.Language,Hebrew) | Skin.HasSetting(Prefer_RTL)">top_bar_home_rtl</include>
		<include condition="!StringCompare(System.Language,Hebrew) + !Skin.HasSetting(Prefer_RTL)">top_bar_home_ltr</include>
	</include>
	<include name="top_bar_home_rtl">
		<control type="group">
			<animation effect="slide" start="0" end="0,-100" time="300" condition="Skin.HasSetting(Home_HideTopBar) | Window.IsVisible(volumebar) | Window.IsVisible(BusyDialog) | Window.IsVisible(extendedprogressdialog) | Window.IsVisible(Notification)">Conditional</animation>
			<!-- RSS -->
			<control type="group">
				<posx>10</posx>
				<visible>Skin.HasSetting(Home_Horizontal) + system.getbool(lookandfeel.enablerssfeeds)</visible>
				<animation effect="slide" start="0,-80" end="0,0" tween="sine" easing="out" delay="700" time="500">WindowOpen</animation>
				<animation effect="slide" start="0,0" end="0,-80" delay="0" time="300">WindowClose</animation>
				<animation effect="slide" start="0" end="-100" time="300" condition="!Skin.HasSetting(Home_Horizontal) + Control.HasFocus(9001)">Conditional</animation>
				<control type="image">
					<posx>-40</posx>
					<posy>0</posy>
					<width>848</width>
					<height>50</height>
					<texture colordiffuse="black" diffuse="glass.jpg" background="true" border="15,2,15,2" flipx="true">main/tab2.png</texture> 
					<bordertexture colordiffuse="$VAR[main_color]" border="15,2,15,2" flipx="true">main/tab2_stroke.png</bordertexture>
					<bordersize>1,0,1,1</bordersize>
					<include>topbar_fade_level</include>
				</control>
				<control type="rss">
					<description>rss feed</description>
					<posx>0</posx>
					<posy>0</posy>
					<width>800</width>
					<height>30</height>
					<font>font-20</font>
					<scrollspeed>40</scrollspeed>
					<textcolor>$VAR[topbar_rss2_color]</textcolor>
					<titlecolor>$VAR[topbar_rss1_color]</titlecolor>
					<headlinecolor>$VAR[topbar_rss2_color]</headlinecolor>
					<shadowcolor>black</shadowcolor>
				</control>
			</control>
			<!-- Libarary Stats -->
			<control type="group">
				<animation effect="slide" start="0" end="586" time="300" condition="Skin.HasSetting(Home_Horizontal) + system.getbool(lookandfeel.enablerssfeeds)">Conditional</animation>
				<animation effect="slide" start="300,0" end="0,0" tween="sine" easing="out" delay="700" time="500">WindowOpen</animation>
				<animation effect="slide" start="0,0" end="0,-80" time="300">WindowClose</animation>
				<visible>![!IntegerGreaterThan(Window(Home).Property(Movies.Count),0) + !IntegerGreaterThan(Window(Home).Property(TVShows.Count),0) + !IntegerGreaterThan(Window(Home).Property(Music.SongsCount),0) + Skin.HasSetting(Home_Horizontal)]</visible>
				<control type="image">
					<posx>521</posx>
					<posy>0</posy>
					<width>313</width>
					<height>50</height>
					<texture colordiffuse="black" diffuse="glass.jpg" background="true">main/tab2.png</texture>
					<bordertexture colordiffuse="$VAR[main_color]">main/tab2_stroke.png</bordertexture>
					<bordersize>1,0,1,1</bordersize>
					<include>topbar_fade_level</include>
					<visible>Skin.HasSetting(Home_Horizontal) + system.getbool(lookandfeel.enablerssfeeds)</visible>
				</control>
				<control type="image">
					<posx>510</posx>
					<posy>0</posy>
					<width>308</width>
					<height>50</height>
					<texture colordiffuse="black" diffuse="glass.jpg" background="true" flipx="true">main/tab2.png</texture>
					<bordertexture colordiffuse="$VAR[main_color]" flipx="true">main/tab2_stroke.png</bordertexture>
					<bordersize>1,0,1,1</bordersize>
					<include>topbar_fade_level</include>
					<visible>!Skin.HasSetting(Home_Horizontal) | !system.getbool(lookandfeel.enablerssfeeds)</visible>
				</control>
				<control type="grouplist">
					<posx>510</posx>
					<posy>5</posy>
					<width>320</width>
					<align>center</align>
					<orientation>Horizontal</orientation>
					<itemgap>0</itemgap>
					<control type="group">
						<visible>IntegerGreaterThan(Window(Home).Property(Movies.Count),0)</visible>
						<width>100</width>
						<control type="image">
							<posx>0</posx>
							<posy>0</posy>
							<width>32</width>
							<height>32</height>
							<texture background="true" colordiffuse="$VAR[topbar_text_color]">special://skin/extras/icons/movies.png</texture>
						</control>
						<control type="label">
							<posx>30</posx>
							<posy>0</posy>
							<width>100</width>
							<height>30</height>
							<font>font-18</font>
							<textcolor>$VAR[topbar_text_color]</textcolor>
							<shadowcolor>black</shadowcolor>
							<label>$INFO[Window(Home).Property(Movies.Count)]</label>
						</control>
					</control>
					<control type="group">
						<visible>IntegerGreaterThan(Window(Home).Property(TVShows.Count),0)</visible>
						<width>76</width>
						<control type="image">
							<posx>0</posx>
							<posy>0</posy>
							<width>32</width>
							<height>32</height>
							<texture background="true" colordiffuse="$VAR[topbar_text_color]">special://skin/extras/icons/tvshows.png</texture>
						</control>
						<control type="label">
							<posx>33</posx>
							<posy>0</posy>
							<width>110</width>
							<height>30</height>
							<font>font-18</font>
							<textcolor>$VAR[topbar_text_color]</textcolor>
							<shadowcolor>black</shadowcolor>
							<label>$INFO[Window(Home).Property(TVShows.Count)]</label>
						</control>
					</control>
					<control type="group">
						<visible>IntegerGreaterThan(Window(Home).Property(Music.SongsCount),0)</visible>
						<width>100</width>
						<control type="image">
							<posx>0</posx>
							<posy>4</posy>
							<width>28</width>
							<height>28</height>
							<texture background="true" colordiffuse="$VAR[topbar_text_color]">special://skin/extras/icons/music.png</texture>
						</control>
						<control type="label">
							<posx>30</posx>
							<posy>0</posy>
							<width>100</width>
							<height>30</height>
							<font>font-18</font>
							<textcolor>$VAR[topbar_text_color]</textcolor>
							<shadowcolor>black</shadowcolor>
							<label>$INFO[Window(Home).Property(Music.SongsCount)]</label>
						</control>
					</control>
				</control>
			</control>
			<!-- Weather Info or Date -->
			<control type="group">
				<posx>1106</posx>
				<animation effect="slide" start="0,0" end="295" time="300" condition="Skin.HasSetting(Home_Horizontal) + system.getbool(lookandfeel.enablerssfeeds)">Conditional</animation>
				<animation effect="slide" start="-300,0" end="0,0" tween="sine" easing="out" delay="700" time="500">WindowOpen</animation>
				<animation effect="slide" start="0,0" end="0,-80" delay="0" time="300">WindowClose</animation>
				<animation effect="slide" start="0" end="-100" time="300" condition="!Skin.HasSetting(Home_Horizontal) + Control.HasFocus(9001)">Conditional</animation>
				<control type="image">
					<posx>0</posx>
					<posy>0</posy>
					<width>324</width>
					<height>50</height>
					<texture colordiffuse="black" diffuse="glass.jpg" background="true">main/tab2.png</texture> 
					<bordertexture colordiffuse="$VAR[main_color]">main/tab2_stroke.png</bordertexture>
					<bordersize>1,0,1,1</bordersize>
					<include>topbar_fade_level</include>
				</control>
				<include>Home_Top_Weather_Icon</include>
				<control type="label">
					<description>System Label</description>
					<posx>40</posx>
					<posy>5</posy>
					<width>270</width>
					<height>30</height>
					<font>font-18</font>
					<shadowcolor>black</shadowcolor>
					<label>$INFO[System.Date]</label>
					<textcolor>$VAR[topbar_text_color]</textcolor>
					<visible>Skin.HasSetting(Home_Weather_Icon) | IsEmpty(Weather.Temperature) | IsEmpty(Window(Weather).Property(Current.FanartCode)) | IsEmpty(Weather.plugin) | IsEmpty(Weather.Location)</visible>
				</control>
			</control>

			<!-- Kodi logo -->
			<control type="group">
				<posx>1706</posx>
				<visible>Skin.HasSetting(Home_Horizontal) + system.getbool(lookandfeel.enablerssfeeds)</visible>
				<animation effect="slide" start="-300,0" end="0,0" tween="sine" easing="out" delay="700" time="500">WindowOpen</animation>
				<animation effect="slide" start="0,0" end="0,-80" delay="0" time="300">WindowClose</animation>
				<control type="image">
					<posx>0</posx>
					<posy>0</posy>
					<width>324</width>
					<height>50</height>
					<texture colordiffuse="black" diffuse="glass.jpg" background="true">main/tab2.png</texture> 
					<bordertexture colordiffuse="$VAR[main_color]">main/tab2_stroke.png</bordertexture>
					<bordersize>1,0,1,1</bordersize>
					<include>topbar_fade_level</include>
				</control>
				<control type="image">
					<posx>0</posx>
					<posy>-3</posy>
					<width>200</width>
					<height>50</height>
					<aspectratio>keep</aspectratio>
					<texture>kodi.png</texture>
				</control>
			</control>

			<!-- System Time -->
			<control type="group">
				<posx>800</posx>
				<animation effect="slide" start="0,-80" end="0,0" tween="circle" easing="out" delay="400" time="300">WindowOpen</animation>
				<animation effect="slide" start="0,0" end="0,-80" delay="0" time="300">WindowClose</animation>
				<control type="image">
					<posx>0</posx>
					<posy>0</posy>
					<width>324</width>
					<height>70</height>
					<texture colordiffuse="black" diffuse="glass.jpg" background="true">main/tab.png</texture>
					<bordertexture colordiffuse="$VAR[main_color]">main/tab_stroke.png</bordertexture>
					<include>topbar_fade_level</include>
					<bordersize>1,0,1,1</bordersize>
				</control>
				<control type="label">
					<posx>0</posx>
					<posy>-5</posy>
					<width>324</width>
					<height>30</height>
					<font>time</font>
					<align>center</align>
					<aligny>top</aligny>
					<textcolor>$VAR[topbar_text_color]</textcolor>
					<label>[B]$INFO[System.Date(ddd),, - ]$INFO[System.Time][/B]</label>
				</control>
			</control>
		</control>

		<include>VideoInfo</include>
		<include>MusicInfo</include>
	</include>

	<include name="top_bar_home_ltr">
		<control type="group">
			<animation effect="slide" start="0" end="0,-100" time="300" condition="Skin.HasSetting(Home_HideTopBar) | Window.IsVisible(volumebar) | Window.IsVisible(BusyDialog) | Window.IsVisible(extendedprogressdialog) | Window.IsVisible(Notification)">Conditional</animation>
			<!-- RSS -->
			<control type="group">
				<posx>1100</posx>
				<visible>Skin.HasSetting(Home_Horizontal) + system.getbool(lookandfeel.enablerssfeeds)</visible>
				<animation effect="slide" start="0,-80" end="0,0" tween="sine" easing="out" delay="700" time="500">WindowOpen</animation>
				<animation effect="slide" start="0,0" end="0,-80" delay="0" time="300">WindowClose</animation>
				<animation effect="slide" start="0" end="-100" time="300" condition="!Skin.HasSetting(Home_Horizontal) + Control.HasFocus(9001)">Conditional</animation>
				<control type="image">
					<posx>6</posx>
					<posy>0</posy>
					<width>1070</width>
					<height>50</height>
					<texture colordiffuse="black" diffuse="glass.jpg" background="true" border="15,2,15,2">main/tab2.png</texture> 
					<bordertexture colordiffuse="$VAR[main_color]" border="15,2,15,2">main/tab2_stroke.png</bordertexture>
					<bordersize>1,0,1,1</bordersize>
					<include>topbar_fade_level</include>
				</control>
				<control type="rss">
					<description>rss feed</description>
					<posx>18</posx>
					<posy>0</posy>
					<width>1005</width>
					<height>30</height>
					<font>font-20</font>
					<scrollspeed>40</scrollspeed>
					<textcolor>$VAR[topbar_rss2_color]</textcolor>
					<titlecolor>$VAR[topbar_rss1_color]</titlecolor>
					<headlinecolor>$VAR[topbar_rss2_color]</headlinecolor>
					<shadowcolor>black</shadowcolor>
				</control>
			</control>


			<!-- Libarary Stats -->
			<control type="group">
				<animation effect="slide" start="300,0" end="0,0" tween="sine" easing="out" delay="700" time="500">WindowOpen</animation>
				<animation effect="slide" start="0,0" end="0,-80" time="300">WindowClose</animation>
				<animation effect="slide" start="0" end="100" time="300" condition="!Skin.HasSetting(Home_Horizontal) + Control.HasFocus(9001)">Conditional</animation>
				<visible>![!IntegerGreaterThan(Window(Home).Property(Movies.Count),0) + !IntegerGreaterThan(Window(Home).Property(TVShows.Count),0) + !IntegerGreaterThan(Window(Home).Property(Music.SongsCount),0) + Skin.HasSetting(Home_Horizontal)]</visible>
				<control type="image">
					<posx>510</posx>
					<posy>0</posy>
					<width>308</width>
					<height>50</height>
					<texture colordiffuse="black" diffuse="glass.jpg" flipx="true" background="true">main/tab2.png</texture>
					<bordertexture colordiffuse="$VAR[main_color]" flipx="true">main/tab2_stroke.png</bordertexture>
					<bordersize>1,0,1,1</bordersize>
					<include>topbar_fade_level</include>
				</control>
				<control type="grouplist">
					<posx>510</posx>
					<posy>5</posy>
					<width>320</width>
					<align>center</align>
					<orientation>Horizontal</orientation>
					<itemgap>0</itemgap>
					<control type="group">
						<visible>IntegerGreaterThan(Window(Home).Property(Movies.Count),0)</visible>
						<width>100</width>
						<control type="image">
							<posx>0</posx>
							<posy>0</posy>
							<width>32</width>
							<height>32</height>
							<texture background="true" colordiffuse="$VAR[topbar_text_color]">special://skin/extras/icons/movies.png</texture>
						</control>
						<control type="label">
							<posx>30</posx>
							<posy>0</posy>
							<width>100</width>
							<height>30</height>
							<font>font-18</font>
							<textcolor>$VAR[topbar_text_color]</textcolor>
							<shadowcolor>black</shadowcolor>
							<label>$INFO[Window(Home).Property(Movies.Count)]</label>
						</control>
					</control>
					<control type="group">
						<visible>IntegerGreaterThan(Window(Home).Property(TVShows.Count),0)</visible>
						<width>76</width>
						<control type="image">
							<posx>0</posx>
							<posy>0</posy>
							<width>32</width>
							<height>32</height>
							<texture background="true" colordiffuse="$VAR[topbar_text_color]">special://skin/extras/icons/tvshows.png</texture>
						</control>
						<control type="label">
							<posx>33</posx>
							<posy>0</posy>
							<width>110</width>
							<height>30</height>
							<font>font-18</font>
							<textcolor>$VAR[topbar_text_color]</textcolor>
							<shadowcolor>black</shadowcolor>
							<label>$INFO[Window(Home).Property(TVShows.Count)]</label>
						</control>
					</control>
					<control type="group">
						<visible>IntegerGreaterThan(Window(Home).Property(Music.SongsCount),0)</visible>
						<width>100</width>
						<control type="image">
							<posx>0</posx>
							<posy>4</posy>
							<width>28</width>
							<height>28</height>
							<texture background="true" colordiffuse="$VAR[topbar_text_color]">special://skin/extras/icons/music.png</texture>
						</control>
						<control type="label">
							<posx>30</posx>
							<posy>0</posy>
							<width>100</width>
							<height>30</height>
							<font>font-18</font>
							<textcolor>$VAR[topbar_text_color]</textcolor>
							<shadowcolor>black</shadowcolor>
							<label>$INFO[Window(Home).Property(Music.SongsCount)]</label>
						</control>
					</control>
				</control>
			</control>

			<!-- Weather Info or Date -->
			<control type="group">
				<posx>1090</posx>
				<animation effect="slide" start="0" end="-886" time="300" condition="Skin.HasSetting(Home_Horizontal) + system.getbool(lookandfeel.enablerssfeeds)">Conditional</animation>
				<animation effect="slide" start="-300,0" end="0,0" tween="sine" easing="out" delay="700" time="500">WindowOpen</animation>
				<animation effect="slide" start="0,0" end="0,-80" delay="0" time="300">WindowClose</animation>

				<control type="image">
					<posx>0</posx>
					<posy>0</posy>
					<width>324</width>
					<height>50</height>
					<texture colordiffuse="black" diffuse="glass.jpg" flipx="true" background="true">main/tab2.png</texture>
					<bordertexture colordiffuse="$VAR[main_color]" flipx="true">main/tab2_stroke.png</bordertexture>
					<bordersize>1,0,1,1</bordersize>
					<include>topbar_fade_level</include>
					<visible>Skin.HasSetting(Home_Horizontal) + system.getbool(lookandfeel.enablerssfeeds)</visible>
				</control>
				<control type="image">
					<posx>16</posx>
					<posy>0</posy>
					<width>324</width>
					<height>50</height>
					<texture colordiffuse="black" diffuse="glass.jpg" background="true">main/tab2.png</texture>
					<bordertexture colordiffuse="$VAR[main_color]">main/tab2_stroke.png</bordertexture>
					<bordersize>1,0,1,1</bordersize>
					<include>topbar_fade_level</include>
					<visible>![Skin.HasSetting(Home_Horizontal) + system.getbool(lookandfeel.enablerssfeeds)]</visible>
				</control>
				<include>Home_Top_Weather_Icon</include>
				<control type="label">
					<description>System Date</description>
					<posx>40</posx>
					<posy>0</posy>
					<width>270</width>
					<height>30</height>
					<font>font-18</font>
					<shadowcolor>black</shadowcolor>
					<label>$INFO[System.Date(MMM DD),,$COMMA ]$INFO[System.Date(YYYY)]</label>
					<textcolor>$VAR[topbar_text_color]</textcolor>
					<visible>Skin.HasSetting(Home_Weather_Icon) | IsEmpty(Weather.Temperature) | IsEmpty(Window(Weather).Property(Current.FanartCode)) | IsEmpty(Weather.plugin) | IsEmpty(Weather.Location)</visible>
				</control>
			</control>

			<!-- Kodi logo -->
			<control type="group">
				<posx>-101</posx>
				<visible>Skin.HasSetting(Home_Horizontal) + system.getbool(lookandfeel.enablerssfeeds)</visible>
				<animation effect="slide" start="-300,0" end="0,0" tween="sine" easing="out" delay="700" time="500">WindowOpen</animation>
				<animation effect="slide" start="0,0" end="0,-80" delay="0" time="300">WindowClose</animation>
				<control type="image">
					<posx>0</posx>
					<posy>0</posy>
					<width>324</width>
					<height>50</height>
					<texture colordiffuse="black" diffuse="glass.jpg" background="true" flipx="true">main/tab2.png</texture> 
					<bordertexture colordiffuse="$VAR[main_color]" flipx="true">main/tab2_stroke.png</bordertexture>
					<bordersize>1,0,1,1</bordersize>
					<include>topbar_fade_level</include>
				</control>
				<control type="image">
					<posx>90</posx>
					<posy>-3</posy>
					<width>200</width>
					<height>50</height>
					<aspectratio>keep</aspectratio>
					<texture>kodi.png</texture>
				</control>
			</control>

			<!-- System Time -->
			<control type="group">
				<posx>800</posx>
				<animation effect="slide" start="0,-80" end="0,0" tween="circle" easing="out" delay="400" time="300" condition="!Skin.HasSetting(Home_Horizontal)">WindowOpen</animation>
				<animation effect="slide" start="0,0" end="0,-80" delay="0" time="300" condition="!Skin.HasSetting(Home_Horizontal)">WindowClose</animation>
				<control type="image">
					<posx>0</posx>
					<posy>0</posy>
					<width>324</width>
					<height>70</height>
					<texture colordiffuse="black" diffuse="glass.jpg" background="true">main/tab.png</texture>
					<bordertexture colordiffuse="$VAR[main_color]">main/tab_stroke.png</bordertexture>
					<bordersize>1,0,1,1</bordersize>
					<include>topbar_fade_level</include>
				</control>
				<control type="label">
					<posx>0</posx>
					<posy>-5</posy>
					<width>324</width>
					<height>30</height>
					<font>time</font>
					<align>center</align>
					<aligny>top</aligny>
					<textcolor>$VAR[topbar_text_color]</textcolor>
					<label>[B]$INFO[System.Date(ddd),, - ]$INFO[System.Time][/B]</label>
				</control>
			</control>
		</control>
		<include>VideoInfo</include>
		<include>MusicInfo</include>
	</include>

	<include name="hex_fanart">
		<control type="group">
			<visible>!Player.HasVideo + !Player.HasAudio + !Control.HasFocus(9002) + SubString(Container(9000).ListItem.Property(Background),wall,left)</visible>
			<animation effect="fade" start="0" end="100" time="300">Visible</animation>
			<control type="multiimage">		
				<!-- 1\1 -->		
				<posx>-13</posx>		
				<posy>-114</posy>		
				<include>hex_size</include>			
				<imagepath fallback="special://skin/backgrounds" diffuse="hex.png">$VAR[hex_bg1]</imagepath>		
			</control>
			<control type="multiimage">		
				<!-- 1\2 -->		
				<posx>495</posx>		
				<posy>-114</posy>		
				<include>hex_size</include>				
				<imagepath fallback="special://skin/backgrounds" diffuse="hex.png">$VAR[hex_bg2]</imagepath>		
			</control>		
			<control type="multiimage">		
				<!-- 1\3 -->		
				<posx>999</posx>		
				<posy>-114</posy>		
				<include>hex_size</include>			
				<imagepath fallback="special://skin/backgrounds" diffuse="hex.png">$VAR[hex_bg3]</imagepath>		
			</control>		
			<control type="multiimage">		
				<!-- 1\4 -->		
				<posx>1503</posx>		
				<posy>-114</posy>		
				<include>hex_size</include>			
				<imagepath fallback="special://skin/backgrounds" diffuse="hex.png">$VAR[hex_bg4]</imagepath>		
			</control>		

			<control type="multiimage">		
				<!-- 2\1 -->				
				<posx>-265</posx>		
				<posy>317</posy>		
				<include>hex_size</include>				
				<imagepath fallback="special://skin/backgrounds" diffuse="hex.png">$VAR[hex_bg5]</imagepath>		
			</control>
			<control type="multiimage">		
				<!-- 2\2 -->				
				<posx>242</posx>		
				<posy>317</posy>		
				<include>hex_size</include>				
				<imagepath fallback="special://skin/backgrounds" diffuse="hex.png">$VAR[hex_bg6]</imagepath>		
			</control>		
			<control type="multiimage">		
				<!-- 2\3 -->				
				<posx>1253</posx>		
				<posy>317</posy>		
				<include>hex_size</include>				
				<imagepath fallback="special://skin/backgrounds" diffuse="hex.png">$VAR[hex_bg7]</imagepath>		
			</control>		
			<control type="multiimage">		
				<!-- 2\4 -->				
				<posx>1754</posx>		
				<posy>317</posy>		
				<include>hex_size</include>				
				<imagepath fallback="special://skin/backgrounds" diffuse="hex.png">$VAR[hex_bg8]</imagepath>		
			</control>

			<control type="multiimage">		
				<!-- 3\1 -->		
				<posx>-13</posx>		
				<posy>749</posy>		
				<include>hex_size</include>			
				<imagepath fallback="special://skin/backgrounds" diffuse="hex.png">$VAR[hex_bg9]</imagepath>		
			</control>		

			<control type="multiimage">		
				<!-- 3\2 -->		
				<posx>495</posx>		
				<posy>749</posy>		
				<include>hex_size</include>			
				<imagepath fallback="special://skin/backgrounds" diffuse="hex.png">$VAR[hex_bg10]</imagepath>		
			</control>		
			<control type="multiimage">		
				<!-- 3\3 -->		
				<posx>999</posx>		
				<posy>749</posy>		
				<include>hex_size</include>			
				<imagepath fallback="special://skin/backgrounds" diffuse="hex.png">$VAR[hex_bg11]</imagepath>		
			</control>		
			<control type="multiimage">		
				<!-- 3\4 -->		
				<posx>1503</posx>		
				<posy>749</posy>		
				<include>hex_size</include>			
				<imagepath fallback="special://skin/backgrounds" diffuse="hex.png">$VAR[hex_bg12]</imagepath>		
			</control>	

			<control type="image">		
				<posx>0</posx>		
				<posy>0</posy>		
				<width>1920</width>		
				<height>1080</height>		
				<texture background="true">hex_bg.png</texture>		
			</control>
			<control type="image">		
				<posx>860</posx>		
				<posy>400</posy>		
				<width>200</width>		
				<height>200</height>		
				<texture background="true">$INFO[Container(9000).ListItem.Icon]</texture>		
			</control>
			<control type="label">
				<posx>0</posx>
				<posy>580</posy>
				<width>1920</width>
				<align>center</align>
				<aligny>top</aligny>
				<font>sans-85</font>
				<label>$INFO[Container(9000).ListItem.Label]</label>
			</control>
		</control>
	</include>

	<include name="hex_size">		
		<width>424</width>		
		<height>473</height>		
		<timeperimage>9000</timeperimage>		
		<fadetime>800</fadetime>		
		<pauseatend>1000</pauseatend>		
		<randomize>true</randomize>		
		<aspectratio scalediffuse="false" align="center">scale</aspectratio>
	</include>
	<!-- <variable name="hex_label">
		<value condition="StringCompare(Container(9000).ListItem.Property(Background),wallmovies)">$INFO[Container(9000).ListItem.Label]</value>
		<value condition="StringCompare(Container(9000).ListItem.Property(Background),walltvshows)">TV Shows</value>
		<value condition="StringCompare(Container(9000).ListItem.Property(Background),wallmusic)">Music</value>
		<value condition="StringCompare(Container(9000).ListItem.Property(Background),wallmusicvideos)">Live Shows</value>
		<value condition="StringCompare(Container(9000).ListItem.Property(Background),wallcustom1)">$INFO[Window(Home).Property(playlist.0.label)]</value>	 
	</variable>
	<variable name="hex_icon">
		<value condition="StringCompare(Container(9000).ListItem.Property(Background),wallmovies)">special://skin/extras/icons/hex_movies.png</value>
		<value condition="StringCompare(Container(9000).ListItem.Property(Background),walltvshows)">special://skin/extras/icons/hex_tvshows.png</value>
		<value condition="StringCompare(Container(9000).ListItem.Property(Background),wallmusic)">special://skin/extras/icons/hex_tvshows.png</value>
		<value condition="StringCompare(Container(9000).ListItem.Property(Background),wallmusicvideos)">special://skin/extras/icons/musicvideos.png</value>
		<value condition="StringCompare(Container(9000).ListItem.Property(Background),wallcustom1)">special://skin/extras/icons/hex_kids.png</value>	
	</variable> -->

	<variable name="hex_bg1">
		<value condition="StringCompare(Container(9000).ListItem.Property(Background),wallmovies)">$INFO[Window(Home).Property(SkinHelper.AllMoviesBackground.Wall.0)]</value>
		<value condition="StringCompare(Container(9000).ListItem.Property(Background),walltvshows)">$INFO[Window(Home).Property(SkinHelper.AllTvShowsBackground.Wall.0)]</value>
		<value condition="StringCompare(Container(9000).ListItem.Property(Background),wallmusic)">$INFO[Window(Home).Property(SkinHelper.AllMusicBackground.Wall.0)]</value>
		<value condition="StringCompare(Container(9000).ListItem.Property(Background),wallmusicvideos)">$INFO[Window(Home).Property(SkinHelper.AllMusicVideosBackground.Wall.0)]</value>
		<value condition="StringCompare(Container(9000).ListItem.Property(Background),wallpictures)">$INFO[Window(Home).Property(SkinHelper.PicturesBackground.Wall.0)]</value>
		<value condition="StringCompare(Container(9000).ListItem.Property(Background),wallcustom1)">$INFO[Window(Home).Property(playlist.0.image.Wall.0)]</value>
		<value condition="StringCompare(Container(9000).ListItem.Property(Background),wallcustom2)">$INFO[Window(Home).Property(playlist.1.image.Wall.0)]</value>
		<value condition="StringCompare(Container(9000).ListItem.Property(Background),wallcustom3)">$INFO[Window(Home).Property(playlist.2.image.Wall.0)]</value>
		<value condition="StringCompare(Container(9000).ListItem.Property(Background),wallcustom4)">$INFO[Window(Home).Property(playlist.3.image.Wall.0)]</value>
		<value condition="StringCompare(Container(9000).ListItem.Property(Background),wallcustom5)">$INFO[Window(Home).Property(playlist.4.image.Wall.0)]</value>
		<value condition="StringCompare(Container(9000).ListItem.Property(Background),wallcustom6)">$INFO[Window(Home).Property(playlist.5.image.Wall.0)]</value>
		<value condition="StringCompare(Container(9000).ListItem.Property(Background),wallcustom7)">$INFO[Window(Home).Property(playlist.6.image.Wall.0)]</value>
		<value condition="StringCompare(Container(9000).ListItem.Property(Background),wallcustom8)">$INFO[Window(Home).Property(playlist.7.image.Wall.0)]</value>
	</variable>
	<variable name="hex_bg2">
		<value condition="StringCompare(Container(9000).ListItem.Property(Background),wallmovies)">$INFO[Window(Home).Property(SkinHelper.AllMoviesBackground.Wall.1)]</value>
		<value condition="StringCompare(Container(9000).ListItem.Property(Background),walltvshows)">$INFO[Window(Home).Property(SkinHelper.AllTvShowsBackground.Wall.1)]</value>
		<value condition="StringCompare(Container(9000).ListItem.Property(Background),wallmusic)">$INFO[Window(Home).Property(SkinHelper.AllMusicBackground.Wall.1)]</value>
		<value condition="StringCompare(Container(9000).ListItem.Property(Background),wallmusicvideos)">$INFO[Window(Home).Property(SkinHelper.AllMusicVideosBackground.Wall.1)]</value>
		<value condition="StringCompare(Container(9000).ListItem.Property(Background),wallpictures)">$INFO[Window(Home).Property(SkinHelper.PicturesBackground.Wall.1)]</value>
		<value condition="StringCompare(Container(9000).ListItem.Property(Background),wallcustom1)">$INFO[Window(Home).Property(playlist.0.image.Wall.1)]</value>
		<value condition="StringCompare(Container(9000).ListItem.Property(Background),wallcustom2)">$INFO[Window(Home).Property(playlist.1.image.Wall.1)]</value>
		<value condition="StringCompare(Container(9000).ListItem.Property(Background),wallcustom3)">$INFO[Window(Home).Property(playlist.2.image.Wall.1)]</value>
		<value condition="StringCompare(Container(9000).ListItem.Property(Background),wallcustom4)">$INFO[Window(Home).Property(playlist.3.image.Wall.1)]</value>
		<value condition="StringCompare(Container(9000).ListItem.Property(Background),wallcustom5)">$INFO[Window(Home).Property(playlist.4.image.Wall.1)]</value>
		<value condition="StringCompare(Container(9000).ListItem.Property(Background),wallcustom6)">$INFO[Window(Home).Property(playlist.5.image.Wall.1)]</value>
		<value condition="StringCompare(Container(9000).ListItem.Property(Background),wallcustom7)">$INFO[Window(Home).Property(playlist.6.image.Wall.1)]</value>
		<value condition="StringCompare(Container(9000).ListItem.Property(Background),wallcustom8)">$INFO[Window(Home).Property(playlist.7.image.Wall.1)]</value>
	</variable>
	<variable name="hex_bg3">
		<value condition="StringCompare(Container(9000).ListItem.Property(Background),wallmovies)">$INFO[Window(Home).Property(SkinHelper.AllMoviesBackground.Wall.2)]</value>
		<value condition="StringCompare(Container(9000).ListItem.Property(Background),walltvshows)">$INFO[Window(Home).Property(SkinHelper.AllTvShowsBackground.Wall.2)]</value>
		<value condition="StringCompare(Container(9000).ListItem.Property(Background),wallmusic)">$INFO[Window(Home).Property(SkinHelper.AllMusicBackground.Wall.2)]</value>
		<value condition="StringCompare(Container(9000).ListItem.Property(Background),wallmusicvideos)">$INFO[Window(Home).Property(SkinHelper.AllMusicVideosBackground.Wall.2)]</value>
		<value condition="StringCompare(Container(9000).ListItem.Property(Background),wallpictures)">$INFO[Window(Home).Property(SkinHelper.PicturesBackground.Wall.2)]</value>
		<value condition="StringCompare(Container(9000).ListItem.Property(Background),wallcustom1)">$INFO[Window(Home).Property(playlist.0.image.Wall.2)]</value>
		<value condition="StringCompare(Container(9000).ListItem.Property(Background),wallcustom2)">$INFO[Window(Home).Property(playlist.1.image.Wall.2)]</value>
		<value condition="StringCompare(Container(9000).ListItem.Property(Background),wallcustom3)">$INFO[Window(Home).Property(playlist.2.image.Wall.2)]</value>
		<value condition="StringCompare(Container(9000).ListItem.Property(Background),wallcustom4)">$INFO[Window(Home).Property(playlist.3.image.Wall.2)]</value>
		<value condition="StringCompare(Container(9000).ListItem.Property(Background),wallcustom5)">$INFO[Window(Home).Property(playlist.4.image.Wall.2)]</value>
		<value condition="StringCompare(Container(9000).ListItem.Property(Background),wallcustom6)">$INFO[Window(Home).Property(playlist.5.image.Wall.2)]</value>
		<value condition="StringCompare(Container(9000).ListItem.Property(Background),wallcustom7)">$INFO[Window(Home).Property(playlist.6.image.Wall.2)]</value>
		<value condition="StringCompare(Container(9000).ListItem.Property(Background),wallcustom8)">$INFO[Window(Home).Property(playlist.7.image.Wall.2)]</value>
	</variable>
	<variable name="hex_bg4">
		<value condition="StringCompare(Container(9000).ListItem.Property(Background),wallmovies)">$INFO[Window(Home).Property(SkinHelper.AllMoviesBackground.Wall.3)]</value>
		<value condition="StringCompare(Container(9000).ListItem.Property(Background),walltvshows)">$INFO[Window(Home).Property(SkinHelper.AllTvShowsBackground.Wall.3)]</value>
		<value condition="StringCompare(Container(9000).ListItem.Property(Background),wallmusic)">$INFO[Window(Home).Property(SkinHelper.AllMusicBackground.Wall.3)]</value>
		<value condition="StringCompare(Container(9000).ListItem.Property(Background),wallmusicvideos)">$INFO[Window(Home).Property(SkinHelper.AllMusicVideosBackground.Wall.3)]</value>
		<value condition="StringCompare(Container(9000).ListItem.Property(Background),wallpictures)">$INFO[Window(Home).Property(SkinHelper.PicturesBackground.Wall.3)]</value>
		<value condition="StringCompare(Container(9000).ListItem.Property(Background),wallcustom1)">$INFO[Window(Home).Property(playlist.0.image.Wall.3)]</value>
		<value condition="StringCompare(Container(9000).ListItem.Property(Background),wallcustom2)">$INFO[Window(Home).Property(playlist.1.image.Wall.3)]</value>
		<value condition="StringCompare(Container(9000).ListItem.Property(Background),wallcustom3)">$INFO[Window(Home).Property(playlist.2.image.Wall.3)]</value>
		<value condition="StringCompare(Container(9000).ListItem.Property(Background),wallcustom4)">$INFO[Window(Home).Property(playlist.3.image.Wall.3)]</value>
		<value condition="StringCompare(Container(9000).ListItem.Property(Background),wallcustom5)">$INFO[Window(Home).Property(playlist.4.image.Wall.3)]</value>
		<value condition="StringCompare(Container(9000).ListItem.Property(Background),wallcustom6)">$INFO[Window(Home).Property(playlist.5.image.Wall.3)]</value>
		<value condition="StringCompare(Container(9000).ListItem.Property(Background),wallcustom7)">$INFO[Window(Home).Property(playlist.6.image.Wall.3)]</value>
		<value condition="StringCompare(Container(9000).ListItem.Property(Background),wallcustom8)">$INFO[Window(Home).Property(playlist.7.image.Wall.3)]</value>
	</variable>
	<variable name="hex_bg5">
		<value condition="StringCompare(Container(9000).ListItem.Property(Background),wallmovies)">$INFO[Window(Home).Property(SkinHelper.AllMoviesBackground.Wall.4)]</value>
		<value condition="StringCompare(Container(9000).ListItem.Property(Background),walltvshows)">$INFO[Window(Home).Property(SkinHelper.AllTvShowsBackground.Wall.4)]</value>
		<value condition="StringCompare(Container(9000).ListItem.Property(Background),wallmusic)">$INFO[Window(Home).Property(SkinHelper.AllMusicBackground.Wall.4)]</value>
		<value condition="StringCompare(Container(9000).ListItem.Property(Background),wallmusicvideos)">$INFO[Window(Home).Property(SkinHelper.AllMusicVideosBackground.Wall.4)]</value>
		<value condition="StringCompare(Container(9000).ListItem.Property(Background),wallpictures)">$INFO[Window(Home).Property(SkinHelper.PicturesBackground.Wall.4)]</value>
		<value condition="StringCompare(Container(9000).ListItem.Property(Background),wallcustom1)">$INFO[Window(Home).Property(playlist.0.image.Wall.4)]</value>
		<value condition="StringCompare(Container(9000).ListItem.Property(Background),wallcustom2)">$INFO[Window(Home).Property(playlist.1.image.Wall.4)]</value>
		<value condition="StringCompare(Container(9000).ListItem.Property(Background),wallcustom3)">$INFO[Window(Home).Property(playlist.2.image.Wall.4)]</value>
		<value condition="StringCompare(Container(9000).ListItem.Property(Background),wallcustom4)">$INFO[Window(Home).Property(playlist.3.image.Wall.4)]</value>
		<value condition="StringCompare(Container(9000).ListItem.Property(Background),wallcustom5)">$INFO[Window(Home).Property(playlist.4.image.Wall.4)]</value>
		<value condition="StringCompare(Container(9000).ListItem.Property(Background),wallcustom6)">$INFO[Window(Home).Property(playlist.5.image.Wall.4)]</value>
		<value condition="StringCompare(Container(9000).ListItem.Property(Background),wallcustom7)">$INFO[Window(Home).Property(playlist.6.image.Wall.4)]</value>
		<value condition="StringCompare(Container(9000).ListItem.Property(Background),wallcustom8)">$INFO[Window(Home).Property(playlist.7.image.Wall.4)]</value>
	</variable>
	<variable name="hex_bg6">
		<value condition="StringCompare(Container(9000).ListItem.Property(Background),wallmovies)">$INFO[Window(Home).Property(SkinHelper.AllMoviesBackground.Wall.5)]</value>
		<value condition="StringCompare(Container(9000).ListItem.Property(Background),walltvshows)">$INFO[Window(Home).Property(SkinHelper.AllTvShowsBackground.Wall.5)]</value>
		<value condition="StringCompare(Container(9000).ListItem.Property(Background),wallmusic)">$INFO[Window(Home).Property(SkinHelper.AllMusicBackground.Wall.5)]</value>
		<value condition="StringCompare(Container(9000).ListItem.Property(Background),wallmusicvideos)">$INFO[Window(Home).Property(SkinHelper.AllMusicVideosBackground.Wall.5)]</value>
		<value condition="StringCompare(Container(9000).ListItem.Property(Background),wallpictures)">$INFO[Window(Home).Property(SkinHelper.PicturesBackground.Wall.5)]</value>
		<value condition="StringCompare(Container(9000).ListItem.Property(Background),wallcustom1)">$INFO[Window(Home).Property(playlist.0.image.Wall.5)]</value>
		<value condition="StringCompare(Container(9000).ListItem.Property(Background),wallcustom2)">$INFO[Window(Home).Property(playlist.1.image.Wall.5)]</value>
		<value condition="StringCompare(Container(9000).ListItem.Property(Background),wallcustom3)">$INFO[Window(Home).Property(playlist.2.image.Wall.5)]</value>
		<value condition="StringCompare(Container(9000).ListItem.Property(Background),wallcustom4)">$INFO[Window(Home).Property(playlist.3.image.Wall.5)]</value>
		<value condition="StringCompare(Container(9000).ListItem.Property(Background),wallcustom5)">$INFO[Window(Home).Property(playlist.4.image.Wall.5)]</value>
		<value condition="StringCompare(Container(9000).ListItem.Property(Background),wallcustom6)">$INFO[Window(Home).Property(playlist.5.image.Wall.5)]</value>
		<value condition="StringCompare(Container(9000).ListItem.Property(Background),wallcustom7)">$INFO[Window(Home).Property(playlist.6.image.Wall.5)]</value>
		<value condition="StringCompare(Container(9000).ListItem.Property(Background),wallcustom8)">$INFO[Window(Home).Property(playlist.7.image.Wall.5)]</value>
	</variable>
	<variable name="hex_bg7">
		<value condition="StringCompare(Container(9000).ListItem.Property(Background),wallmovies)">$INFO[Window(Home).Property(SkinHelper.AllMoviesBackground.Wall.6)]</value>
		<value condition="StringCompare(Container(9000).ListItem.Property(Background),walltvshows)">$INFO[Window(Home).Property(SkinHelper.AllTvShowsBackground.Wall.6)]</value>
		<value condition="StringCompare(Container(9000).ListItem.Property(Background),wallmusic)">$INFO[Window(Home).Property(SkinHelper.AllMusicBackground.Wall.6)]</value>
		<value condition="StringCompare(Container(9000).ListItem.Property(Background),wallmusicvideos)">$INFO[Window(Home).Property(SkinHelper.AllMusicVideosBackground.Wall.6)]</value>
		<value condition="StringCompare(Container(9000).ListItem.Property(Background),wallpictures)">$INFO[Window(Home).Property(SkinHelper.PicturesBackground.Wall.6)]</value>
		<value condition="StringCompare(Container(9000).ListItem.Property(Background),wallcustom1)">$INFO[Window(Home).Property(playlist.0.image.Wall.6)]</value>
		<value condition="StringCompare(Container(9000).ListItem.Property(Background),wallcustom2)">$INFO[Window(Home).Property(playlist.1.image.Wall.6)]</value>
		<value condition="StringCompare(Container(9000).ListItem.Property(Background),wallcustom3)">$INFO[Window(Home).Property(playlist.2.image.Wall.6)]</value>
		<value condition="StringCompare(Container(9000).ListItem.Property(Background),wallcustom4)">$INFO[Window(Home).Property(playlist.3.image.Wall.6)]</value>
		<value condition="StringCompare(Container(9000).ListItem.Property(Background),wallcustom5)">$INFO[Window(Home).Property(playlist.4.image.Wall.6)]</value>
		<value condition="StringCompare(Container(9000).ListItem.Property(Background),wallcustom6)">$INFO[Window(Home).Property(playlist.5.image.Wall.6)]</value>
		<value condition="StringCompare(Container(9000).ListItem.Property(Background),wallcustom7)">$INFO[Window(Home).Property(playlist.6.image.Wall.6)]</value>
		<value condition="StringCompare(Container(9000).ListItem.Property(Background),wallcustom8)">$INFO[Window(Home).Property(playlist.7.image.Wall.6)]</value>
	</variable>
	<variable name="hex_bg8">
		<value condition="StringCompare(Container(9000).ListItem.Property(Background),wallmovies)">$INFO[Window(Home).Property(SkinHelper.AllMoviesBackground.Wall.7)]</value>
		<value condition="StringCompare(Container(9000).ListItem.Property(Background),walltvshows)">$INFO[Window(Home).Property(SkinHelper.AllTvShowsBackground.Wall.7)]</value>
		<value condition="StringCompare(Container(9000).ListItem.Property(Background),wallmusic)">$INFO[Window(Home).Property(SkinHelper.AllMusicBackground.Wall.7)]</value>
		<value condition="StringCompare(Container(9000).ListItem.Property(Background),wallmusicvideos)">$INFO[Window(Home).Property(SkinHelper.AllMusicVideosBackground.Wall.7)]</value>
		<value condition="StringCompare(Container(9000).ListItem.Property(Background),wallpictures)">$INFO[Window(Home).Property(SkinHelper.PicturesBackground.Wall.7)]</value>
		<value condition="StringCompare(Container(9000).ListItem.Property(Background),wallcustom1)">$INFO[Window(Home).Property(playlist.0.image.Wall.7)]</value>
		<value condition="StringCompare(Container(9000).ListItem.Property(Background),wallcustom2)">$INFO[Window(Home).Property(playlist.1.image.Wall.7)]</value>
		<value condition="StringCompare(Container(9000).ListItem.Property(Background),wallcustom3)">$INFO[Window(Home).Property(playlist.2.image.Wall.7)]</value>
		<value condition="StringCompare(Container(9000).ListItem.Property(Background),wallcustom4)">$INFO[Window(Home).Property(playlist.3.image.Wall.7)]</value>
		<value condition="StringCompare(Container(9000).ListItem.Property(Background),wallcustom5)">$INFO[Window(Home).Property(playlist.4.image.Wall.7)]</value>
		<value condition="StringCompare(Container(9000).ListItem.Property(Background),wallcustom6)">$INFO[Window(Home).Property(playlist.5.image.Wall.7)]</value>
		<value condition="StringCompare(Container(9000).ListItem.Property(Background),wallcustom7)">$INFO[Window(Home).Property(playlist.6.image.Wall.7)]</value>
		<value condition="StringCompare(Container(9000).ListItem.Property(Background),wallcustom8)">$INFO[Window(Home).Property(playlist.7.image.Wall.7)]</value>
	</variable>
	<variable name="hex_bg9">
		<value condition="StringCompare(Container(9000).ListItem.Property(Background),wallmovies)">$INFO[Window(Home).Property(SkinHelper.AllMoviesBackground.Wall.8)]</value>
		<value condition="StringCompare(Container(9000).ListItem.Property(Background),walltvshows)">$INFO[Window(Home).Property(SkinHelper.AllTvShowsBackground.Wall.8)]</value>
		<value condition="StringCompare(Container(9000).ListItem.Property(Background),wallmusic)">$INFO[Window(Home).Property(SkinHelper.AllMusicBackground.Wall.8)]</value>
		<value condition="StringCompare(Container(9000).ListItem.Property(Background),wallmusicvideos)">$INFO[Window(Home).Property(SkinHelper.AllMusicVideosBackground.Wall.8)]</value>
		<value condition="StringCompare(Container(9000).ListItem.Property(Background),wallpictures)">$INFO[Window(Home).Property(SkinHelper.PicturesBackground.Wall.8)]</value>
		<value condition="StringCompare(Container(9000).ListItem.Property(Background),wallcustom1)">$INFO[Window(Home).Property(playlist.0.image.Wall.8)]</value>
		<value condition="StringCompare(Container(9000).ListItem.Property(Background),wallcustom2)">$INFO[Window(Home).Property(playlist.1.image.Wall.8)]</value>
		<value condition="StringCompare(Container(9000).ListItem.Property(Background),wallcustom3)">$INFO[Window(Home).Property(playlist.2.image.Wall.8)]</value>
		<value condition="StringCompare(Container(9000).ListItem.Property(Background),wallcustom4)">$INFO[Window(Home).Property(playlist.3.image.Wall.8)]</value>
		<value condition="StringCompare(Container(9000).ListItem.Property(Background),wallcustom5)">$INFO[Window(Home).Property(playlist.4.image.Wall.8)]</value>
		<value condition="StringCompare(Container(9000).ListItem.Property(Background),wallcustom6)">$INFO[Window(Home).Property(playlist.5.image.Wall.8)]</value>
		<value condition="StringCompare(Container(9000).ListItem.Property(Background),wallcustom7)">$INFO[Window(Home).Property(playlist.6.image.Wall.8)]</value>
		<value condition="StringCompare(Container(9000).ListItem.Property(Background),wallcustom8)">$INFO[Window(Home).Property(playlist.7.image.Wall.8)]</value>
	</variable>
	<variable name="hex_bg10">
		<value condition="StringCompare(Container(9000).ListItem.Property(Background),wallmovies)">$INFO[Window(Home).Property(SkinHelper.AllMoviesBackground.Wall.9)]</value>
		<value condition="StringCompare(Container(9000).ListItem.Property(Background),walltvshows)">$INFO[Window(Home).Property(SkinHelper.AllTvShowsBackground.Wall.9)]</value>
		<value condition="StringCompare(Container(9000).ListItem.Property(Background),wallmusic)">$INFO[Window(Home).Property(SkinHelper.AllMusicBackground.Wall.9)]</value>
		<value condition="StringCompare(Container(9000).ListItem.Property(Background),wallmusicvideos)">$INFO[Window(Home).Property(SkinHelper.AllMusicVideosBackground.Wall.9)]</value>
		<value condition="StringCompare(Container(9000).ListItem.Property(Background),wallpictures)">$INFO[Window(Home).Property(SkinHelper.PicturesBackground.Wall.9)]</value>
		<value condition="StringCompare(Container(9000).ListItem.Property(Background),wallcustom1)">$INFO[Window(Home).Property(playlist.0.image.Wall.9)]</value>
		<value condition="StringCompare(Container(9000).ListItem.Property(Background),wallcustom2)">$INFO[Window(Home).Property(playlist.1.image.Wall.9)]</value>
		<value condition="StringCompare(Container(9000).ListItem.Property(Background),wallcustom3)">$INFO[Window(Home).Property(playlist.2.image.Wall.9)]</value>
		<value condition="StringCompare(Container(9000).ListItem.Property(Background),wallcustom4)">$INFO[Window(Home).Property(playlist.3.image.Wall.9)]</value>
		<value condition="StringCompare(Container(9000).ListItem.Property(Background),wallcustom5)">$INFO[Window(Home).Property(playlist.4.image.Wall.9)]</value>
		<value condition="StringCompare(Container(9000).ListItem.Property(Background),wallcustom6)">$INFO[Window(Home).Property(playlist.5.image.Wall.9)]</value>
		<value condition="StringCompare(Container(9000).ListItem.Property(Background),wallcustom7)">$INFO[Window(Home).Property(playlist.6.image.Wall.9)]</value>
		<value condition="StringCompare(Container(9000).ListItem.Property(Background),wallcustom8)">$INFO[Window(Home).Property(playlist.7.image.Wall.9)]</value>
	</variable>
	<variable name="hex_bg11">
		<value condition="StringCompare(Container(9000).ListItem.Property(Background),wallmovies)">$INFO[Window(Home).Property(SkinHelper.AllMoviesBackground.Wall.10)]</value>
		<value condition="StringCompare(Container(9000).ListItem.Property(Background),walltvshows)">$INFO[Window(Home).Property(SkinHelper.AllTvShowsBackground.Wall.10)]</value>
		<value condition="StringCompare(Container(9000).ListItem.Property(Background),wallmusic)">$INFO[Window(Home).Property(SkinHelper.AllMusicBackground.Wall.10)]</value>
		<value condition="StringCompare(Container(9000).ListItem.Property(Background),wallmusicvideos)">$INFO[Window(Home).Property(SkinHelper.AllMusicVideosBackground.Wall.10)]</value>
		<value condition="StringCompare(Container(9000).ListItem.Property(Background),wallpictures)">$INFO[Window(Home).Property(SkinHelper.PicturesBackground.Wall.10)]</value>
		<value condition="StringCompare(Container(9000).ListItem.Property(Background),wallcustom1)">$INFO[Window(Home).Property(playlist.0.image.Wall.10)]</value>	
		<value condition="StringCompare(Container(9000).ListItem.Property(Background),wallcustom2)">$INFO[Window(Home).Property(playlist.1.image.Wall.10)]</value>
		<value condition="StringCompare(Container(9000).ListItem.Property(Background),wallcustom3)">$INFO[Window(Home).Property(playlist.2.image.Wall.10)]</value>
		<value condition="StringCompare(Container(9000).ListItem.Property(Background),wallcustom4)">$INFO[Window(Home).Property(playlist.3.image.Wall.10)]</value>
		<value condition="StringCompare(Container(9000).ListItem.Property(Background),wallcustom5)">$INFO[Window(Home).Property(playlist.4.image.Wall.10)]</value>
		<value condition="StringCompare(Container(9000).ListItem.Property(Background),wallcustom6)">$INFO[Window(Home).Property(playlist.5.image.Wall.10)]</value>
		<value condition="StringCompare(Container(9000).ListItem.Property(Background),wallcustom7)">$INFO[Window(Home).Property(playlist.6.image.Wall.10)]</value>
		<value condition="StringCompare(Container(9000).ListItem.Property(Background),wallcustom8)">$INFO[Window(Home).Property(playlist.7.image.Wall.10)]</value>		
	</variable>
	<variable name="hex_bg12">
		<value condition="StringCompare(Container(9000).ListItem.Property(Background),wallmovies)">$INFO[Window(Home).Property(SkinHelper.AllMoviesBackground.Wall.11)]</value>
		<value condition="StringCompare(Container(9000).ListItem.Property(Background),walltvshows)">$INFO[Window(Home).Property(SkinHelper.AllTvShowsBackground.Wall.11)]</value>
		<value condition="StringCompare(Container(9000).ListItem.Property(Background),wallmusic)">$INFO[Window(Home).Property(SkinHelper.AllMusicBackground.Wall.11)]</value>
		<value condition="StringCompare(Container(9000).ListItem.Property(Background),wallmusicvideos)">$INFO[Window(Home).Property(SkinHelper.AllMusicVideosBackground.Wall.11)]</value>
		<value condition="StringCompare(Container(9000).ListItem.Property(Background),wallpictures)">$INFO[Window(Home).Property(SkinHelper.PicturesBackground.Wall.11)]</value>
		<value condition="StringCompare(Container(9000).ListItem.Property(Background),wallcustom1)">$INFO[Window(Home).Property(playlist.0.image.Wall.11)]</value>
		<value condition="StringCompare(Container(9000).ListItem.Property(Background),wallcustom2)">$INFO[Window(Home).Property(playlist.1.image.Wall.11)]</value>
		<value condition="StringCompare(Container(9000).ListItem.Property(Background),wallcustom3)">$INFO[Window(Home).Property(playlist.2.image.Wall.11)]</value>
		<value condition="StringCompare(Container(9000).ListItem.Property(Background),wallcustom4)">$INFO[Window(Home).Property(playlist.3.image.Wall.11)]</value>
		<value condition="StringCompare(Container(9000).ListItem.Property(Background),wallcustom5)">$INFO[Window(Home).Property(playlist.4.image.Wall.11)]</value>
		<value condition="StringCompare(Container(9000).ListItem.Property(Background),wallcustom6)">$INFO[Window(Home).Property(playlist.5.image.Wall.11)]</value>
		<value condition="StringCompare(Container(9000).ListItem.Property(Background),wallcustom7)">$INFO[Window(Home).Property(playlist.6.image.Wall.11)]</value>
		<value condition="StringCompare(Container(9000).ListItem.Property(Background),wallcustom8)">$INFO[Window(Home).Property(playlist.7.image.Wall.11)]</value>
	</variable>


	<variable name="wall_movieslabel"><value>$LOCALIZE[31029] - $LOCALIZE[20342]</value></variable>
	<variable name="wall_tvshowslabel"><value>$LOCALIZE[31029] - $LOCALIZE[20343]</value></variable>
	<variable name="wall_musiclabel"><value>$LOCALIZE[31029] - $LOCALIZE[10005]</value></variable>
	<variable name="wall_musicvideoslabel"><value>$LOCALIZE[31029] - $LOCALIZE[20389]</value></variable>
	<variable name="wall_livetvlabel"><value>$LOCALIZE[31029] - $LOCALIZE[19023]</value></variable>
	<variable name="wall_pictureslabel"><value>$LOCALIZE[31029] - $LOCALIZE[1]</value></variable>
	<variable name="wall_label1"><value>$LOCALIZE[31029] - $INFO[Window(home).Property(playlist.0.label)]</value></variable>
	<variable name="wall_label2"><value>$LOCALIZE[31029] - $INFO[Window(home).Property(playlist.1.label)]</value></variable>
	<variable name="wall_label3"><value>$LOCALIZE[31029] - $INFO[Window(home).Property(playlist.2.label)]</value></variable>
	<variable name="wall_label4"><value>$LOCALIZE[31029] - $INFO[Window(home).Property(playlist.3.label)]</value></variable>
	<variable name="wall_label5"><value>$LOCALIZE[31029] - $INFO[Window(home).Property(playlist.4.label)]</value></variable>
	<variable name="wall_label6"><value>$LOCALIZE[31029] - $INFO[Window(home).Property(playlist.5.label)]</value></variable>
	<variable name="wall_label7"><value>$LOCALIZE[31029] - $INFO[Window(home).Property(playlist.6.label)]</value></variable>
	<variable name="wall_label8"><value>$LOCALIZE[31029] - $INFO[Window(home).Property(playlist.7.label)]</value></variable>

	<include name="Home_Weather_Icon">
		<control type="multiimage">
			<posx>0</posx>
			<posy>10</posy>
			<width>204</width>
			<height>204</height>
			<aspectratio>keep</aspectratio>
			<imagepath>$INFO[Skin.String(weather.icons.path)]$INFO[Window(weather).Property(Current.ConditionIcon)]$INFO[Skin.String(weather.icons.ext)]</imagepath>
			<visible>!IsEmpty(Skin.String(weather.icons.path)) + !IsEmpty(Skin.String(weather.icons.ext)) + !Skin.HasSetting(weather.icons.multi)</visible>
		</control>
		<control type="multiimage">
			<posx>0</posx>
			<posy>10</posy>
			<width>204</width>
			<height>204</height>
			<aspectratio>keep</aspectratio>
			<imagepath>$INFO[Skin.String(weather.icons.path)]$INFO[Window(weather).Property(Current.ConditionIcon)]</imagepath>
			<timeperimage>29</timeperimage>
			<randomize>false</randomize>
			<animation effect="fade" start="0" end="100" time="3000" delay="100">WindowOpen</animation>
			<visible>!IsEmpty(Skin.String(weather.icons.path)) + Skin.HasSetting(weather.icons.multi)</visible>
		</control>
		<control type="multiimage">
			<posx>0</posx>
			<posy>10</posy>
			<width>204</width>
			<height>204</height>
			<aspectratio>keep</aspectratio>
			<imagepath>resource://resource.images.weathericons.default/$INFO[Window(weather).Property(Current.ConditionIcon,,.png]</imagepath>
			<visible>IsEmpty(Skin.String(weather.icons.path))  + System.HasAddon(resource.images.weathericons.default)</visible>
		</control>
	</include>

	<include name="VideoInfo"> 
		<include condition="StringCompare(System.Language,Hebrew) | Skin.HasSetting(Prefer_RTL)">VideoInfo_rtl</include>
		<include condition="!StringCompare(System.Language,Hebrew) + !Skin.HasSetting(Prefer_RTL)">VideoInfo_ltr</include>
	</include>
	<include name="VideoInfo_rtl"> 
		<control type="group">
			<posx>-30</posx>
			<posy>0</posy>
			<animation effect="slide" end="0,-110" tween="sine" easing="out" time="300" condition="ControlGroup(9100).HasFocus | Control.HasFocus(9101) | ControlGroup(8000).HasFocus">Conditional</animation>
			<animation effect="zoom" start="60" end="100" center="0,22" time="800" tween="back" easing="out">WindowOpen</animation>
			<animation effect="zoom" start="100" end="60" center="0,22" time="800" tween="back" easing="in">WindowClose</animation>
			<visible>Player.HasVideo + [!Window.Next(fullscreenvideo) | !Window.Next(busydialog)]</visible>
			<control type="image">
				<posx>45</posx>
				<posy>30</posy>
				<width>500</width>
				<height>160</height>
				<texture background="true" border="60,34,10,10">baloon.png</texture>
			</control>

			<control type="image">
				<description>Thumb image for Episodes</description>
				<posx>555</posx>
				<posy>58</posy>
				<height>128</height>
				<aspectratio align="left">keep</aspectratio>
				<texture >$INFO[Player.Art(thumb)]</texture>
				<bordertexture colordiffuse="grey">white.png</bordertexture>
				<bordersize>2</bordersize>
				<visible>VideoPlayer.Content(Episodes)</visible>
			</control>
			<control type="image">
				<description>Poster</description>
				<posx>555</posx>
				<posy>56</posy>
				<width>140</width>
				<height>134</height>
				<aspectratio align="left">keep</aspectratio>
				<bordertexture colordiffuse="FFe8e8e8">white.png</bordertexture>
				<bordersize>3</bordersize>
				<texture background="true">$INFO[Player.Art(thumb)]</texture>
				<visible>!VideoPlayer.Content(Episodes)</visible>
			</control>

			<control type="grouplist" id="9003">
				<posx>432</posx>
				<posy>143</posy>
				<width>300</width>
				<orientation>horizontal</orientation>
				<itemgap>2</itemgap>
				<onup condition="Window.IsActive(home)">9000</onup>
				<onup condition="!Window.IsActive(home)">50</onup>
				<ondown condition="Window.IsActive(home)">9000</ondown>
				<ondown condition="!Window.IsActive(home)">50</ondown>
				<onleft condition="Window.IsActive(home)">9000</onleft>
				<onleft condition="!Window.IsActive(home)">9100</onleft>
				<onright condition="Window.IsActive(home)">9000</onright>
				<onright condition="!Window.IsActive(home)">50</onright>
				<control type="togglebutton" id="9004">
					<description>Play\Pause image</description>
					<width>32</width>
					<height>32</height>
					<label>-</label>
					<font>-</font>
					<texturefocus colordiffuse="$VAR[main_color]">pause.png</texturefocus>
					<texturenofocus colordiffuse="darkgrey">pause.png</texturenofocus>
					<alttexturefocus colordiffuse="$VAR[main_color]">play.png</alttexturefocus>
					<alttexturenofocus colordiffuse="darkgrey">play.png</alttexturenofocus>
					<usealttexture>Player.Paused | Player.Forwarding | Player.Rewinding</usealttexture>
					<onclick>PlayerControl(Play)</onclick>
				</control>
				<control type="button"  id="9005">
					<description>FullScreen - Expand image</description>
					<width>32</width>
					<height>32</height>
					<onclick>PlayerControl(Stop)</onclick>
					<texturefocus colordiffuse="$VAR[main_color]">stop.png</texturefocus>
					<texturenofocus colordiffuse="darkgrey">stop.png</texturenofocus>
				</control>

				<control type="button"  id="9006">
					<description>FullScreen - Expand image</description>
					<width>28</width>
					<height>28</height>
					<onclick>FullScreen</onclick>
					<texturefocus colordiffuse="$VAR[main_color]">expand.png</texturefocus>
					<texturenofocus colordiffuse="darkgrey">expand.png</texturenofocus>
				</control>
			</control> 
			<control type="label">
				<description>Now Playing label</description>
				<posx>540</posx>
				<posy>10</posy>
				<width>380</width>
				<height>45</height>
				<label>$VAR[Now_playing_status]</label>
				<align>right</align>
				<aligny>center</aligny>
				<font>font-25</font>
				<textcolor>white</textcolor>
				<visible>![Window.IsActive(home) + Skin.HasSetting(Home_Horizontal) + system.getbool(lookandfeel.enablerssfeeds)]</visible>
			</control>
			<control type="label">
				<description>Title label</description>
				<posx>530</posx>
				<posy>60</posy>
				<width>460</width>
				<height>45</height>
				<label>$INFO[VideoPlayer.Title]</label>
				<align>right</align>
				<aligny>center</aligny>
				<font>font-25</font>
				<scroll>true</scroll>
				<textcolor>darkgrey</textcolor>
			</control>
			<control type="label">
				<description>label2</description>
				<posx>530</posx>
				<posy>100</posy>
				<width>460</width>
				<height>45</height>
				<label>$VAR[OSDLabel3]</label>
				<align>right</align>
				<aligny>center</aligny>
				<font>font-20</font>
				<scroll>true</scroll>
				<textcolor>darkgrey</textcolor>
			</control>

			<control type="group">
				<width>468</width>
				<height>22</height>
				<posx>60</posx>
				<posy>145</posy>
				<control type="label">
					<posx>0</posx>
					<posy>5</posy>
					<description>Time Label</description>
					<height>18</height>
					<width>468</width>
					<align>left</align>
					<label>$INFO[VideoPlayer.Time][COLOR=grey_b][B] / [/B][/COLOR]$INFO[Player.Duration]</label>
					<font>font-12</font>
					<textcolor>grey_a</textcolor>
				</control>
				<control type="progress">
					<description>Progressbar</description>
					<posx>0</posx>
					<posy>23</posy>
					<width>468</width>
					<height>22</height>
					<info>Player.Progress</info>
				</control>
				<control type="slider" id="888">
					<description>Slider</description>
					<posx>0</posx>
					<posy>23</posy>
					<width>468</width>
					<height>22</height>
					<action>seek</action>
				</control>
			</control>
		</control>
	</include>
	<include name="VideoInfo_ltr"> 
		<control type="group">
			<posx>1205</posx>
			<posy>0</posy>
			<animation effect="slide" end="0,-110" tween="sine" easing="out" time="300" condition="ControlGroup(9100).HasFocus | Control.HasFocus(9101) | ControlGroup(8000).HasFocus">Conditional</animation>
			<animation effect="zoom" start="60" end="100" center="1920,22" time="800" tween="back" easing="out">WindowOpen</animation>
			<animation effect="zoom" start="100" end="60" center="1920,22" time="800" tween="back" easing="in">WindowClose</animation>
			<visible>Player.HasVideo + [!Window.Next(fullscreenvideo) | !Window.Next(busydialog)]</visible>
			<control type="image">
				<posx>200</posx>
				<posy>30</posy>
				<width>500</width>
				<height>200</height>
				<texture colordiffuse="black" background="true" border="10,34,60,10" flipx="true">baloon.png</texture>
			</control>

			<control type="image">
				<description>Thumb image for Episodes</description>
				<posx>-40</posx>
				<posy>98</posy>
				<height>128</height>
				<aspectratio align="left">keep</aspectratio>
				<texture >$INFO[Player.Art(thumb)]</texture>
				<bordertexture colordiffuse="grey_a">white.png</bordertexture>
				<bordersize>2</bordersize>
				<visible>VideoPlayer.Content(Episodes)</visible>
			</control>
			<control type="image">
				<description>Poster</description>
				<posx>50</posx>
				<posy>96</posy>
				<width>140</width>
				<height>134</height>
				<aspectratio align="left">keep</aspectratio>
				<bordertexture colordiffuse="FFe8e8e8">white.png</bordertexture>
				<bordersize>3</bordersize>
				<texture background="true">$INFO[Player.Art(thumb)]</texture>
				<visible>!VideoPlayer.Content(Episodes)</visible>
			</control>

			<control type="grouplist" id="9003">
				<posx>585</posx>
				<posy>183</posy>
				<width>300</width>
				<orientation>horizontal</orientation>
				<itemgap>2</itemgap>
				<onup condition="Window.IsActive(home)">9000</onup>
				<onup condition="!Window.IsActive(home)">50</onup>
				<ondown condition="Window.IsActive(home)">9000</ondown>
				<ondown condition="!Window.IsActive(home)">50</ondown>
				<onleft condition="Window.IsActive(home)">9000</onleft>
				<onleft condition="!Window.IsActive(home)">50</onleft>
				<onright condition="Window.IsActive(home)">9000</onright>
				<onright condition="!Window.IsActive(home)">9100</onright>
				<control type="togglebutton" id="9004">
					<description>Play\Pause image</description>
					<width>32</width>
					<height>32</height>
					<label>-</label>
					<font>-</font>
					<texturefocus colordiffuse="$VAR[main_color]">pause.png</texturefocus>
					<texturenofocus colordiffuse="grey_a">pause.png</texturenofocus>
					<alttexturefocus colordiffuse="$VAR[main_color]">play.png</alttexturefocus>
					<alttexturenofocus colordiffuse="grey_a">play.png</alttexturenofocus>
					<usealttexture>Player.Paused | Player.Forwarding | Player.Rewinding</usealttexture>
					<onclick>PlayerControl(Play)</onclick>
				</control>
				<control type="button"  id="9005">
					<description>FullScreen - Expand image</description>
					<width>32</width>
					<height>32</height>
					<onclick>PlayerControl(Stop)</onclick>
					<texturefocus colordiffuse="$VAR[main_color]">stop.png</texturefocus>
					<texturenofocus colordiffuse="grey_a">stop.png</texturenofocus>
				</control>

				<control type="button"  id="9006">
					<description>FullScreen - Expand image</description>
					<width>28</width>
					<height>28</height>
					<onclick>FullScreen</onclick>
					<texturefocus colordiffuse="$VAR[main_color]">expand.png</texturefocus>
					<texturenofocus colordiffuse="grey_a">expand.png</texturenofocus>
				</control>
			</control> 
			<control type="label">
				<description>Now Playing label</description>
				<posx>220</posx>
				<posy>55</posy>
				<width>380</width>
				<height>45</height>
				<label>$VAR[Now_playing_status]</label>
				<align>left</align>
				<aligny>center</aligny>
				<font>font-25</font>
				<textcolor>$VAR[main_color]</textcolor>
				<visible>![Window.IsActive(home) + Skin.HasSetting(Home_Horizontal) + system.getbool(lookandfeel.enablerssfeeds)]</visible>
			</control>
			<control type="label">
				<description>Title label</description>
				<posx>220</posx>
				<posy>100</posy>
				<width>460</width>
				<height>45</height>
				<label>$INFO[VideoPlayer.Title]</label>
				<align>left</align>
				<aligny>center</aligny>
				<font>font-25</font>
				<scroll>true</scroll>
				<textcolor>grey_a</textcolor>
			</control>
			<control type="label">
				<description>label2</description>
				<posx>220</posx>
				<posy>140</posy>
				<width>460</width>
				<height>45</height>
				<label>$VAR[OSDLabel3]</label>
				<align>left</align>
				<aligny>center</aligny>
				<font>font-20</font>
				<scroll>true</scroll>
				<textcolor>grey_a</textcolor>
			</control>

			<control type="group">
				<width>468</width>
				<height>22</height>
				<posx>215</posx>
				<posy>185</posy>
				<control type="label">
					<posx>0</posx>
					<posy>-10</posy>
					<description>Time Label</description>
					<height>18</height>
					<width>468</width>
					<align>left</align>
					<label>$INFO[VideoPlayer.Time][COLOR=grey_b][B] / [/B][/COLOR]$INFO[Player.Duration]</label>
					<font>font-12</font>
					<textcolor>grey_a</textcolor>
				</control>
				<control type="progress">
					<description>Progressbar</description>
					<posx>0</posx>
					<posy>23</posy>
					<width>468</width>
					<height>22</height>
					<info>Player.Progress</info>
				</control>
				<control type="slider" id="888">
					<description>Slider</description>
					<posx>0</posx>
					<posy>23</posy>
					<width>468</width>
					<height>22</height>
					<action>seek</action>
				</control>
			</control>
		</control>
	</include>

	<include name="MusicInfo">
		<include condition="StringCompare(System.Language,Hebrew) | Skin.HasSetting(Prefer_RTL)">MusicInfo_rtl</include>
		<include condition="!StringCompare(System.Language,Hebrew) + !Skin.HasSetting(Prefer_RTL)">MusicInfo_ltr</include>
	</include>
	<include name="MusicInfo_rtl">
		<control type="group">
			<posx>-30</posx>
			<posy>0</posy>
			<animation effect="slide" end="0,-110" tween="sine" easing="out" time="300" condition="ControlGroup(9100).HasFocus | Control.HasFocus(9101) | ControlGroup(8000).HasFocus">Conditional</animation>
			<animation effect="fade" start="0" end="100" time="0" delay="2000" condition="True">Conditional</animation>
			<animation effect="zoom" start="60" end="100" center="0,22" time="800" tween="back" easing="out">WindowOpen</animation>
			<animation effect="zoom" start="100" end="60" center="0,22" time="800" tween="back" easing="in">WindowClose</animation>
			<visible>Player.HasAudio</visible>
			<visible>IsEmpty(Window(Videos).Property(PlayingBackgroundMedia))</visible>
			<control type="image">
				<posx>45</posx>
				<posy>30</posy>
				<width>500</width>
				<height>160</height>
				<texture background="true" border="60,34,10,10">baloon.png</texture>
			</control>
			<control type="image">
				<description>cdart image</description>
				<posx>555</posx>
				<posy>62</posy>
				<width>120</width>
				<height>120</height>
				<texture background="true">$INFO[Player.FolderPath,,cdart.png]</texture>
				<aspectratio>keep</aspectratio>
				<include>cdartspinhome</include>
				<visible>![substring(Player.FolderPath,pvr://) | substring(Player.FolderPath,http://) | substring(Player.FolderPath,https://) | substring(Player.FolderPath,htsp://)]</visible>
			</control>
			<control type="image">
				<description>Cover image</description>
				<posx>555</posx>
				<posy>58</posy>
				<height>128</height>
				<width>128</width>
				<aspectratio align="left">keep</aspectratio>
				<texture >$INFO[Player.Art(thumb)]</texture>
				<bordertexture colordiffuse="grey">white.png</bordertexture>
				<bordersize>2</bordersize>
				<texture background="true">$INFO[MusicPlayer.Cover]</texture>
				<visible>Player.HasAudio</visible>
			</control>
			<control type="grouplist" id="9003">
				<posx>432</posx>
				<posy>143</posy>
				<width>300</width>
				<orientation>horizontal</orientation>
				<itemgap>2</itemgap>
				<onup condition="Window.IsActive(home)">9000</onup>
				<onup condition="!Window.IsActive(home)">50</onup>
				<ondown condition="Window.IsActive(home)">9000</ondown>
				<ondown condition="!Window.IsActive(home)">50</ondown>
				<onleft condition="Window.IsActive(home)">9000</onleft>
				<onleft condition="!Window.IsActive(home)">9100</onleft>
				<onright condition="Window.IsActive(home)">9000</onright>
				<onright condition="!Window.IsActive(home)">50</onright>
				<control type="togglebutton" id="9004">
					<description>Play\Pause image</description>
					<width>32</width>
					<height>32</height>
					<label>-</label>
					<font>-</font>
					<texturefocus colordiffuse="$VAR[main_color]">pause.png</texturefocus>
					<texturenofocus colordiffuse="darkgrey">pause.png</texturenofocus>
					<alttexturefocus colordiffuse="$VAR[main_color]">play.png</alttexturefocus>
					<alttexturenofocus colordiffuse="darkgrey">play.png</alttexturenofocus>
					<usealttexture>Player.Paused | Player.Forwarding | Player.Rewinding</usealttexture>
					<onclick>PlayerControl(Play)</onclick>
				</control>
				<control type="button"  id="9005">
					<description>FullScreen - Expand image</description>
					<width>32</width>
					<height>32</height>
					<onclick>PlayerControl(Stop)</onclick>
					<texturefocus colordiffuse="$VAR[main_color]">stop.png</texturefocus>
					<texturenofocus colordiffuse="darkgrey">stop.png</texturenofocus>
				</control>

				<control type="button"  id="9006">
					<description>FullScreen - Expand image</description>
					<width>28</width>
					<height>28</height>
					<onclick>FullScreen</onclick>
					<texturefocus colordiffuse="$VAR[main_color]">expand.png</texturefocus>
					<texturenofocus colordiffuse="darkgrey">expand.png</texturenofocus>
				</control>
			</control> 
			<control type="label">
				<description>Now Playing label</description>
				<posx>540</posx>
				<posy>10</posy>
				<width>380</width>
				<height>45</height>
				<label>$VAR[Now_playing_status]</label>
				<align>right</align>
				<aligny>center</aligny>
				<font>font-25</font>
				<textcolor>white</textcolor>
				<visible>![Window.IsActive(home) + Skin.HasSetting(Home_Horizontal) + system.getbool(lookandfeel.enablerssfeeds)]</visible>
			</control>
			<control type="label">
				<description>Title label</description>
				<posx>530</posx>
				<posy>60</posy>
				<width>460</width>
				<height>45</height>
				<label>$INFO[MusicPlayer.Title]</label>
				<align>right</align>
				<aligny>center</aligny>
				<font>font-25</font>
				<scroll>true</scroll>
				<textcolor>darkgrey</textcolor>
			</control>
			<control type="label">
				<description>label2</description>
				<posx>530</posx>
				<posy>100</posy>
				<width>460</width>
				<height>45</height>
				<label>$INFO[MusicPlayer.Artist] - $INFO[MusicPlayer.Album]</label>
				<align>right</align>
				<aligny>center</aligny>
				<font>font-20</font>
				<scroll>true</scroll>
				<textcolor>darkgrey</textcolor>
			</control>

			<control type="group">
				<width>468</width>
				<height>22</height>
				<posx>60</posx>
				<posy>145</posy>
				<control type="label">
					<posx>0</posx>
					<posy>5</posy>
					<description>Time Label</description>
					<height>18</height>
					<width>468</width>
					<align>left</align>
					<label>$INFO[MusicPlayer.Time][COLOR=grey_b][B] / [/B][/COLOR]$INFO[Player.Duration]</label>
					<font>font-12</font>
					<textcolor>grey_a</textcolor>
				</control>
				<control type="progress">
					<description>Progressbar</description>
					<posx>0</posx>
					<posy>23</posy>
					<width>468</width>
					<height>22</height>
					<info>Player.Progress</info>
				</control>
				<control type="slider" id="888">
					<description>Slider</description>
					<posx>0</posx>
					<posy>23</posy>
					<width>468</width>
					<height>22</height>
					<action>seek</action>
				</control>
			</control>

		</control>
	</include>
	<include name="MusicInfo_ltr">
		<control type="group">
			<posx>1205</posx>
			<posy>0</posy>
			<animation effect="slide" end="0,-110" tween="sine" easing="out" time="300" condition="ControlGroup(9100).HasFocus | Control.HasFocus(9101) | ControlGroup(8000).HasFocus">Conditional</animation>
			<animation effect="fade" start="0" end="100" time="0" delay="2000" condition="True">Conditional</animation>
			<animation effect="zoom" start="60" end="100" center="1920,22" time="800" tween="back" easing="out">WindowOpen</animation>
			<animation effect="zoom" start="100" end="60" center="1920,22" time="800" tween="back" easing="in">WindowClose</animation>
			<visible>Player.HasAudio</visible>
			<visible>IsEmpty(Window(Videos).Property(PlayingBackgroundMedia))</visible>
			<control type="image">
				<posx>200</posx>
				<posy>30</posy>
				<width>500</width>
				<height>160</height>
				<texture background="true" border="10,34,60,10" flipx="true">baloon.png</texture>
			</control>
			<control type="image">
				<description>cdart image</description>
				<posx>60</posx>
				<posy>62</posy>
				<width>120</width>
				<height>120</height>
				<texture background="true">$INFO[Player.FolderPath,,cdart.png]</texture>
				<aspectratio>keep</aspectratio>
				<include>cdartspinhome</include>
				<visible>![substring(Player.FolderPath,pvr://) | substring(Player.FolderPath,http://) | substring(Player.FolderPath,https://) | substring(Player.FolderPath,htsp://)]</visible>
			</control>
			<control type="image">
				<description>Cover image</description>
				<posx>60</posx>
				<posy>58</posy>
				<height>128</height>
				<width>128</width>
				<aspectratio align="left">keep</aspectratio>
				<texture >$INFO[Player.Art(thumb)]</texture>
				<bordertexture colordiffuse="grey">white.png</bordertexture>
				<bordersize>2</bordersize>
				<texture background="true">$INFO[MusicPlayer.Cover]</texture>
				<visible>Player.HasAudio</visible>
			</control>
			<control type="grouplist" id="9003">
				<posx>585</posx>
				<posy>143</posy>
				<width>300</width>
				<orientation>horizontal</orientation>
				<itemgap>2</itemgap>
				<onup condition="Window.IsActive(home)">9000</onup>
				<onup condition="!Window.IsActive(home)">50</onup>
				<ondown condition="Window.IsActive(home)">9000</ondown>
				<ondown condition="!Window.IsActive(home)">50</ondown>
				<onleft condition="Window.IsActive(home)">9000</onleft>
				<onleft condition="!Window.IsActive(home)">50</onleft>
				<onright condition="Window.IsActive(home)">9000</onright>
				<onright condition="!Window.IsActive(home)">9100</onright>
				<control type="togglebutton" id="9004">
					<description>Play\Pause image</description>
					<width>32</width>
					<height>32</height>
					<label>-</label>
					<font>-</font>
					<texturefocus colordiffuse="$VAR[main_color]">pause.png</texturefocus>
					<texturenofocus colordiffuse="darkgrey">pause.png</texturenofocus>
					<alttexturefocus colordiffuse="$VAR[main_color]">play.png</alttexturefocus>
					<alttexturenofocus colordiffuse="darkgrey">play.png</alttexturenofocus>
					<usealttexture>Player.Paused | Player.Forwarding | Player.Rewinding</usealttexture>
					<onclick>PlayerControl(Play)</onclick>
				</control>
				<control type="button"  id="9005">
					<description>FullScreen - Expand image</description>
					<width>32</width>
					<height>32</height>
					<onclick>PlayerControl(Stop)</onclick>
					<texturefocus colordiffuse="$VAR[main_color]">stop.png</texturefocus>
					<texturenofocus colordiffuse="darkgrey">stop.png</texturenofocus>
				</control>

				<control type="button"  id="9006">
					<description>FullScreen - Expand image</description>
					<width>28</width>
					<height>28</height>
					<onclick>FullScreen</onclick>
					<texturefocus colordiffuse="$VAR[main_color]">expand.png</texturefocus>
					<texturenofocus colordiffuse="darkgrey">expand.png</texturenofocus>
				</control>
			</control> 
			<control type="label">
				<description>Now Playing label</description>
				<posx>220</posx>
				<posy>10</posy>
				<width>380</width>
				<height>45</height>
				<label>$VAR[Now_playing_status]</label>
				<align>left</align>
				<aligny>center</aligny>
				<font>font-25</font>
				<textcolor>white</textcolor>
				<visible>![Window.IsActive(home) + Skin.HasSetting(Home_Horizontal) + system.getbool(lookandfeel.enablerssfeeds)]</visible>
			</control>
			<control type="label">
				<description>Title label</description>
				<posx>220</posx>
				<posy>60</posy>
				<width>460</width>
				<height>45</height>
				<label>$INFO[MusicPlayer.Title]</label>
				<align>left</align>
				<aligny>center</aligny>
				<font>font-25</font>
				<scroll>true</scroll>
				<textcolor>darkgrey</textcolor>
			</control>
			<control type="label">
				<description>label2</description>
				<posx>220</posx>
				<posy>100</posy>
				<width>460</width>
				<height>45</height>
				<label>$INFO[MusicPlayer.Artist] - $INFO[MusicPlayer.Album]</label>
				<align>left</align>
				<aligny>center</aligny>
				<font>font-20</font>
				<scroll>true</scroll>
				<textcolor>darkgrey</textcolor>
			</control>

			<control type="group">
				<width>468</width>
				<height>22</height>
				<posx>220</posx>
				<posy>145</posy>
				<control type="label">
					<posx>0</posx>
					<posy>5</posy>
					<description>Time Label</description>
					<height>18</height>
					<width>468</width>
					<align>left</align>
					<label>$INFO[MusicPlayer.Time][COLOR=grey_b][B] / [/B][/COLOR]$INFO[Player.Duration]</label>
					<font>font-12</font>
					<textcolor>grey_a</textcolor>
				</control>
				<control type="progress">
					<description>Progressbar</description>
					<posx>0</posx>
					<posy>23</posy>
					<width>468</width>
					<height>22</height>
					<info>Player.Progress</info>
				</control>
				<control type="slider" id="888">
					<description>Slider</description>
					<posx>0</posx>
					<posy>23</posy>
					<width>468</width>
					<height>22</height>
					<action>seek</action>
				</control>
			</control>

		</control>
	</include>

</includes>
