<?xml version="1.0" encoding="UTF-8"?>
<includes>
	<!-- Phenomenal Skin -->
	<include name="osd_sub_animation1">
		<animation effect="zoom" start="0" end="100" center="1550,798" time="400">Visible</animation>
		<animation effect="zoom" start="100" end="0" center="1550,798" time="400">Hidden</animation>
	</include>
	<include name="osd_sub_animation2">
		<animation effect="zoom" start="0" end="100" center="1200,798" time="400">Visible</animation>
		<animation effect="zoom" start="100" end="0" center="1200,798" time="400">Hidden</animation>
	</include>

	<include name="cdartspinhome">
		<include condition="StringCompare(System.Language,Hebrew) | Skin.HasSetting(Prefer_RTL)">cdartspinhome_rtl</include>
		<include condition="!StringCompare(System.Language,Hebrew) + !Skin.HasSetting(Prefer_RTL)">cdartspinhome_ltr</include>
		<animation effect="rotate" end="-36000" center="auto" time="500000" loop="true" reversible="false" condition="true">Conditional</animation>
		<animation effect="rotate" end="-360" center="auto" time="3000" loop="true" reversible="false" condition="Player.Forwarding2x">Conditional</animation>
		<animation effect="rotate" end="-360" center="auto" time="2000" loop="true" reversible="false" condition="Player.Forwarding4x">Conditional</animation>
		<animation effect="rotate" end="-360" center="auto" time="1500" loop="true" reversible="false" condition="Player.Forwarding8x">Conditional</animation>
		<animation effect="rotate" end="-360" center="auto" time="1000" loop="true" reversible="false" condition="Player.Forwarding16x">Conditional</animation>
		<animation effect="rotate" end="-360" center="auto" time="500" loop="true" reversible="false" condition="Player.Forwarding32x">Conditional</animation>
		<animation effect="rotate" end="720" center="auto" time="3000" loop="true" reversible="false" condition="Player.Rewinding2x">Conditional</animation>
		<animation effect="rotate" end="720" center="auto" time="2000" loop="true" reversible="false" condition="Player.Rewinding4x">Conditional</animation>
		<animation effect="rotate" end="720" center="auto" time="1500" loop="true" reversible="false" condition="Player.Rewinding8x">Conditional</animation>
		<animation effect="rotate" end="720" center="auto" time="1000" loop="true" reversible="false" condition="Player.Rewinding16x">Conditional</animation>
		<animation effect="rotate" end="720" center="auto" time="500" loop="true" reversible="false" condition="Player.Rewinding32x">Conditional</animation>
		<animation effect="rotate" end="36000" center="auto" time="500000" loop="true" reversible="false" condition="Player.Paused">Conditional</animation>
		<animation effect="rotate" end="-28" center="auto" time="500" reversible="false" condition="Player.Paused">Conditional</animation>
		<animation effect="rotate" end="-15" center="auto" time="500" delay="500" reversible="false" condition="Player.Paused">Conditional</animation>
		<animation effect="rotate" end="-3" center="auto" time="250" delay="1000" reversible="false" condition="Player.Paused">Conditional</animation>
	</include>
	<include name="cdartspinhome_rtl">
		<animation type="WindowOpen">
			<effect type="slide" end="65" tween="cubic" easing="out" delay="500" time="1500" />
			<effect type="rotate" center="auto" end="162" time="2250" />
		</animation>
	</include>
	<include name="cdartspinhome_ltr">
		<animation type="WindowOpen">
			<effect type="slide" end="-65" tween="cubic" easing="out" delay="500" time="1500" />
			<effect type="rotate" center="auto" end="-162" time="2250" />
		</animation>
	</include>
	<include name="cdartspin">
		<animation type="WindowOpen">
			<effect type="slide" end="112" tween="cubic" easing="out" delay="500" time="1500" />
			<effect type="rotate" center="auto" end="162" time="2250" />
		</animation>
		<animation type="WindowClose" reversible="false" condition="Player.Playing">
			<effect type="slide" start="142" end="0" tween="cubic" easing="out" time="1500" />
			<effect type="rotate" center="auto" start="0" end="20" time="500" />
			<effect type="rotate" center="auto" start="0" end="25" time="500" delay="500" />
			<effect type="rotate" center="auto" start="0" end="30" time="500" delay="1000" />
		</animation>
		<animation effect="rotate" end="-36000" center="auto" time="500000" loop="true" reversible="false" condition="true">Conditional</animation>
		<animation effect="rotate" end="-360" center="auto" time="3000" loop="true" reversible="false" condition="Player.Forwarding2x">Conditional</animation>
		<animation effect="rotate" end="-360" center="auto" time="2000" loop="true" reversible="false" condition="Player.Forwarding4x">Conditional</animation>
		<animation effect="rotate" end="-360" center="auto" time="1500" loop="true" reversible="false" condition="Player.Forwarding8x">Conditional</animation>
		<animation effect="rotate" end="-360" center="auto" time="1000" loop="true" reversible="false" condition="Player.Forwarding16x">Conditional</animation>
		<animation effect="rotate" end="-360" center="auto" time="500" loop="true" reversible="false" condition="Player.Forwarding32x">Conditional</animation>
		<animation effect="rotate" end="720" center="auto" time="3000" loop="true" reversible="false" condition="Player.Rewinding2x">Conditional</animation>
		<animation effect="rotate" end="720" center="auto" time="2000" loop="true" reversible="false" condition="Player.Rewinding4x">Conditional</animation>
		<animation effect="rotate" end="720" center="auto" time="1500" loop="true" reversible="false" condition="Player.Rewinding8x">Conditional</animation>
		<animation effect="rotate" end="720" center="auto" time="1000" loop="true" reversible="false" condition="Player.Rewinding16x">Conditional</animation>
		<animation effect="rotate" end="720" center="auto" time="500" loop="true" reversible="false" condition="Player.Rewinding32x">Conditional</animation>
		<animation effect="rotate" end="36000" center="auto" time="500000" loop="true" reversible="false" condition="Player.Paused">Conditional</animation>
		<animation effect="rotate" end="-28" center="auto" time="500" reversible="false" condition="Player.Paused">Conditional</animation>
		<animation effect="rotate" end="-15" center="auto" time="500" delay="500" reversible="false" condition="Player.Paused">Conditional</animation>
		<animation effect="rotate" end="-3" center="auto" time="250" delay="1000" reversible="false" condition="Player.Paused">Conditional</animation>
	</include>
	<include name="dialog_zoom_animation">
		<animation type="WindowOpen" reversible="false">
			<effect type="zoom" start="80" end="100" center="960,540" easing="out" tween="back" time="300"/>
			<effect type="fade" start="0" end="100" time="300"/>
		</animation>
		<animation type="WindowClose" reversible="false">
			<effect type="zoom" start="100" end="80" center="960,540" easing="in" tween="back" time="300"/>
			<effect type="fade" start="100" end="0" time="300"/>
		</animation>
		<animation type="Visible" reversible="false">
			<effect type="zoom" start="80" end="100" center="960,540" easing="out" tween="back" time="300"/>
			<effect type="fade" start="0" end="100" time="300"/>
		</animation>
		<animation type="Hidden" reversible="false">
			<effect type="zoom" start="100" end="80" center="960,540" easing="in" tween="back" time="300"/>
			<effect type="fade" start="100" end="0" time="300"/>
		</animation>
	</include>
	<include name="fade_screen_grey">
		<control type="image">
			<posx>0</posx>
			<posy>0</posy>
			<width>1920</width>
			<height>1080</height>
			<texture background="true" colordiffuse="bb000000">white.png</texture>
			<animation effect="fade" start="0" end="70" time="100">WindowOpen</animation>
			<animation effect="fade" start="70" end="0" time="300" delay="300">WindowClose</animation>
		</control>
	</include>
</includes>
