<?xml version="1.0" encoding="UTF-8"?>
<includes>
	<include name="View-BannerList-57">
		<include>BannerList_View</include>
	</include>
	<include name="BannerList_View">

		<control type="group">
			<visible>Control.IsVisible(57)</visible>
			<visible>IntegerGreaterThan(Container.NumItems,-1) | !Container.IsUpdating</visible>
			<include>views_animation</include>
			<control type="group">
				<control type="multiimage">
					<posx>0</posx>
					<posy>0</posy>
					<width>1920</width>
					<height>1080</height>
					<imagepath background="true">$VAR[fanart_bg]</imagepath>
					<aspectratio>scale</aspectratio>
					<timeperimage>5000</timeperimage>
					<randomize>true</randomize>
					<fadetime>650</fadetime>
					<visible>!Player.HasVideo</visible>
				</control>
				<control type="image">
					<posx>0</posx>
					<posy>0</posy>
					<width>1920</width>
					<height>1080</height>
					<texture background="true">black.png</texture>
					<animation effect="fade" start="0" end="30" time="0" condition="true">Conditional</animation>
					<aspectratio>scale</aspectratio>
					<visible>!Player.HasVideo</visible>
				</control>
				<control type="panel" id="57">
					<posx>65</posx>
					<posy>200</posy>
					<height>740</height>
					<include condition="Skin.HasSetting(BannerList_hide_panel)">bannerlist_noinfo</include>
					<include condition="!Skin.HasSetting(BannerList_hide_panel)">bannerlist_info</include>
					<onleft condition="StringCompare(System.Language,Hebrew) | Skin.HasSetting(Prefer_RTL)">9006</onleft>
					<onleft condition="!StringCompare(System.Language,Hebrew) + !Skin.HasSetting(Prefer_RTL)">60</onleft>
					<onright condition="StringCompare(System.Language,Hebrew) | Skin.HasSetting(Prefer_RTL)">60</onright>
					<onright condition="!StringCompare(System.Language,Hebrew) + !Skin.HasSetting(Prefer_RTL)">9006</onright>
					<onup>57</onup>
					<ondown>57</ondown>
					<viewtype label="31205">panel</viewtype>
					<visible>StringCompare(Window(Home).Property(SkinHelper.ForcedView),57) | IsEmpty(Window(Home).Property(SkinHelper.ForcedView))</visible>
					<pagecontrol>60</pagecontrol>
					<scrolltime tween="circle" easing="inout">400</scrolltime>
					<preloaditems>2</preloaditems>
					<animation effect="fade" start="0" end="100" time="1000">WindowOpen</animation>
					<animation effect="fade" start="100" end="0" delay="0" time="400">WindowClose</animation>
					<itemlayout height="123" width="590">
						<control type="group">
							<width>585</width>
							<height>119</height>
							<control type="image">
								<texture border="5">views/banner.png</texture>
								<colordiffuse>grey_50</colordiffuse>
								<aspectratio scalediffuse="false" align="left">stretch</aspectratio>
								<bordersize>4</bordersize>
							</control>

							<control type="image">
								<bordersize>8</bordersize>
								<texture fallback="DefaultVideo.png" diffuse="views/banner.png" border="5" background="true">$VAR[BannerImage]</texture>
								<aspectratio align="center" aligny="center">stretch</aspectratio>
								<visible>!IsEmpty(ListItem.Art(banner)) | !IsEmpty(ListItem.Art(tvshow.banner)) | !IsEmpty(ListItem.Property(banner))</visible>
							</control>
							<control type="image">
								<bordersize>8</bordersize>
								<texture fallback="DefaultVideo.png" diffuse="views/banner.png" border="0" background="true">$VAR[BannerImageFallback]</texture>
								<aspectratio align="center" aligny="center" scalediffuse="false">scale</aspectratio>
								<visible>IsEmpty(ListItem.Art(banner)) + IsEmpty(ListItem.Art(tvshow.banner)) + IsEmpty(ListItem.Property(banner))</visible>
							</control>
							<control type="image">
								<bordersize>15</bordersize>
								<aspectratio scalediffuse="false" align="center" aligny="center">keep</aspectratio>
								<texture background="true">$INFO[ListItem.Art(clearlogo)]</texture>
								<visible>IsEmpty(ListItem.Art(banner)) + IsEmpty(ListItem.Art(tvshow.banner)) + IsEmpty(ListItem.Property(banner))</visible>
							</control>
							<control type="label">
								<left>5%</left>
								<posy>0</posy>
								<width>90%</width>
								<height>100%</height>
								<align>center</align>
								<aligny>center</aligny>
								<label>$INFO[ListItem.Label]</label>
								<font>font-24</font>
								<shadowcolor>black</shadowcolor>
								<visible>!StringCompare(Listitem.Label,..) + IsEmpty(ListItem.Art(banner)) + IsEmpty(ListItem.Art(tvshow.banner)) + IsEmpty(ListItem.Art(clearlogo)) + IsEmpty(ListItem.Property(banner))</visible>
							</control>
							<control type="group">
								<posy>3</posy>
								<posx>509</posx>
								<include>view_icons_watched_flags</include>
							</control>
						</control>
						<!-- <control type="image">
							<posx>10</posx>
							<posy>10</posy>
							<width>220</width>
							<height>335</height>
							<aspectratio>stretch</aspectratio>
							<texture colordiffuse="$VAR[main_color]" background="true">$VAR[PosterThumb]</texture>
							<visible>StringCompare(Listitem.Label,..)</visible>
						</control> -->

						<!-- Title Tag on image -->
						<!-- <control type="group">
							<visible>!Skin.HasSetting(Hide_label_view_55)</visible>
							<control type="image">
								<posx>10</posx>
								<posy>295</posy>
								<width>220</width>
								<height>50</height>
								<texture background="true">black.png</texture>
								<animation effect="fade" end="80" time="0" condition="true">Conditional</animation>
							</control>
							<control type="label">
								<posx>10</posx>
								<posy>297</posy>
								<width>220</width>
								<height>50</height>
								<align>center</align>	
								<font>font-22</font>
								<textcolor>grey</textcolor>
								<label>$INFO[ListItem.Label]</label>
							</control>
						</control> -->


					</itemlayout>
					<focusedlayout height="123" width="590">
						<control type="group">
							<width>585</width>
							<height>119</height>
							<control type="image">
								<texture border="5">views/banner.png</texture>
								<colordiffuse>$VAR[main_color]</colordiffuse>
								<aspectratio scalediffuse="false" align="left">stretch</aspectratio>
								<bordersize>2</bordersize>
							</control>
							<control type="image">
								<bordersize>8</bordersize>
								<texture fallback="DefaultVideo.png" diffuse="views/banner.png" border="5" background="true">$VAR[BannerImage]</texture>
								<aspectratio align="center" aligny="center">stretch</aspectratio>
								<visible>!IsEmpty(ListItem.Art(banner)) | !IsEmpty(ListItem.Art(tvshow.banner)) | !IsEmpty(ListItem.Property(banner))</visible>
							</control>
							<control type="image">
								<bordersize>8</bordersize>
								<texture fallback="DefaultVideo.png" diffuse="views/banner.png" border="0" background="true">$VAR[BannerImageFallback]</texture>
								<aspectratio align="center" aligny="center" scalediffuse="false">scale</aspectratio>
								<visible>IsEmpty(ListItem.Art(banner)) + IsEmpty(ListItem.Art(tvshow.banner)) + IsEmpty(ListItem.Property(banner))</visible>
							</control>
							<control type="image">
								<bordersize>15</bordersize>
								<aspectratio scalediffuse="false" align="center" aligny="center">keep</aspectratio>
								<texture background="true">$INFO[ListItem.Art(clearlogo)]</texture>
								<visible>IsEmpty(ListItem.Art(banner)) + IsEmpty(ListItem.Art(tvshow.banner)) + IsEmpty(ListItem.Property(banner))</visible>
							</control>
							<control type="label">
								<left>5%</left>
								<posy>0</posy>
								<width>90%</width>
								<height>100%</height>
								<align>center</align>
								<aligny>center</aligny>
								<label>$INFO[ListItem.Label]</label>
								<font>font-25</font>
								<textcolor>$VAR[main_color]</textcolor>
								<shadowcolor>black</shadowcolor>
								<visible>!StringCompare(Listitem.Label,..) + IsEmpty(ListItem.Art(banner)) + IsEmpty(ListItem.Art(tvshow.banner)) + IsEmpty(ListItem.Art(clearlogo)) + IsEmpty(ListItem.Property(banner))</visible>
							</control>
							<control type="group">
								<posy>3</posy>
								<posx>509</posx>
								<include>view_icons_watched_flags</include>
							</control>
						</control>
						<!-- <control type="image">
							<posx>10</posx>
							<posy>10</posy>
							<width>220</width>
							<height>335</height>
							<aspectratio>stretch</aspectratio>
							<texture colordiffuse="$VAR[main_color]" background="true">$VAR[PosterThumb]</texture>
							<visible>StringCompare(Listitem.Label,..)</visible>
						</control> -->
						<!-- Title Tag on image -->
						<!-- <control type="group">
							<visible>!Skin.HasSetting(Hide_label_view_55)</visible>
							<control type="image">
								<posx>10</posx>
								<posy>295</posy>
								<width>220</width>
								<height>50</height>
								<texture background="true">black.png</texture>
								<animation effect="fade" end="80" time="0" condition="true">Conditional</animation>
							</control>
							<control type="label">
								<posx>10</posx>
								<posy>297</posy>
								<width>220</width>
								<height>50</height>
								<align>center</align>	
								<font>font-22</font>
								<textcolor>$VAR[main_color]</textcolor>
								<label>$INFO[ListItem.Label]</label>
							</control>
						</control> -->

						<!-- <control type="image">
							<posx>0</posx>
							<width>240</width>
							<height>355</height>
							<aspectratio>stretch</aspectratio>
							<texture diffuse="posterdiffuse.png" background="true" colordiffuse="$VAR[main_color]">views/poster_stroke.png</texture>
						</control> -->
					</focusedlayout>
				</control>

				<control type="image">
					<posx>0</posx>
					<bottom>0</bottom>
					<height>120</height>
					<width>1920</width>
					<texture background="true">black.png</texture>
					<animation type="Conditional" condition="true">
						<effect type="fade" end="70" time="0"/>
					</animation>
				</control>
				<control type="label">
					<posx>0</posx>
					<posy>960</posy>
					<width>1920</width>
					<height>60</height>
					<font>font-30</font>
					<textcolor>white</textcolor>
					<shadowcolor>$var[main_color]</shadowcolor>
					<align>center</align>
					<label>$INFO[ListItem.Label]</label>
				</control>
				<control type="label">
					<posx>0</posx>
					<bottom>0</bottom>
					<width>1920</width>
					<height>60</height>
					<font>font-20</font>
					<textcolor>white</textcolor>
					<align>center</align>
					<label>$VAR[icons_sublabel]</label>
				</control>

				<control type="group">
					<posx>30</posx>
					<posy>555</posy>
					<animation effect="zoom" start="100" end="125" time="0" condition="true">Conditional</animation>
					<!-- HD\SD\3D Indicator flag -->
					<control type="image">
						<posx>45</posx>
						<posy>330</posy>
						<width>42</width>
						<height>48</height>
						<aspectratio>keep</aspectratio>
						<texture background="true">$VAR[UnFocusHDIndicator]</texture>
						<visible>!IsEmpty(ListItem.VideoResolution)</visible>
					</control>
					<control type="label">
						<posx>10</posx>
						<posy>370</posy>
						<label>$INFO[ListItem.VideoResolution]</label>
						<font>font-16</font>
						<textcolor>white</textcolor>
						<width>110</width>
						<height>52</height>
						<align>center</align>
					</control>
					<!-- Dubbed Language -->
					<control type="group">
						<posx>175</posx>
						<posy>340</posy>
						<visible>!IsEmpty(Window(Home).Property(SkinHelper.ListItemLanguages)) + !ListItem.IsFolder + Container.Content(Movies) + !substring(ListItem.Path,plugin://)</visible>
						<include>ListItemLanguage</include>
						<control type="label">
							<label>21447</label>
							<font>font-16</font>
							<textcolor>white</textcolor>
							<width>240</width>
							<height>52</height>
							<posx>20</posx>
							<posy>28</posy>
							<align>left</align>
						</control>
					</control>


					<!-- Audio Codec -->
					<control type="image">
						<colordiffuse>white</colordiffuse>
						<posx>100</posx>
						<posy>325</posy>
						<width>90</width>
						<height>58</height>
						<texture background="true">$INFO[ListItem.AudioCodec,flags/audio/,.png]</texture>
					</control>
					<control type="label">
						<posx>90</posx>
						<posy>370</posy>
						<label>$VAR[AudioChannels2]</label>
						<font>font-16</font>
						<textcolor>white</textcolor>
						<width>110</width>
						<height>52</height>
						<align>center</align>
					</control>
				</control>


				<!-- scroll -->
				<include content="vertical_scroll">
					<param name="id" value="60" />
					<param name="listid" value="57" />
					<param name="posx">-10</param>
					<param name="posy">0</param>
					<param name="height">1080</param>
				</include>
			</control>

			<control type="group">
				<left>1265</left>
				<top>185</top>
				<visible>!Skin.HasSetting(BannerList_hide_panel)</visible>
				<control type="image">
					<description>background image</description>
					<left>-30</left>
					<top>0</top>
					<width>640</width>
					<height>765</height>
					<texture colordiffuse="B3FFFFFF" border="40">views/listpanel_back.png</texture>
				</control>
				<!-- Moviesets -->
				<control type="grouplist">
					<posx>20</posx>
					<posy>360</posy>
					<itemgap>-70</itemgap>
					<align>left</align>
					<width>550</width>
					<height>780</height>
					<orientation>Horizontal</orientation>
					<visible>!Skin.HasSetting(Disable_CDART) + ListItem.IsCollection</visible>
					<control type="image">
						<width>220</width>
						<height>220</height>
						<texture diffuse="cdart_diffuse.png" background="true">$INFO[Window(home).Property(SkinHelper.MovieSet.2.DiscArt)]</texture>
						<visible>IntegerGreaterThan(Window(Home).Property(SkinHelper.MovieSet.Count),2) + !IsEmpty(Window(home).Property(SkinHelper.MovieSet.2.DiscArt))</visible>
					</control>
					<control type="image">
						<width>220</width>
						<height>220</height>
						<texture diffuse="cdart_diffuse.png" background="true">$INFO[Window(home).Property(SkinHelper.MovieSet.1.DiscArt)]</texture>
						<visible>IntegerGreaterThan(Window(Home).Property(SkinHelper.MovieSet.Count),1) + !IsEmpty(Window(home).Property(SkinHelper.MovieSet.1.DiscArt))</visible>
					</control>
					<control type="image">
						<width>220</width>
						<height>220</height>
						<texture diffuse="cdart_diffuse.png" background="true">$INFO[Window(home).Property(SkinHelper.MovieSet.0.DiscArt)]</texture>
						<visible>!IsEmpty(Window(home).Property(SkinHelper.MovieSet.0.DiscArt))</visible>
					</control>
				</control>
				<control type="grouplist">
					<posx>20</posx>
					<posy>490</posy>
					<itemgap>-70</itemgap>
					<align>left</align>
					<width>550</width>
					<height>780</height>
					<orientation>Horizontal</orientation>
					<visible>!Skin.HasSetting(Disable_CDART) + ListItem.IsCollection</visible>

					<control type="image">
						<width>220</width>
						<height>220</height>
						<texture diffuse="cdart_diffuse.png" background="true" >$INFO[Window(home).Property(SkinHelper.MovieSet.5.DiscArt)]</texture>
						<visible>IntegerGreaterThan(Window(Home).Property(SkinHelper.MovieSet.Count),5) + !IsEmpty(Window(home).Property(SkinHelper.MovieSet.5.DiscArt))</visible>
					</control>
					<control type="image">
						<width>220</width>
						<height>220</height>
						<texture diffuse="cdart_diffuse.png" background="true">$INFO[Window(home).Property(SkinHelper.MovieSet.4.DiscArt)]</texture>
						<visible>IntegerGreaterThan(Window(Home).Property(SkinHelper.MovieSet.Count),4) + !IsEmpty(Window(home).Property(SkinHelper.MovieSet.4.DiscArt))</visible>
					</control>
					<control type="image">
						<width>220</width>
						<height>220</height>
						<texture diffuse="cdart_diffuse.png" background="true">$INFO[Window(home).Property(SkinHelper.MovieSet.3.DiscArt)]</texture>
						<visible>IntegerGreaterThan(Window(Home).Property(SkinHelper.MovieSet.Count),3) + !IsEmpty(Window(home).Property(SkinHelper.MovieSet.3.DiscArt))</visible>
					</control>
				</control>
				<!-- /CDART Movies -->

				<control type="group">
					<posx>0</posx>

					<!-- Poster -->
					<control type="group">
						<visible>Skin.HasSetting(BannerList_PreferPoster)</visible>
						<control type="image">
							<posx>10</posx>
							<posy>40</posy>
							<width max="250">auto</width>
							<height>360</height>
							<aspectratio align="left">keep</aspectratio>
							<texture background="true">$VAR[PosterThumb]</texture>
						</control>
						<control type="image">
							<posx>280</posx>
							<posy>90</posy>
							<width max="280">auto</width>
							<height>250</height>
							<aspectratio aligny="center" align="center">keep</aspectratio>
							<texture background="true">$INFO[ListItem.Art(clearlogo)]$INFO[ListItem.Art(tvshow.clearlogo)]</texture>
							<visible>!Container.Content(Episodes) + [!IsEmpty(ListItem.Art(clearlogo)) | !IsEmpty(ListItem.Art(tvshow.clearlogo))]</visible>
						</control>
						<control type="image">
							<posx>280</posx>
							<posy>90</posy>
							<width max="280">auto</width>
							<height>250</height>
							<aspectratio aligny="center" align="center">keep</aspectratio>					
							<texture background="true">$INFO[Skin.String(music_path)]$INFO[ListItem.Artist,,/logo.png]</texture>
							<visible>Container.Content(Artists) | Container.Content(Albums)</visible>
						</control>
					</control>

					<!-- Fanart -->
					<control type="group">
						<visible>!Skin.HasSetting(BannerList_PreferPoster)</visible>
						<control type="image">
							<posx>10</posx>
							<posy>40</posy>
							<width max="560">auto</width>
							<height>360</height>
							<aspectratio aligny="top" align="left">keep</aspectratio>
							<texture background="true">$VAR[bannerlist_fanart]</texture>
						</control>
						<control type="image">
							<posx>20</posx>
							<posy>220</posy>
							<width max="540">auto</width>
							<height>140</height>
							<aspectratio aligny="bottom" align="center">keep</aspectratio>
							<texture background="true">$INFO[ListItem.Art(clearlogo)]$INFO[ListItem.Art(tvshow.clearlogo)]</texture>
							<visible>!Container.Content(Episodes) + [!IsEmpty(ListItem.Art(clearlogo)) | !IsEmpty(ListItem.Art(tvshow.clearlogo))]</visible>
						</control>
						<control type="image">
							<posx>20</posx>
							<posy>220</posy>
							<width max="540">auto</width>
							<height>140</height>
							<aspectratio aligny="bottom" align="center">keep</aspectratio>
							<texture background="true">$INFO[Skin.String(music_path)]$INFO[ListItem.Artist,,/logo.png]</texture>
							<visible>Container.Content(Artists) | Container.Content(Albums)</visible>
						</control>
					</control>


					<control type="textbox">
						<description>Plot Value for TVShows\Movies</description>
						<posx>5</posx>
						<posy>405</posy>
						<width>550</width>
						<height>300</height>
						<font>font-22</font>
						<include>align_tag</include>
						<textcolor>grey_b</textcolor>
						<label>$VAR[ViewFanartText]</label>
						<autoscroll time="2000" delay="8000" repeat="5000">!Skin.HasSetting(AutoScroll)</autoscroll>
					</control> 
				</control>
			</control>
		</control>
	</include>
	<include name="bannerlist_noinfo"><width>1850</width></include>
	<include name="bannerlist_info"><width>1200</width></include>
	<variable name="icons_sublabel"> 
		<value condition="Container.Content(addons)">$INFO[ListItem.AddonCreator,, • ]$INFO[ListItem.AddonVersion]</value>
		<value condition="Container.Content(albums)">$INFO[ListItem.Year]</value>
		<value condition="Container.Content(songs)">$INFO[ListItem.Duration]</value>
		<value condition="Container.Content(musicvideos)">$INFO[ListItem.Year]$INFO[ListItem.Artist, • ]</value>
		<value condition="Container.Content(movies) + !IsEmpty(ListItem.Title)">$INFO[ListItem.Year]$INFO[ListItem.Rating, • ]$INFO[ListItem.Duration, • , $LOCALIZE[12391]]$INFO[ListItem.Genre, • ]</value>
		<value condition="Container.Content(tvshows) + !IsEmpty(ListItem.Property(TotalSeasons))">$INFO[ListItem.Property(TotalSeasons)] $LOCALIZE[33054], $INFO[ListItem.Property(TotalEpisodes)] $LOCALIZE[20360]</value>
		<value condition="Container.Content(seasons) + !IsEmpty(ListItem.Property(TotalEpisodes))">$INFO[ListItem.Property(TotalEpisodes)] $LOCALIZE[20360]</value>
		<value condition="Container.Content(episodes) + !IsEmpty(ListItem.Premiered)">$INFO[ListItem.Premiered]</value>
		<value condition="Window.IsActive(MyPVRChannels.xml)">$INFO[ListItem.Title]$INFO[ListItem.Duration, • , $LOCALIZE[12391]]</value>
	</variable>
	<variable name="bannerlist_fanart">
		<value condition="Player.HasAudio + Window.IsActive(Music)">$VAR[ArtistSlide]</value> 
		<value condition="Window.IsActive(mypics.xml) + !IsEmpty(ListItem.FilenameAndPath) + !StringCompare(ListItem.Label,..) + !ListItem.IsFolder + !Control.IsVisible(56)">$INFO[ListItem.FilenameAndPath]</value>
		<value condition="!IsEmpty(ListItem.Art(fanart))">$INFO[ListItem.Art(fanart)]</value>
		<value condition="IsEmpty(ListItem.Art(fanart)) + Window.IsActive(mypics.xml)">special://skin/backgrounds/camera.jpg</value>
		<value condition="IsEmpty(ListItem.Art(fanart)) + Window.IsActive(MyPVRChannels.xml)">special://skin/backgrounds/livetv.jpg</value>
		<value condition="Window.IsActive(LoginScreen.xml)">special://skin/backgrounds/camera.jpg</value>
		<value condition="Window.IsActive(Music)">special://skin/backgrounds/music.jpg</value>
		<value>$VAR[default_global_bg]</value>
	</variable>
</includes>
