<?xml version='1.0' encoding='UTF-8'?>
<shortcuts>
	<shortcut>
		<label>$LOCALIZE[1036]</label>
		<label2>Common Shortcut</label2>
		<defaultID>favourites</defaultID>
		<thumb>special://skin/extras/icons/favourites.png</thumb>
		<action>ActivateWindow(favourites)</action>
		<icon>home_icons/favourites.png</icon>
	</shortcut>
	<shortcut>
		<label>13005</label>
		<label2>Common Shortcut</label2>
		<thumb>special://skin/extras/icons/power.png</thumb>
		<action>ActivateWindow(shutdownmenu)</action>
		<defaultID>shutdown</defaultID>
		<icon>home_icons/shutdown.png</icon>
	</shortcut>
	<shortcut>
		<label>$LOCALIZE[10004]</label>
		<label2>Common Shortcut</label2>
		<defaultID>settings</defaultID>
		<thumb>special://skin/extras/icons/settings.png</thumb>
		<action>ActivateWindow(Settings)</action>
		<icon>home_icons/settings.png</icon>
	</shortcut>
	<shortcut>
		<label>10001</label>
		<label2>Common shortcut</label2>
		<action>ActivateWindow(Programs)</action>
		<defaultID>programs</defaultID>
		<thumb>special://skin/extras/icons/programs.png</thumb>
		<icon>home_icons/programs.png</icon>
	</shortcut>
	<shortcut>
		<label>$LOCALIZE[24001]</label>
		<label2>Common Shortcut</label2>
		<defaultID>addons</defaultID>
		<thumb>special://skin/extras/icons/vaddons.png</thumb>
		<action>ActivateWindow(AddonBrowser)</action>
		<icon />
	</shortcut>
	<shortcut>
		<label>$LOCALIZE[10006]</label>
		<label2>Common Shortcut</label2>
		<defaultID>videos</defaultID>
		<thumb>special://skin/extras/icons/videos.png</thumb>
		<action>ActivateWindow(Videos,root)</action>
		<icon>home_icons/videos.png</icon>
	</shortcut>
	<shortcut>
		<label>$LOCALIZE[32032]</label>
		<label2>Common Shortcut</label2>
		<defaultID>dvd</defaultID>
		<thumb>special://skin/extras/icons/dvd.png</thumb>
		<action>XBMC.PlayDVD()</action>
		<icon>home_icons/playdisc.png</icon>
	</shortcut>
	<shortcut>
		<label>$LOCALIZE[342]</label>
		<label2>Common Shortcut</label2>
		<defaultID>movies</defaultID>
		<thumb>special://skin/extras/icons/movies.png</thumb>
		<action>ActivateWindow(Videos,MovieTitles,return)</action>
		<icon>home_icons/movies.png</icon>
	</shortcut>	
	<shortcut>
		<label>$LOCALIZE[20343]</label>
		<label2>Common Shortcut</label2>
		<defaultID>tvshows</defaultID>
		<thumb>special://skin/extras/icons/tvshows.png</thumb>
		<action>ActivateWindow(Videos,TVShowTitles,return)</action>
		<icon>home_icons/tvshows.png</icon>
	</shortcut>
	<shortcut>
		<label>$LOCALIZE[32022]</label>
		<label2>Common Shortcut</label2>
		<defaultID>livetv</defaultID>
		<thumb>special://skin/extras/icons/tv.png</thumb>
		<action>ActivateWindow(TVChannels)</action>
		<icon>home_icons/livetv.png</icon>
	</shortcut>
	<shortcut>
		<label>$LOCALIZE[10005]</label>
		<label2>Common Shortcut</label2>
		<defaultID>music</defaultID>
		<thumb>special://skin/extras/icons/music.png</thumb>
		<action>ActivateWindow(Music,root)</action>
		<icon>home_icons/music.png</icon>
	</shortcut>
	<shortcut>
		<label>$LOCALIZE[20389]</label>
		<label2>Common Shortcut</label2>
		<defaultID>musicvideos</defaultID>
		<thumb>special://skin/extras/icons/musicvideos.png</thumb>
		<action>ActivateWindow(Videos,MusicVideoTitles,return)</action>
		<icon>home_icons/musicvideos.png</icon>
	</shortcut>
	<shortcut>
		<label>$LOCALIZE[10002]</label>
		<label2>Common Shortcut</label2>
		<defaultID>pictures</defaultID>
		<thumb>special://skin/extras/icons/pictures.png</thumb>
		<action>ActivateWindow(Pictures)</action>
		<icon>home_icons/pictures.png</icon>
	</shortcut>
	<shortcut>
		<label>$LOCALIZE[12600]</label>
		<label2>Common Shortcut</label2>
		<defaultID>weather</defaultID>
		<thumb>special://skin/extras/icons/weather.png</thumb>
		<action>ActivateWindow(Weather)</action>
		<icon>home_icons/weather.png</icon>
	</shortcut>
	<shortcut>
		<label>$LOCALIZE[137]</label>
		<label2>Common shortcut</label2>
		<defaultID>search</defaultID>
		<thumb>special://skin/extras/icons/search.png</thumb>
		<action>RunScript(script.globalsearch)</action>
		<icon>home_icons/search.png</icon>
		<visible>System.HasAddon(script.globalsearch)</visible>
	</shortcut>
	<shortcut>
		<label>31334</label>
		<label2>Common shortcut</label2>
		<action>ActivateWindow(Videos,plugin://plugin.video.itunes_trailers,return)</action>
		<defaultID>trailers</defaultID>
		<visible>System.HasAddon(plugin.video.itunes_trailers)</visible>
		<icon>home_icons/trailers.png</icon>
	</shortcut>
	<shortcut>
		<label>32087</label>
		<label2>Common shortcut</label2>
		<action>ActivateWindow(RadioChannels)</action>
		<defaultID>radio</defaultID>
		<icon>home_icons/radio.png</icon>
	</shortcut>
	<shortcut>
		<label>15016</label>
		<label2>Common shortcut</label2>
		<icon>home_icons/games.png</icon>
		<action>ActivateWindow(Games,files,return)</action>
		<visible>System.GetBool(gamesgeneral.enable)</visible>
		<defaultID>games</defaultID>
	</shortcut>
</shortcuts>
