<?xml version='1.0' encoding='UTF-8'?>
<shortcuts>
	<shortcut>
		<label>13000</label>
		<label2>32034</label2>
		<icon>DefaultShortcut.png</icon>
		<action>ActivateWindow(SystemSettings)</action>
	</shortcut>
	<shortcut>
		<label>31468</label>
		<label2>32034</label2>
		<icon>DefaultShortcut.png</icon>
		<action>ActivateWindow(ServiceSettings)</action>
	</shortcut>
	<shortcut>
		<label>14206</label>
		<label2>32034</label2>
		<icon>DefaultShortcut.png</icon>
		<action>ActivateWindow(InterfaceSettings)</action>
	</shortcut>
	<shortcut>
		<label>14200</label>
		<label2>32034</label2>
		<icon>DefaultShortcut.png</icon>
		<action>ActivateWindow(PlayerSettings)</action>
	</shortcut>
	<shortcut>
		<label>14211</label>
		<label2>32034</label2>
		<icon>DefaultShortcut.png</icon>
		<action>ActivateWindow(MediaSettings)</action>
	</shortcut>
	<shortcut>
		<label>7</label>
		<label2>32034</label2>
		<icon>DefaultFolder.png</icon>
		<action>ActivateWindow(FileManager)</action>
	</shortcut>
	<shortcut>
		<label>13200</label>
		<label2>32034</label2>
		<icon>UnknownUser.png</icon>
		<action>ActivateWindow(Profiles)</action>
	</shortcut>
	<shortcut>
		<label>130</label>
		<label2>32034</label2>
		<icon>DefaultShortcut.png</icon>
		<action>ActivateWindow(SystemInfo)</action>
	</shortcut>
	<shortcut>
		<label>14111</label>
		<label2>32034</label2>
		<icon>DefaultShortcut.png</icon>
		<action>ActivateWindow(EventLog)</action>
	</shortcut>
	<shortcut>
		<label>TV</label>
		<label2>32034</label2>
		<icon>DefaultShortcut.png</icon>
		<action>ActivateWindow(PVRSettings)</action>
	</shortcut>
	<shortcut>
		<label>20077</label>
		<label2>32034</label2>
		<icon>DefaultShortcut.png</icon>
		<action>ActivateWindow(SkinSettings)</action>
	</shortcut>
	<shortcut>
		<label>24001</label>
		<label2>32034</label2>
		<icon>DefaultAddon.png</icon>
		<action>ActivateWindow(AddonBrowser)</action>
	</shortcut>
</shortcuts>
