<?xml version="1.0" encoding="UTF-8"?>
<window>
	<defaultcontrol>61</defaultcontrol>
	<coordinates>
		<system>1</system>
		<posx>0</posx>
		<posy>0</posy>
		<origin x="0" y="0" />
	</coordinates>
	<controls>
		<control type="group">
			<animation effect="slide" start="830,0" end="0,0" time="400" tween="quadratic" easing="out">WindowOpen</animation>
			<animation effect="slide" start="0,0" end="830,0" time="400" tween="quadratic" easing="out">WindowClose</animation>
			<control type="image" id="99991">
				<posx>0</posx>
				<posy>0</posy>
				<AAAwidth>900</AAAwidth>
				<AAAheight>550</AAAheight>
				<texture>dialogs/dialogbg_icon2.png</texture>
				<colordiffuse>FF6eb3ee</colordiffuse>
			</control>
			<control type="group">
				<posx>90</posx>
				<posy>30</posy>
				<animation effect="fade" start="0" end="100" time="100">WindowOpen</animation>
				<animation effect="fade" start="100" end="0" time="200">WindowClose</animation>
				<control type="label" id="1">
					<description>Header Label</description>
					<posx>0</posx>
					<posy>0</posy>
					<AAAwidth>790</AAAwidth>
					<AAAheight>38</AAAheight>
					<font>-</font>
					<AAAfont>METF_TitleTextLarge</AAAfont>
					<textcolor>eef8cd22</textcolor>
					<align>left</align>
					<AAAaligny>center</AAAaligny>
				</control>
				<control type="textbox" id="5">
					<description>Text Area</description>
					<posx>0</posx>
					<posy>60</posy>
					<AAAwidth>790</AAAwidth>
					<AAAheight>372</AAAheight>
					<label></label>
					<font>-</font>
					<AAAfont>METF_ContextValue</AAAfont>
					<AAAmonofont>mono30</AAAmonofont>
					<textcolor>ddFFFFFF</textcolor>
					<align>left</align>
					<AAAaligny>top</AAAaligny>
					<pagecontrol>61</pagecontrol>
				</control>
				<control type="scrollbar" id="61">
					<posx>-30</posx>
					<posy>50</posy>
					<width>22</width>
					<height>585</height>
					<texturesliderbackground></texturesliderbackground>
					<textureslidernib>ScrollbarVnibFO.png</textureslidernib>
					<textureslidernibfocus>ScrollbarVnibFO.png</textureslidernibfocus>
					<onleft>PreviousMenu</onleft>
					<onright>PreviousMenu</onright>
					<ondown>61</ondown>
					<onup>61</onup>
					<showonepage>true</showonepage>
					<orientation>vertical</orientation>
				</control>
			</control>
		</control>
	</controls>
</window>
