<addon id="repository.emad" name="EMAD Repository" version="4.1.0" provider-name="EMAD MAHDI">
	<extension point="xbmc.addon.repository" name="EMAD Repository">
		<dir>
			<info compressed="false">https://github.com/emadmahdi/KODI/raw/master/ADDONS/addons.xml</info>
			<checksum>https://github.com/emadmahdi/KODI/raw/master/ADDONS/addons.xml.md5</checksum>
			<datadir zip="true">https://github.com/emadmahdi/KODI/raw/master/ADDONS/</datadir>
		</dir>
		<dir>
			<info compressed="false">https://github.com/emadmahdi/KODI/raw/master/addons.xml</info>
			<checksum>https://github.com/emadmahdi/KODI/raw/master/addons.xml.md5</checksum>
			<datadir zip="true">https://github.com/emadmahdi/KODI/</datadir>
		</dir>
		<dir>
			<info compressed="false">https://raw.githubusercontent.com/emadmahdi/KODI/master/ZIPS/addons.xml</info>
			<checksum>https://raw.githubusercontent.com/emadmahdi/KODI/master/ZIPS/addons.xml.md5</checksum>
			<datadir zip="true">https://raw.githubusercontent.com/emadmahdi/KODI/master/ZIPS/</datadir>
		</dir>
		<dir>
			<info compressed="false">https://raw.githubusercontent.com/jsergio123/zips/master/addons.xml</info>
			<checksum>https://raw.githubusercontent.com/jsergio123/zips/master/addons.xml.md5</checksum>
			<datadir zip="true">https://raw.githubusercontent.com/jsergio123/zips/master/</datadir>
		</dir>
		<dir>
			<info compressed="false">https://raw.githubusercontent.com/Gujal00/smrzips/master/addons.xml</info>
			<checksum>https://raw.githubusercontent.com/Gujal00/smrzips/master/addons.xml.md5</checksum>
			<datadir zip="true">https://raw.githubusercontent.com/Gujal00/smrzips/master/zips/</datadir>
		</dir>

	</extension>
	<extension point="xbmc.addon.metadata">
		<summary lang="en">Install Add-ons from EMAD</summary>
		<description lang="en">Download and install add-ons from EMAD</description>
		<platform>all</platform>
	</extension>
</addon>
