<shortcuts>
	<shortcut>
		<label>قائمة البرامج</label>
		<label2>32021</label2>
		<defaultID>arabic1</defaultID>
		<action></action>
		<AAAaction>ActivateWindow(Videos,plugin://plugin.video.arabicvideos,return)</AAAaction>
		<icon>home_icons/arabic.png</icon>
	</shortcut>
	<shortcut>
		<label>قائمة ألإعدادات</label>
		<label2>32021</label2>
		<defaultID>arabic2</defaultID>
		<action></action>
		<AAAaction>ActivateWindow(Videos,plugin://plugin.video.arabicvideos,return)</AAAaction>
		<icon>home_icons/arabic.png</icon>
	</shortcut>
	<shortcut>
		<label>برنامج الفيديو العربي</label>
		<label2>32021</label2>
		<defaultID>arabic0</defaultID>
		<action>ActivateWindow(Videos,plugin://plugin.video.arabicvideos,return)</action>
		<icon>home_icons/arabic.png</icon>
	</shortcut>
	<shortcut>
		<label>Arabic Videos</label>
		<label2>32021</label2>
		<defaultID>arabic0</defaultID>
		<action>ActivateWindow(Videos,plugin://plugin.video.arabicvideos,return)</action>
		<icon>home_icons/arabic.png</icon>
	</shortcut>
	<shortcut>
		<label>1036</label>
		<label2>32034</label2>
		<defaultID>favourites</defaultID>
		<action>ActivateWindow(favourites)</action>
		<icon>home_icons/favourites.png</icon>
	</shortcut>
	<shortcut>
		<label>13005</label>
		<label2>32034</label2>
		<action></action>
		<AAAaction>ShutDown</AAAaction>
		<defaultID>shutdown</defaultID>
		<icon>home_icons/shutdown.png</icon>
	</shortcut>
	<shortcut>
		<label>10004</label>
		<label2>32034</label2>
		<defaultID>settings</defaultID>
		<action></action>
		<AAAaction>ActivateWindow(Settings)</AAAaction>
		<icon>home_icons/settings.png</icon>
	</shortcut>
	<shortcut>
		<label>10001</label>
		<label2>32034</label2>
		<action></action>
		<AAAaction>ActivateWindow(Programs,Addons,return)</AAAaction>
		<defaultID>programs</defaultID>
		<icon>home_icons/programs.png</icon>
	</shortcut>
	<shortcut>
		<label>24001</label>
		<label2>32034</label2>
		<defaultID>addons</defaultID>
		<action></action>
		<AAAaction>ActivateWindow(AddonBrowser)</AAAaction>
		<icon />
	</shortcut>
	<shortcut>
		<label>3</label>
		<label2>32034</label2>
		<defaultID>videos</defaultID>
		<action></action>
		<AAAaction>ActivateWindow(Videos)</AAAaction>
		<icon>home_icons/videos.png</icon>
	</shortcut>
	<shortcut>
		<label>32032</label>
		<label2>32034</label2>
		<defaultID>dvd</defaultID>
		<action></action>
		<AAAaction>XBMC.PlayDVD()</AAAaction>
		<icon>home_icons/playdisc.png</icon>
	</shortcut>
	<shortcut>
		<label>342</label>
		<label2>32034</label2>
		<defaultID>movies</defaultID>
		<action></action>
		<AAAaction>ActivateWindow(Videos,MovieTitles,return)</AAAaction>
		<icon>home_icons/movies.png</icon>
	</shortcut>	
	<shortcut>
		<label>20343</label>
		<label2>32034</label2>
		<defaultID>tvshows</defaultID>
		<action></action>
		<AAAaction>ActivateWindow(Videos,TVShowTitles,return)</AAAaction>
		<icon>home_icons/tvshows.png</icon>
	</shortcut>
	<shortcut>
		<label>32022</label>
		<label2>32034</label2>
		<defaultID>livetv</defaultID>
		<action></action>
		<AAAaction>ActivateWindow(TVChannels)</AAAaction>
		<icon>home_icons/livetv.png</icon>
	</shortcut>
	<shortcut>
		<label>2</label>
		<label2>32034</label2>
		<defaultID>music</defaultID>
		<action></action>
		<AAAaction>ActivateWindow(Music)</AAAaction>
		<icon>home_icons/music.png</icon>
	</shortcut>
	<shortcut>
		<label>20389</label>
		<label2>32034</label2>
		<defaultID>musicvideos</defaultID>
		<action></action>
		<AAAaction>ActivateWindow(Videos,MusicVideoTitles,return)</AAAaction>
		<icon>home_icons/musicvideos.png</icon>
	</shortcut>
	<shortcut>
		<label>10002</label>
		<label2>32034</label2>
		<defaultID>pictures</defaultID>
		<action></action>
		<AAAaction>ActivateWindow(Pictures)</AAAaction>
		<icon>home_icons/pictures.png</icon>
	</shortcut>
	<shortcut>
		<label>12600</label>
		<label2>32034</label2>
		<defaultID>weather</defaultID>
		<action>ActivateWindow(Weather)</action>
		<icon>home_icons/weather.png</icon>
	</shortcut>
	<shortcut>
		<label>137</label>
		<label2>32034</label2>
		<defaultID>search</defaultID>
		<action></action>
		<AAAaction>RunScript(script.globalsearch)</AAAaction>
		<icon>home_icons/search.png</icon>
		<visible>System.HasAddon(script.globalsearch)</visible>
	</shortcut>
	<shortcut>
		<label>31334</label>
		<label2>32034</label2>
		<action>ActivateWindow(Videos,plugin://plugin.video.itunes_trailers,return)</action>
		<defaultID>trailers</defaultID>
		<visible>System.HasAddon(plugin.video.itunes_trailers)</visible>
		<icon>home_icons/trailers.png</icon>
	</shortcut>
	<shortcut>
		<label>32087</label>
		<label2>32034</label2>
		<action></action>
		<AAAaction>ActivateWindow(RadioChannels)</AAAaction>
		<defaultID>radio</defaultID>
		<icon>home_icons/radio.png</icon>
	</shortcut>
	<shortcut>
		<label>15016</label>
		<label2>32034</label2>
		<icon>home_icons/games.png</icon>
		<action></action>
		<AAAaction>ActivateWindow(Games,files,return)</AAAaction>
		<visible>System.GetBool(gamesgeneral.enable)</visible>
		<defaultID>games</defaultID>
	</shortcut>
</shortcuts>
