<?xml version='1.0' encoding='UTF-8'?>
<shortcuts>
	<shortcut>
		<label>Log Viewer</label>
		<label2>32021</label2>
		<icon>DefaultAddon.png</icon>
		<action>ActivateWindow(Programs,plugin://script.logviewer,return)</action>
	</shortcut>
	<shortcut>
		<label>Log Uploader</label>
		<label2>32021</label2>
		<icon>DefaultAddon.png</icon>
		<action>ActivateWindow(Programs,plugin://script.kodi.loguploader,return)</action>
	</shortcut>
	<shortcut>
		<label>Backup</label>
		<label2>32021</label2>
		<icon>DefaultAddon.png</icon>
		<action>ActivateWindow(Programs,plugin://script.xbmcbackup,return)</action>
	</shortcut>
	<shortcut>
		<label>Keymap Editor</label>
		<label2>32021</label2>
		<icon>DefaultAddon.png</icon>
		<action>ActivateWindow(Programs,plugin://script.keymap,return)</action>
	</shortcut>
	<shortcut>
		<label>Git Browser</label>
		<label2>32021</label2>
		<icon>DefaultShortcut.png</icon>
		<action>ActivateWindow(Programs,"plugin://plugin.git.browser",return)</action>
	</shortcut>
	<shortcut>
		<label>10001</label>
		<label2>32021</label2>
		<icon>DefaultAddon.png</icon>
		<action>ActivateWindow(Programs,Addons,return)</action>
	</shortcut>
</shortcuts>
