<?xml version="1.0" encoding="UTF-8"?>
<window type="dialog" id="1114">
	<defaultcontrol always="true">451</defaultcontrol>
	<controls>
		<control type="button" id="451">
			<posx>-20</posx>
			<posy>-20</posy>
			<width>1</width>
			<height>1</height>
			<label></label>
			<font></font>
			<texturenofocus></texturenofocus>
			<texturefocus></texturefocus>
			<onfocus>RunScript(script.favourites,playlists=play)</onfocus>
			<onfocus>450</onfocus>
			<onup>450</onup>
			<onleft>450</onleft>
			<onright>450</onright>
			<ondown>450</ondown>
		</control>
		<include>Global_Background</include>
		<control type="group">
			<include>Animation_OpenCloseFade</include>
			<control type="image">
				<posx>440</posx>
				<posy>158</posy>
				<width>840</width>
				<height>38</height>
				<texture>ButtonFO.png</texture>
				<animation effect="fade" start="100" end="70" condition="True">Conditional</animation>
			</control>
			<control type="label">
				<description>header label</description>
				<posx>460</posx>
				<posy>158</posy>
				<width>810</width>
				<height>38</height>
				<font>METF_ContextValue</font>
				<textcolor>ButtonText</textcolor>
				<align>left</align>
				<aligny>center</aligny>
				<label>$LOCALIZE[424] $LOCALIZE[31271]</label>
			</control>
			<control type="image">
				<description>Icon Image</description>
				<posx>120</posx>
				<posy>196</posy>
				<width>260</width>
				<height>260</height>
				<texture fallback="DefaultThumb.png">$INFO[Container(450).ListItem.Icon]</texture>
				<bordertexture border="8">frames/thumb_border_round2.png</bordertexture>
				<bordersize>4</bordersize>
				<aspectratio align="center" aligny="center">keep</aspectratio>
			</control>
			<control type="list" id="450">
				<posx>440</posx>
				<posy>215</posy>
				<width>840</width>
				<height>380</height>
				<onleft>Close</onleft>
				<onright>Close</onright>
				<onup>450</onup>
				<ondown>450</ondown>
				<pagecontrol></pagecontrol>
				<scrolltime>0</scrolltime>
				<itemlayout height="38" width="810">
					<control type="label">
						<posx>20</posx>
						<width>810</width>
						<height>38</height>
						<textcolor>SettingsDetail</textcolor>
						<font>METF_ContextValue</font>
						<align>left</align>
						<aligny>center</aligny>
						<focusedcolor>ButtonText</focusedcolor>
						<label>$INFO[ListItem.Label]</label>
					</control>
				</itemlayout>
				<focusedlayout height="38" width="840">
					<control type="image">
						<posx>0</posx>
						<posy>0</posy>
						<width>840</width>
						<height>38</height>
						<align>left</align>
						<aligny>center</aligny>
						<texture>ButtonFO.png</texture>
					</control>
					<control type="label">
						<posx>20</posx>
						<posy>0</posy>
						<width>810</width>
						<height>38</height>
						<textcolor>ButtonText</textcolor>
						<font>METF_ContextValue</font>
						<align>left</align>
						<aligny>center</aligny>
						<focusedcolor>ButtonText</focusedcolor>
						<selectedcolor>ButtonText</selectedcolor>
						<label>$INFO[ListItem.Label]</label>
					</control>
				</focusedlayout>
				<content>
					<item id="1">
						<label>$INFO[Window(0).Property(favourite.1.name)]</label>
						<icon>$INFO[Window(0).Property(favourite.1.thumb)]</icon>
						<onclick>Skin.SetString($INFO[Skin.String(CustomFavouritePath)],$INFO[Window(0).Property(favourite.1.path)])</onclick>
						<onclick>Skin.SetString($INFO[Skin.String(CustomFavouriteName)],$INFO[Window(0).Property(favourite.1.name)])</onclick>
						<onclick>Skin.SetString($INFO[Skin.String(CustomFavouriteThumb)],$INFO[Window(0).Property(favourite.1.thumb)])</onclick>
						<onclick>Dialog.Close(1114)</onclick>
						<visible>!String.IsEmpty(Window(0).Property(favourite.1.name))</visible>
					</item>
					<item id="2">
						<label>$INFO[Window(0).Property(favourite.2.name)]</label>
						<icon>$INFO[Window(0).Property(favourite.2.thumb)]</icon>
						<onclick>Skin.SetString($INFO[Skin.String(CustomFavouritePath)],$INFO[Window(0).Property(favourite.2.path)])</onclick>
						<onclick>Skin.SetString($INFO[Skin.String(CustomFavouriteName)],$INFO[Window(0).Property(favourite.2.name)])</onclick>
						<onclick>Skin.SetString($INFO[Skin.String(CustomFavouriteThumb)],$INFO[Window(0).Property(favourite.2.thumb)])</onclick>
						<onclick>Dialog.Close(1114)</onclick>
						<visible>!String.IsEmpty(Window(0).Property(favourite.2.name))</visible>
					</item>
					<item id="3">
						<label>$INFO[Window(0).Property(favourite.3.name)]</label>
						<icon>$INFO[Window(0).Property(favourite.3.thumb)]</icon>
						<onclick>Skin.SetString($INFO[Skin.String(CustomFavouritePath)],$INFO[Window(0).Property(favourite.3.path)])</onclick>
						<onclick>Skin.SetString($INFO[Skin.String(CustomFavouriteName)],$INFO[Window(0).Property(favourite.3.name)])</onclick>
						<onclick>Skin.SetString($INFO[Skin.String(CustomFavouriteThumb)],$INFO[Window(0).Property(favourite.3.thumb)])</onclick>
						<onclick>Dialog.Close(1114)</onclick>
						<visible>!String.IsEmpty(Window(0).Property(favourite.3.name))</visible>
					</item>
					<item id="4">
						<label>$INFO[Window(0).Property(favourite.4.name)]</label>
						<icon>$INFO[Window(0).Property(favourite.4.thumb)]</icon>
						<onclick>Skin.SetString($INFO[Skin.String(CustomFavouritePath)],$INFO[Window(0).Property(favourite.4.path)])</onclick>
						<onclick>Skin.SetString($INFO[Skin.String(CustomFavouriteName)],$INFO[Window(0).Property(favourite.4.name)])</onclick>
						<onclick>Skin.SetString($INFO[Skin.String(CustomFavouriteThumb)],$INFO[Window(0).Property(favourite.4.thumb)])</onclick>
						<onclick>Dialog.Close(1114)</onclick>
						<visible>!String.IsEmpty(Window(0).Property(favourite.4.name))</visible>
					</item>
					<item id="5">
						<label>$INFO[Window(0).Property(favourite.5.name)]</label>
						<icon>$INFO[Window(0).Property(favourite.5.thumb)]</icon>
						<onclick>Skin.SetString($INFO[Skin.String(CustomFavouritePath)],$INFO[Window(0).Property(favourite.5.path)])</onclick>
						<onclick>Skin.SetString($INFO[Skin.String(CustomFavouriteName)],$INFO[Window(0).Property(favourite.5.name)])</onclick>
						<onclick>Skin.SetString($INFO[Skin.String(CustomFavouriteThumb)],$INFO[Window(0).Property(favourite.5.thumb)])</onclick>
						<onclick>Dialog.Close(1114)</onclick>
						<visible>!String.IsEmpty(Window(0).Property(favourite.5.name))</visible>
					</item>
					<item id="6">
						<label>$INFO[Window(0).Property(favourite.6.name)]</label>
						<icon>$INFO[Window(0).Property(favourite.6.thumb)]</icon>
						<onclick>Skin.SetString($INFO[Skin.String(CustomFavouritePath)],$INFO[Window(0).Property(favourite.6.path)])</onclick>
						<onclick>Skin.SetString($INFO[Skin.String(CustomFavouriteName)],$INFO[Window(0).Property(favourite.6.name)])</onclick>
						<onclick>Skin.SetString($INFO[Skin.String(CustomFavouriteThumb)],$INFO[Window(0).Property(favourite.6.thumb)])</onclick>
						<onclick>Dialog.Close(1114)</onclick>
						<visible>!String.IsEmpty(Window(0).Property(favourite.6.name))</visible>
					</item>
					<item id="7">
						<label>$INFO[Window(0).Property(favourite.7.name)]</label>
						<icon>$INFO[Window(0).Property(favourite.7.thumb)]</icon>
						<onclick>Skin.SetString($INFO[Skin.String(CustomFavouritePath)],$INFO[Window(0).Property(favourite.7.path)])</onclick>
						<onclick>Skin.SetString($INFO[Skin.String(CustomFavouriteName)],$INFO[Window(0).Property(favourite.7.name)])</onclick>
						<onclick>Skin.SetString($INFO[Skin.String(CustomFavouriteThumb)],$INFO[Window(0).Property(favourite.7.thumb)])</onclick>
						<onclick>Dialog.Close(1114)</onclick>
						<visible>!String.IsEmpty(Window(0).Property(favourite.7.name))</visible>
					</item>
					<item id="8">
						<label>$INFO[Window(0).Property(favourite.8.name)]</label>
						<icon>$INFO[Window(0).Property(favourite.8.thumb)]</icon>
						<onclick>Skin.SetString($INFO[Skin.String(CustomFavouritePath)],$INFO[Window(0).Property(favourite.8.path)])</onclick>
						<onclick>Skin.SetString($INFO[Skin.String(CustomFavouriteName)],$INFO[Window(0).Property(favourite.8.name)])</onclick>
						<onclick>Skin.SetString($INFO[Skin.String(CustomFavouriteThumb)],$INFO[Window(0).Property(favourite.8.thumb)])</onclick>
						<onclick>Dialog.Close(1114)</onclick>
						<visible>!String.IsEmpty(Window(0).Property(favourite.8.name))</visible>
					</item>
					<item id="9">
						<label>$INFO[Window(0).Property(favourite.9.name)]</label>
						<icon>$INFO[Window(0).Property(favourite.9.thumb)]</icon>
						<onclick>Skin.SetString($INFO[Skin.String(CustomFavouritePath)],$INFO[Window(0).Property(favourite.9.path)])</onclick>
						<onclick>Skin.SetString($INFO[Skin.String(CustomFavouriteName)],$INFO[Window(0).Property(favourite.9.name)])</onclick>
						<onclick>Skin.SetString($INFO[Skin.String(CustomFavouriteThumb)],$INFO[Window(0).Property(favourite.9.thumb)])</onclick>
						<onclick>Dialog.Close(1114)</onclick>
						<visible>!String.IsEmpty(Window(0).Property(favourite.9.name))</visible>
					</item>
					<item id="10">
						<label>$INFO[Window(0).Property(favourite.10.name)]</label>
						<icon>$INFO[Window(0).Property(favourite.10.thumb)]</icon>
						<onclick>Skin.SetString($INFO[Skin.String(CustomFavouritePath)],$INFO[Window(0).Property(favourite.10.path)])</onclick>
						<onclick>Skin.SetString($INFO[Skin.String(CustomFavouriteName)],$INFO[Window(0).Property(favourite.10.name)])</onclick>
						<onclick>Skin.SetString($INFO[Skin.String(CustomFavouriteThumb)],$INFO[Window(0).Property(favourite.10.thumb)])</onclick>
						<onclick>Dialog.Close(1114)</onclick>
						<visible>!String.IsEmpty(Window(0).Property(favourite.10.name))</visible>
					</item>
					<item id="11">
						<label>$INFO[Window(0).Property(favourite.11.name)]</label>
						<icon>$INFO[Window(0).Property(favourite.11.thumb)]</icon>
						<onclick>Skin.SetString($INFO[Skin.String(CustomFavouritePath)],$INFO[Window(0).Property(favourite.11.path)])</onclick>
						<onclick>Skin.SetString($INFO[Skin.String(CustomFavouriteName)],$INFO[Window(0).Property(favourite.11.name)])</onclick>
						<onclick>Skin.SetString($INFO[Skin.String(CustomFavouriteThumb)],$INFO[Window(0).Property(favourite.11.thumb)])</onclick>
						<onclick>Dialog.Close(1114)</onclick>
						<visible>!String.IsEmpty(Window(0).Property(favourite.11.name))</visible>
					</item>
					<item id="12">
						<label>$INFO[Window(0).Property(favourite.12.name)]</label>
						<icon>$INFO[Window(0).Property(favourite.12.thumb)]</icon>
						<onclick>Skin.SetString($INFO[Skin.String(CustomFavouritePath)],$INFO[Window(0).Property(favourite.12.path)])</onclick>
						<onclick>Skin.SetString($INFO[Skin.String(CustomFavouriteName)],$INFO[Window(0).Property(favourite.12.name)])</onclick>
						<onclick>Skin.SetString($INFO[Skin.String(CustomFavouriteThumb)],$INFO[Window(0).Property(favourite.12.thumb)])</onclick>
						<onclick>Dialog.Close(1114)</onclick>
						<visible>!String.IsEmpty(Window(0).Property(favourite.12.name))</visible>
					</item>
					<item id="13">
						<label>$INFO[Window(0).Property(favourite.13.name)]</label>
						<icon>$INFO[Window(0).Property(favourite.13.thumb)]</icon>
						<onclick>Skin.SetString($INFO[Skin.String(CustomFavouritePath)],$INFO[Window(0).Property(favourite.13.path)])</onclick>
						<onclick>Skin.SetString($INFO[Skin.String(CustomFavouriteName)],$INFO[Window(0).Property(favourite.13.name)])</onclick>
						<onclick>Skin.SetString($INFO[Skin.String(CustomFavouriteThumb)],$INFO[Window(0).Property(favourite.13.thumb)])</onclick>
						<onclick>Dialog.Close(1114)</onclick>
						<visible>!String.IsEmpty(Window(0).Property(favourite.13.name))</visible>
					</item>
					<item id="14">
						<label>$INFO[Window(0).Property(favourite.14.name)]</label>
						<icon>$INFO[Window(0).Property(favourite.14.thumb)]</icon>
						<onclick>Skin.SetString($INFO[Skin.String(CustomFavouritePath)],$INFO[Window(0).Property(favourite.14.path)])</onclick>
						<onclick>Skin.SetString($INFO[Skin.String(CustomFavouriteName)],$INFO[Window(0).Property(favourite.14.name)])</onclick>
						<onclick>Skin.SetString($INFO[Skin.String(CustomFavouriteThumb)],$INFO[Window(0).Property(favourite.14.thumb)])</onclick>
						<onclick>Dialog.Close(1114)</onclick>
						<visible>!String.IsEmpty(Window(0).Property(favourite.14.name))</visible>
					</item>
					<item id="15">
						<label>$INFO[Window(0).Property(favourite.15.name)]</label>
						<icon>$INFO[Window(0).Property(favourite.15.thumb)]</icon>
						<onclick>Skin.SetString($INFO[Skin.String(CustomFavouritePath)],$INFO[Window(0).Property(favourite.15.path)])</onclick>
						<onclick>Skin.SetString($INFO[Skin.String(CustomFavouriteName)],$INFO[Window(0).Property(favourite.15.name)])</onclick>
						<onclick>Skin.SetString($INFO[Skin.String(CustomFavouriteThumb)],$INFO[Window(0).Property(favourite.15.thumb)])</onclick>
						<onclick>Dialog.Close(1114)</onclick>
						<visible>!String.IsEmpty(Window(0).Property(favourite.15.name))</visible>
					</item>
					<item id="16">
						<label>$INFO[Window(0).Property(favourite.16.name)]</label>
						<icon>$INFO[Window(0).Property(favourite.16.thumb)]</icon>
						<onclick>Skin.SetString($INFO[Skin.String(CustomFavouritePath)],$INFO[Window(0).Property(favourite.16.path)])</onclick>
						<onclick>Skin.SetString($INFO[Skin.String(CustomFavouriteName)],$INFO[Window(0).Property(favourite.16.name)])</onclick>
						<onclick>Skin.SetString($INFO[Skin.String(CustomFavouriteThumb)],$INFO[Window(0).Property(favourite.16.thumb)])</onclick>
						<onclick>Dialog.Close(1114)</onclick>
						<visible>!String.IsEmpty(Window(0).Property(favourite.16.name))</visible>
					</item>
					<item id="17">
						<label>$INFO[Window(0).Property(favourite.17.name)]</label>
						<icon>$INFO[Window(0).Property(favourite.17.thumb)]</icon>
						<onclick>Skin.SetString($INFO[Skin.String(CustomFavouritePath)],$INFO[Window(0).Property(favourite.17.path)])</onclick>
						<onclick>Skin.SetString($INFO[Skin.String(CustomFavouriteName)],$INFO[Window(0).Property(favourite.17.name)])</onclick>
						<onclick>Skin.SetString($INFO[Skin.String(CustomFavouriteThumb)],$INFO[Window(0).Property(favourite.17.thumb)])</onclick>
						<onclick>Dialog.Close(1114)</onclick>
						<visible>!String.IsEmpty(Window(0).Property(favourite.17.name))</visible>
					</item>
					<item id="18">
						<label>$INFO[Window(0).Property(favourite.18.name)]</label>
						<icon>$INFO[Window(0).Property(favourite.18.thumb)]</icon>
						<onclick>Skin.SetString($INFO[Skin.String(CustomFavouritePath)],$INFO[Window(0).Property(favourite.18.path)])</onclick>
						<onclick>Skin.SetString($INFO[Skin.String(CustomFavouriteName)],$INFO[Window(0).Property(favourite.18.name)])</onclick>
						<onclick>Skin.SetString($INFO[Skin.String(CustomFavouriteThumb)],$INFO[Window(0).Property(favourite.18.thumb)])</onclick>
						<onclick>Dialog.Close(1114)</onclick>
						<visible>!String.IsEmpty(Window(0).Property(favourite.18.name))</visible>
					</item>
					<item id="19">
						<label>$INFO[Window(0).Property(favourite.19.name)]</label>
						<icon>$INFO[Window(0).Property(favourite.19.thumb)]</icon>
						<onclick>Skin.SetString($INFO[Skin.String(CustomFavouritePath)],$INFO[Window(0).Property(favourite.19.path)])</onclick>
						<onclick>Skin.SetString($INFO[Skin.String(CustomFavouriteName)],$INFO[Window(0).Property(favourite.19.name)])</onclick>
						<onclick>Skin.SetString($INFO[Skin.String(CustomFavouriteThumb)],$INFO[Window(0).Property(favourite.19.thumb)])</onclick>
						<onclick>Dialog.Close(1114)</onclick>
						<visible>!String.IsEmpty(Window(0).Property(favourite.19.name))</visible>
					</item>
					<item id="20">
						<label>$INFO[Window(0).Property(favourite.20.name)]</label>
						<icon>$INFO[Window(0).Property(favourite.20.thumb)]</icon>
						<onclick>Skin.SetString($INFO[Skin.String(CustomFavouritePath)],$INFO[Window(0).Property(favourite.20.path)])</onclick>
						<onclick>Skin.SetString($INFO[Skin.String(CustomFavouriteName)],$INFO[Window(0).Property(favourite.20.name)])</onclick>
						<onclick>Skin.SetString($INFO[Skin.String(CustomFavouriteThumb)],$INFO[Window(0).Property(favourite.20.thumb)])</onclick>
						<onclick>Dialog.Close(1114)</onclick>
						<visible>!String.IsEmpty(Window(0).Property(favourite.20.name))</visible>
					</item>
				</content>
			</control>
		</control>
		<control type="image">
			<include>Animation_CommonFadeNoHide</include>
			<posx>848</posx>
			<posy>194</posy>
			<height>24</height>
			<width>24</width>
			<texture>Arrow2Up.png</texture>
			<visible>Container(450).HasPrevious</visible>
		</control>
		<control type="image">
			<include>Animation_CommonFadeNoHide</include>
			<posx>848</posx>
			<posy>592</posy>
			<height>24</height>
			<width>24</width>
			<texture>Arrow2Down.png</texture>
			<visible>Container(450).HasNext</visible>
		</control>
		<control type="group">
			<posx>30</posx>
			<posy>10</posy>
			<include>Animation_SlideDownFadeOut</include>
			<control type="label">
				<label>$LOCALIZE[1036]</label>
				<include>Global_HeadingSectionVars</include>
			</control>
			<control type="label">
				<label>$INFO[Container(450).NumItems] $LOCALIZE[31281]</label>
				<include>Global_HeadingDetailVars</include>
			</control>
		</control>
		<include>Global_Weather</include>
		<include>Global_Time</include>
		<include>Global_MediaOverlay</include>
		<include condition="Skin.HasSetting(DebugGrid)">Object_DebugGrid</include>
	</controls>
</window>
