<?xml version="1.0" encoding="UTF-8"?>
<window type="dialog" id="1119">
	<defaultcontrol always="true">401</defaultcontrol>
	<controls>
		<!-- Sub Menu For Subtitles -->
		<control type="grouplist" id="400">
			<AAAvisible>![Window.IsVisible(SliderDialog) | Window.IsVisible(subtitlesearch) | Window.IsVisible(OSDVideoSettings) | Window.IsVisible(OSDAudioSettings) | Window.IsVisible(VideoBookmarks)]</AAAvisible>
			<AAAanimation effect="slide" start="0,0" end="340,0" time="0" condition="![VideoPlayer.HasSubtitles + VideoPlayer.SubtitlesEnabled]">Conditional</AAAanimation>
			<AAAanimation effect="slide" start="0,0" end="340,0" time="0" condition="!VideoPlayer.SubtitlesEnabled">Conditional</AAAanimation>
			<posx>370</posx>
			<posy>507</posy>
			<width>680</width>
			<height>40</height>
			<itemgap>0</itemgap>
			<onleft>400</onleft>
			<onright>400</onright>
			<onup>400</onup>
			<ondown>14</ondown>
			<orientation>horizontal</orientation>
			<AAAvisible>[Control.HasFocus(916) | ControlGroup(400).HasFocus] + VideoPlayer.HasSubtitles</AAAvisible>
			<visible>Window.IsActive(VideoOSD)</visible>
			<control type="togglebutton" id="401">
				<description>Download with Subtitles script</description>
				<height>40</height>
				<width>140</width>
				<font>VerySmallText</font>
				<label>33003</label>
				<focusedcolor>OSDProgressBar</focusedcolor>
				<textcolor>White</textcolor>
				<textoffsetx>15</textoffsetx>
				<align>center</align>
				<aligny>center</aligny>
				<texturenofocus>osd/osd_dialog_bg.png</texturenofocus>
				<texturefocus>osd/osd_dialog_bg.png</texturefocus>
				<alttexturefocus>osd/osd_dialog_bg.png</alttexturefocus>
				<alttexturenofocus>osd/osd_dialog_bg.png</alttexturenofocus>
				<colordiffuse>BackgroundColor</colordiffuse>
				<ondown>Close</ondown>
				<onclick>ActivateWindow(SubtitleSearch)</onclick>
			</control>
			<control type="button" id="402">
				<height>40</height>
				<width>160</width>
				<align>center</align>
				<aligny>center</aligny>
				<font>VerySmallText</font>
				<focusedcolor>OSDProgressBar</focusedcolor>
				<textcolor>White</textcolor>
				<disabledcolor>Blue</disabledcolor>
				<texturenofocus>osd/osd_dialog_bg.png</texturenofocus>
				<texturefocus>osd/osd_dialog_bg.png</texturefocus>
				<colordiffuse>BackgroundColor</colordiffuse>
				<pulseonselect>false</pulseonselect>
				<label>22006</label>
				<ondown>Close</ondown>
				<onclick>SubtitleDelay</onclick>
				<AAAvisible>VideoPlayer.HasSubtitles + VideoPlayer.SubtitlesEnabled</AAAvisible>
				<visible>VideoPlayer.SubtitlesEnabled + VideoPlayer.HasSubtitles</visible>
				<enable>VideoPlayer.HasSubtitles</enable>
			</control>
			<control type="button" id="403">
				<height>40</height>
				<width>80</width>
				<align>center</align>
				<aligny>center</aligny>
				<font>VerySmallText</font>
				<focusedcolor>OSDProgressBar</focusedcolor>
				<textcolor>White</textcolor>
				<disabledcolor>Blue</disabledcolor>
				<texturenofocus>osd/osd_dialog_bg.png</texturenofocus>
				<texturefocus>osd/osd_dialog_bg.png</texturefocus>
				<textoffsetx>0</textoffsetx>
				<colordiffuse>BackgroundColor</colordiffuse>
				<pulseonselect>false</pulseonselect>
				<label>209</label>
				<onclick>CycleSubtitle</onclick>
				<ondown>Close</ondown>
				<AAAvisible>VideoPlayer.HasSubtitles + VideoPlayer.SubtitlesEnabled</AAAvisible>
				<visible>VideoPlayer.SubtitlesEnabled + VideoPlayer.HasSubtitles</visible>
				<enable>VideoPlayer.HasSubtitles</enable>
			</control>
			<control type="radiobutton" id="404">
				<height>40</height>
				<width>140</width>
				<textoffsetx>20</textoffsetx>
				<focusedcolor>OSDProgressBar</focusedcolor>
				<textcolor>White</textcolor>
				<textureradioonfocus colordiffuse="White">buttons/button_radio_circle_on.png</textureradioonfocus>
				<textureradioonnofocus colordiffuse="White">buttons/button_radio_circle_on.png</textureradioonnofocus>
				<disabledcolor>Grey</disabledcolor>
				<align>right</align>
				<aligny>center</aligny>
				<font>VerySmallText</font>
				<radiowidth>24</radiowidth>
				<radioheight>24</radioheight>
				<texturenofocus>osd/osd_dialog_bg.png</texturenofocus>
				<texturefocus>osd/osd_dialog_bg.png</texturefocus>
				<colordiffuse>BackgroundColor</colordiffuse>
				<label>449</label>
				<radioposx>10</radioposx>
				<radioposy>8</radioposy>
				<onclick>ShowSubtitles</onclick>
				<selected>VideoPlayer.SubtitlesEnabled</selected>
				<pulseonselect>false</pulseonselect>
				<ondown>Close</ondown>
				<visible>VideoPlayer.HasSubtitles</visible>
				<enable>VideoPlayer.HasSubtitles</enable>
			</control>
		</control>
	</controls>
</window>
