<?xml version="1.0" encoding="UTF-8"?>
<window>
	<defaultcontrol always="true">10</defaultcontrol>
	<controls>
		<AAAinclude>Global_Background</AAAinclude>
		<control type="group">
			<include>Animation_OpenCloseFade</include>
			<visible>String.IsEmpty(Window.Property(additionalDialog))</visible>

			<!-- Heading -->
			<control type="group">
				<animation type="Conditional" condition="Window.IsActive(extendedprogressdialog)">
					<effect type="fade" time="200" start="100" end="10" />
				</animation>
				<posx>30</posx>
				<posy>10</posy>
				<control type="label">
					<description>Settings</description>
					<label>$LOCALIZE[5]</label>
					<include>Global_HeadingSectionVars</include>
				</control>
				<control type="label" id="500">
					<description>header middle label</description>
					<include>Global_HeadingLevelVars</include>
				</control>
				<control type="label">
					<description>header right label</description>
					<label>$INFO[Container(211).ListItem.Label] $INFO[Container(211).ListItem.Label2]</label>
					<include>Global_HeadingDetailVars</include>
				</control>
			</control>

			<control type="group">
				<!-- Move down -->
				<control type="button" id="304">
					<left>-10</left>
					<top>-10</top>
					<width>1</width>
					<height>1</height>
					<onleft>211</onleft>
					<onright>303</onright>
					<onup>noop</onup>
					<ondown>noop</ondown>
				</control>
				<!-- Move up -->
				<control type="button" id="303">
					<left>-10</left>
					<top>-10</top>
					<width>1</width>
					<height>1</height>
					<onleft>304</onleft>
					<onright>302</onright>
					<onup>noop</onup>
					<ondown>noop</ondown>
				</control>
				<!-- Remove -->
				<control type="button" id="302">
					<left>-10</left>
					<top>-10</top>
					<width>1</width>
					<height>1</height>
					<onleft>303</onleft>
					<onright>9001</onright>
					<onup>noop</onup>
					<ondown>noop</ondown>
				</control>

				<!-- Left list -->
				<control type="list" id="211">
					<left>0</left>
					<top>65</top>
					<width>370</width>
					<height>462</height>
					<onleft>9001</onleft>
					<onright>304</onright>
					<onup>211</onup>
					<ondown>211</ondown>
					<scrolltime tween="sine" easing="out">240</scrolltime>
					<itemlayout width="375" height="38">
						<control type="label">
							<left>-75</left>
							<top>5</top>
							<width>350</width>
							<height>38</height>
							<font>METF_TitleTextMedium</font>
							<textcolor>SettingsDetail</textcolor>
							<align>right</align>
							<aligny>center</aligny>
							<label>$INFO[ListItem.Label]</label>
							<animation effect="fade" start="100" end="50" time="0" condition="!Control.HasFocus(211)">Conditional</animation>
						</control>
					</itemlayout>
					<focusedlayout width="375" height="38">
						<control type="image">
							<left>00</left>
							<top>5</top>
							<width>375</width>
							<height>38</height>
							<align>left</align>
							<aligny>center</aligny>
							<texture border="5">ButtonFO.png</texture>
						</control>
						<control type="image">
							<left>283</left>
							<top>8</top>
							<width>29</width>
							<height>29</height>
							<texture>osd/osd_button_channel_previous_fo.png</texture>
							<visible>!Control.HasFocus(304)</visible>
						</control>
						<control type="image">
							<left>311</left>
							<top>8</top>
							<width>29</width>
							<height>29</height>
							<texture>osd/osd_button_channel_next_fo.png</texture>
							<visible>!Control.HasFocus(303)</visible>
						</control>
						<control type="image">
							<left>339</left>
							<top>8</top>
							<width>29</width>
							<height>29</height>
							<texture>osd/osd_button_ban_fo.png</texture>
							<visible>!Control.HasFocus(302)</visible>
						</control>
						<control type="image">
							<left>283</left>
							<top>8</top>
							<width>29</width>
							<height>29</height>
							<texture>osd/osd_button_channel_previous_nf.png</texture>
							<include>Animation_ButtonFocus</include>
							<visible>Control.HasFocus(304)</visible>
						</control>
						<control type="image">
							<left>311</left>
							<top>8</top>
							<width>29</width>
							<height>29</height>
							<texture>osd/osd_button_channel_next_nf.png</texture>
							<include>Animation_ButtonFocus</include>
							<visible>Control.HasFocus(303)</visible>
						</control>
						<control type="image">
							<left>339</left>
							<top>8</top>
							<width>29</width>
							<height>29</height>
							<texture>osd/osd_button_ban_nf.png</texture>
							<include>Animation_ButtonFocus</include>
							<visible>Control.HasFocus(302)</visible>
						</control>
						<control type="label">
							<left>-75</left>
							<top>5</top>
							<width>350</width>
							<height>38</height>
							<font>METF_TitleTextMedium</font>
							<textcolor>SettingsTitle</textcolor>
							<align>right</align>
							<aligny>center</aligny>
							<label>$INFO[ListItem.Label]</label>
						</control>
					</focusedlayout>
				</control>

				<!-- Icon and Background backdrop (mainmenu) -->
				<control type="image" id="911">
					<left>550</left>
					<top>174</top>
					<width>448</width>
					<height>156</height>
					<texture background="true" >list/listfocus.png</texture>
					<colordiffuse>BackgroundColor</colordiffuse>
					<visible>String.IsEqual(Window.Property(groupname),mainmenu)</visible>
				</control>
				<!-- Icon backdrop (submenu) -->
				<control type="image" id="912">
					<left>550</left>
					<top>138</top>
					<width>390</width>
					<height>156</height>
					<texture background="true" >list/listfocus.png</texture>
					<colordiffuse>BackgroundColor</colordiffuse>
					<visible>!String.IsEqual(Window.Property(groupname),mainmenu)</visible>
				</control>

				<!-- Right grouplist -->
				<control type="grouplist" id="9000">
					<left>385</left>
					<top>70</top>
					<width>800</width>
					<height>660</height>
					<itemgap>0</itemgap>
					<onleft>211</onleft>
					<onright>noop</onright>
					<onup>9001</onup>
					<ondown>9001</ondown>
					<orientation>vertical</orientation>
					<usecontrolcoords>true</usecontrolcoords>
					<animation effect="fade" start="100" end="50" time="0" condition="!Control.HasFocus(401) + !Control.HasFocus(311) + !Control.HasFocus(310) + !Control.HasFocus(305) + !Control.HasFocus(312) + !Control.HasFocus(307) + !Control.HasFocus(405)">Conditional</animation>
					<scrolltime tween="sine" easing="out">240</scrolltime>
					<!-- Choose shortcut -->
					<control type="button" id="401">
						<left>0</left>
						<top>0</top>
						<width>700</width>
						<height>36</height>
						<font>METF_SettingsDetail</font>
						<textcolor>SettingsDetail</textcolor>
						<align>left</align>
						<aligny>center</aligny>
						<label>$ADDON[script.skinshortcuts 32048]</label>
						<label2>$INFO[Container(211).ListItem.Property(path)]</label2>
						<focusedcolor>SettingsTitle</focusedcolor>
						<texturefocus border="5">ButtonFO.png</texturefocus>
					</control>
					<!-- Choose thumbnail (Home2 icon, submenu icon) -->
					<control type="button" id="311">
						<description>Choose thumbnail Button</description>
						<left>0</left>
						<top>0</top>
						<width>700</width>
						<height>36</height>
						<font>METF_SettingsDetail</font>
						<textcolor>SettingsDetail</textcolor>
						<align>left</align>
						<aligny>top</aligny>
						<label>$ADDON[script.skinshortcuts 32026]</label>
						<label2>$INFO[Container(211).ListItem.Icon]</label2>
						<focusedcolor>SettingsTitle</focusedcolor>
						<texturefocus border="5">ButtonFO.png</texturefocus>
					</control>
					<!-- Choose background -->
					<control type="button" id="310">
						<description>Choose background Button</description>
						<left>0</left>
						<top>0</top>
						<width>700</width>
						<height>36</height>
						<font>METF_SettingsDetail</font>
						<textcolor>SettingsDetail</textcolor>
						<align>left</align>
						<aligny>top</aligny>
						<label>$ADDON[script.skinshortcuts 32045]</label>
						<label2>$VAR[HomeBackgroundSkinShortcuts]</label2>
						<visible>String.IsEqual(Window.Property(groupname),mainmenu)</visible>
						<focusedcolor>SettingsTitle</focusedcolor>
						<texturefocus border="5">ButtonFO.png</texturefocus>
					</control>
					<!-- Thumbnail (Home2 icon) -->
					<control type="image" id="901">
						<left>210</left>
						<top>0</top>
						<width>80</width>
						<height>120</height>
						<texture background="true" fallback="DefaultShortcut.png">$INFO[Container(211).ListItem.Icon]</texture>
						<visible>String.IsEqual(Window.Property(groupname),mainmenu)</visible>
						<focusedcolor>SettingsTitle</focusedcolor>
					</control>
					<!-- Thumbnail (Submenu icon) -->
					<control type="image" id="902">
						<left>300</left>
						<top>0</top>
						<width>120</width>
						<height>120</height>
						<texture background="true" fallback="DefaultShortcut.png">$INFO[Container(211).ListItem.Icon]</texture>
						<visible>!String.IsEqual(Window.Property(groupname),mainmenu)</visible>
						<focusedcolor>SettingsTitle</focusedcolor>
					</control>
					<!-- Background -->
					<control type="multiimage" id="903">
						<left>350</left>
						<top>-120</top>
						<width>220</width>
						<height>120</height>
						<timeperimage>5000</timeperimage>
						<randomize>true</randomize>
						<fadetime>500</fadetime>
						<imagepath background="true">$VAR[HomeBackgroundSkinShortcuts]</imagepath>
						<aspectratio>stretch</aspectratio>
						<visible>String.IsEqual(Window.Property(groupname),mainmenu)</visible>
						<focusedcolor>SettingsTitle</focusedcolor>
					</control>
					<!-- Thumbnail Label (Home2) -->
					<control type="label" id="904">
						<left>150</left>
						<top>0</top>
						<width>200</width>
						<height>30</height>
						<font>METF_SettingsDetail</font>
						<textcolor>SettingsDetail</textcolor>
						<align>center</align>
						<aligny>center</aligny>
						<label>$LOCALIZE[21371]</label>
						<visible>String.IsEqual(Window.Property(groupname),mainmenu)</visible>
						<focusedcolor>SettingsTitle</focusedcolor>
					</control>
					<!-- Thumbnail Label (Submenu) -->
					<control type="label" id="905">
						<left>260</left>
						<top>0</top>
						<width>200</width>
						<height>30</height>
						<font>METF_SettingsDetail</font>
						<textcolor>SettingsDetail</textcolor>
						<align>center</align>
						<aligny>center</aligny>
						<label>$LOCALIZE[21371]</label>
						<visible>!String.IsEqual(Window.Property(groupname),mainmenu)</visible>
						<focusedcolor>SettingsTitle</focusedcolor>
					</control>
					<!-- Background Label -->
					<control type="label" id="906">
						<left>360</left>
						<top>-30</top>
						<width>200</width>
						<height>30</height>
						<font>METF_SettingsDetail</font>
						<textcolor>SettingsDetail</textcolor>
						<align>center</align>
						<aligny>center</aligny>
						<label>$LOCALIZE[19190]</label>
						<visible>String.IsEqual(Window.Property(groupname),mainmenu)</visible>
						<focusedcolor>SettingsTitle</focusedcolor>
					</control>
					<!-- Set label -->
					<control type="button" id="305">
						<left>0</left>
						<top>0</top>
						<width>700</width>
						<height>36</height>
						<font>METF_SettingsDetail</font>
						<textcolor>SettingsDetail</textcolor>
						<align>left</align>
						<aligny>center</aligny>
						<label>$ADDON[script.skinshortcuts 32025]</label>
						<label2>$INFO[Container(211).ListItem.Label]</label2>
						<focusedcolor>SettingsTitle</focusedcolor>
						<texturefocus border="5">ButtonFO.png</texturefocus>
					</control>
					<!-- Select widget -->
					<control type="button" id="312">
						<left>0</left>
						<top>0</top>
						<width>700</width>
						<height>36</height>
						<font>METF_SettingsDetail</font>
						<textcolor>SettingsDetail</textcolor>
						<align>left</align>
						<aligny>center</aligny>
						<label>$ADDON[script.skinshortcuts 32044]</label>
						<label2>$INFO[Container(211).ListItem.Property(widgetName)]</label2>
						<visible>String.IsEqual(Window.Property(groupname),mainmenu)</visible>
						<focusedcolor>SettingsTitle</focusedcolor>
						<texturefocus border="5">ButtonFO.png</texturefocus>
					</control>
					<!-- Custom action -->
					<control type="button" id="307">
						<left>0</left>
						<top>0</top>
						<width>700</width>
						<height>36</height>
						<font>METF_SettingsDetail</font>
						<textcolor>SettingsDetail</textcolor>
						<align>left</align>
						<aligny>center</aligny>
						<label>$ADDON[script.skinshortcuts 32027]</label>
						<focusedcolor>SettingsTitle</focusedcolor>
						<texturefocus border="5">ButtonFO.png</texturefocus>
		<!--				<label2>$INFO[Container(211).ListItem.Property(displaypath)]</label2>  -->
					</control>
					<!-- Customize Submenu -->
					<control type="button" id="405">
						<left>0</left>
						<top>0</top>
						<width>700</width>
						<height>36</height>
						<font>METF_SettingsDetail</font>
						<textcolor>SettingsDetail</textcolor>
						<align>left</align>
						<aligny>center</aligny>
						<label>$ADDON[script.skinshortcuts 32072]</label>
						<visible>String.IsEqual(Window.Property(groupname),mainmenu)</visible>
						<focusedcolor>SettingsTitle</focusedcolor>
						<texturefocus border="5">ButtonFO.png</texturefocus>
					</control>
				</control>

				<!-- Vertical & Horizontal separator lines -->
				<control type="image">
					<posx>370</posx>
					<posy>480</posy>
					<height>4</height>
					<width>730</width>
					<texture border="2">VideoInfoLine.png</texture>
					<colordiffuse>SettingsDetail</colordiffuse>
				</control>
				<control type="image">
					<posx>372</posx>
					<posy>60</posy>
					<height>480</height>
					<width>4</width>
					<texture border="2">VideoInfoLineV.png</texture>
					<colordiffuse>SettingsDetail</colordiffuse>
				</control>

				<!-- Button grouplist -->
				<control type="grouplist" id="9001">
					<left>385</left>
					<top>495</top>
					<width>800</width>
					<height>38</height>
					<itemgap>0</itemgap>
					<onleft>211</onleft>
					<onright>noop</onright>
					<onup>405</onup>
					<ondown>401</ondown>
					<orientation>horizontal</orientation>
					<animation effect="fade" start="100" end="50" time="0" condition="!Control.HasFocus(301) + !Control.HasFocus(10) + !Control.HasFocus(308)">Conditional</animation>
					<!-- Add item -->
					<control type="button" id="301">
						<width>180</width>
						<height>38</height>
						<align>center</align>
						<font>METF_TitleTextMedium</font>
						<textcolor>SettingsDetail</textcolor>
						<focusedcolor>SettingsTitle</focusedcolor>
						<label>$ADDON[script.skinshortcuts 32000]</label>
						<texturefocus border="5">ButtonFO.png</texturefocus>
					</control>
					<!-- OK Button -->
					<control type="button" id="10">
						<width>180</width>
						<height>38</height>
						<label>$LOCALIZE[186]</label>
						<align>center</align>
						<font>METF_TitleTextMedium</font>
						<textcolor>SettingsDetail</textcolor>
						<focusedcolor>SettingsTitle</focusedcolor>
						<onclick>Close</onclick>
						<texturefocus border="5">ButtonFO.png</texturefocus>
					</control>
					<!-- Reset -->
					<control type="button" id="308">
						<width>320</width>
						<height>38</height>
						<align>center</align>
						<font>METF_TitleTextMedium</font>
						<textcolor>SettingsDetail</textcolor>
						<focusedcolor>SettingsTitle</focusedcolor>
						<label>$ADDON[script.skinshortcuts 32028]</label>
						<texturefocus border="5">ButtonFO.png</texturefocus>
					</control>
				</control>

				<!-- Help text for each button -->
				<control type="group">
					<include>PlotBox</include>
				</control>

				<include>Global_ContextFilter</include>
				<include>Global_Weather</include>
				<include>Global_Time</include>
				<include condition="Skin.HasSetting(DebugGrid)">Object_DebugGrid</include>
			</control>
		</control>
	</controls>
</window>
