<?xml version="1.0" encoding="UTF-8"?>
<window>
	<defaultcontrol>9000</defaultcontrol>
	<onunload>RunScript(script.skinshortcuts,type=buildxml&amp;mainmenuID=9000&amp;levels=0)</onunload>
	<controls>
		<include>Global_Background</include>
		<control type="group">
			<include>Animation_FadedByMenu</include>
			<include>Animation_OpenCloseFade</include>
			<control type="list" id="9000">
				<description>List</description>
				<posx>0</posx>
				<posy>100</posy>
				<width>380</width>
				<height>456</height>
				<itemgap>0</itemgap>
				<scrolltime>0</scrolltime>
				<onleft>9010</onleft>
				<onright>9010</onright>
				<onup>9000</onup>
				<ondown>9000</ondown>
				<orientation>vertical</orientation>
				<pagecontrol></pagecontrol>
				<itemlayout height="38" width="380">
					<control type="label">
						<posx>0</posx>
						<posy>0</posy>
						<width>362</width>
						<height>38</height>
						<textcolor>SettingsDetail</textcolor>
						<font>METF_TitleTextMedium</font>
						<aligny>center</aligny>
						<align>right</align>
						<focusedcolor>ButtonText</focusedcolor>
						<label>$INFO[ListItem.Label]</label>
					</control>
				</itemlayout>
				<focusedlayout height="38" width="380">
					<control type="image">
						<posx>0</posx>
						<posy>0</posy>
						<width>380</width>
						<height>38</height>
						<align>left</align>
						<aligny>center</aligny>
						<texture>ButtonFO.png</texture>
						<animation effect="fade" start="100" end="50" condition="!Control.HasFocus(9000)">Conditional</animation>
					</control>
					<control type="label">
						<posx>0</posx>
						<posy>0</posy>
						<width>362</width>
						<height>38</height>
						<align>right</align>
						<aligny>center</aligny>
						<label>$INFO[ListItem.Label]</label>
						<font>METF_TitleTextMedium</font>
						<textcolor>DialogTextFO</textcolor>
						<focusedcolor>BDialogTextFO</focusedcolor>
					</control>
				</focusedlayout>
				<content>
					<item id="1">
						<description>General</description>
						<label>$LOCALIZE[128]</label>
						<onclick>noop</onclick>
					</item>
					<item id="4">
						<description>Image Resources</description>
						<label>$LOCALIZE[31325]</label>
						<onclick>noop</onclick>
					</item>
					<item id="2">
						<description>Home Options</description>
						<label>$LOCALIZE[31324]</label>
						<onclick>noop</onclick>
					</item>
					<item id="3">
						<description>View Options</description>
						<label>$LOCALIZE[31001]</label>
						<onclick>noop</onclick>
					</item>
					<item id="5">
						<description>View Types</description>
						<label>$LOCALIZE[31440]</label>
						<onclick>noop</onclick>
					</item>
					<item id="6">
						<description>Scripts and Extra Images</description>
						<label>$LOCALIZE[31330]</label>
						<onclick>noop</onclick>
					</item>
					<item id="7">
						<description>Video Settings</description>
						<label>$LOCALIZE[31420]</label>
						<onclick>noop</onclick>
					</item>
					<item id="8">
						<description>Music Settings</description>
						<label>$LOCALIZE[31419]</label>
						<onclick>noop</onclick>
					</item>
					<item id="11">
						<description>Picture Settings</description>
						<label>$LOCALIZE[31445]</label>
						<onclick>noop</onclick>
					</item>
					<item id="9">
						<description>Debug</description>
						<label>$LOCALIZE[31004]</label>
						<onclick>noop</onclick>
					</item>
				</content>
			</control>
			<control type="group" id="9010">
				<posx>440</posx>
				<posy>100</posy>

				<!-- General -->
				<control type="grouplist" id="9001">
					<visible>Container(9000).Hasfocus(1)</visible>
					<posx>0</posx>
					<posy>0</posy>
					<width>840</width>
					<height>418</height>
					<itemgap>0</itemgap>
					<scrolltime>0</scrolltime>
					<onleft>9000</onleft>
					<onright>9000</onright>
					<control type="radiobutton" id="101">
						<include>SettingsLabel</include>
						<label>$LOCALIZE[31418] $LOCALIZE[31011] [COLOR HelpText]$LOCALIZE[31417][/COLOR]</label>
						<onclick>Skin.ToggleSetting(HideHelpText)</onclick>
						<selected>Skin.HasSetting(HideHelpText)</selected>
					</control>
					<control type="radiobutton" id="102">
						<include>SettingsLabel</include>
						<label>$LOCALIZE[31400]</label>
						<onclick>Skin.ToggleSetting(HideClockTemp)</onclick>
						<selected>Skin.HasSetting(HideClockTemp)</selected>
					</control>
					<control type="radiobutton" id="103">
						<include>SettingsLabel</include>
						<label>$LOCALIZE[31401]</label>
						<onclick>Skin.ToggleSetting(HideClock)</onclick>
						<selected>Skin.HasSetting(HideClock)</selected>
					</control>
					<control type="radiobutton" id="104">
						<include>SettingsLabel</include>
						<label>$LOCALIZE[31453]</label>
						<onclick>Skin.ToggleSetting(ShowDate)</onclick>
						<selected>Skin.HasSetting(ShowDate)</selected>
						<visible>!Skin.HasSetting(HideClock)</visible>
					</control>
					<control type="radiobutton" id="105">
						<include>SettingsLabel</include>
						<label>$LOCALIZE[31056]</label>
						<onclick>Skin.ToggleSetting(MediaOverlay)</onclick>
						<selected>Skin.HasSetting(MediaOverlay)</selected>
					</control>
					<control type="radiobutton" id="106">
						<include>SettingsLabel</include>
						<label>$LOCALIZE[31005]</label>
						<onclick>Skin.ToggleSetting(AutoScroll)</onclick>
						<selected>Skin.HasSetting(AutoScroll)</selected>
					</control>
					<control type="radiobutton" id="107">
						<include>SettingsLabel</include>
						<label>$LOCALIZE[31006]</label>
						<onclick>Skin.ToggleSetting(AutoScrollFast)</onclick>
						<selected>Skin.HasSetting(AutoScrollFast)</selected>
						<visible>Skin.HasSetting(AutoScroll)</visible>
					</control>
					<control type="radiobutton" id="108">
						<include>SettingsLabel</include>
						<label>$LOCALIZE[31336]</label>
						<onclick>Skin.ToggleSetting(ViewLockdown)</onclick>
						<selected>Skin.HasSetting(ViewLockdown)</selected>
					</control>
					<control type="radiobutton" id="109">
						<include>SettingsLabel</include>
						<label>$LOCALIZE[31338]</label>
						<onclick>Skin.ToggleSetting(SimpleMediaFilter)</onclick>
						<selected>Skin.HasSetting(SimpleMediaFilter)</selected>
					</control>
				</control>

				<!-- Image Resources -->
				<control type="grouplist" id="9004">
					<visible>Container(9000).Hasfocus(4)</visible>
					<posx>0</posx>
					<posy>0</posy>
					<width>840</width>
					<height>418</height>
					<itemgap>0</itemgap>
					<scrolltime>0</scrolltime>
					<onleft>9000</onleft>
					<onright>9000</onright>
					<control type="button" id="401">
						<include>SettingsLabel</include>
						<width>370</width>
						<label>$LOCALIZE[31013]</label>
						<label2>$INFO[Skin.String(WeatherIcons.name)]</label2>
						<onclick>RunScript(script.image.resource.select,property=WeatherIcons&amp;type=resource.images.weathericons)</onclick>
					</control>
					<control type="button" id="402">
						<include>SettingsLabel</include>
						<width>370</width>
						<label>$LOCALIZE[31014]</label>
						<label2>$INFO[Skin.String(WeatherFanart.name)]</label2>
						<onclick>RunScript(script.image.resource.select,property=WeatherFanart&amp;type=resource.images.weatherfanart)</onclick>
					</control>
					<control type="button" id="403">
						<include>SettingsLabel</include>
						<width>370</width>
						<label>$LOCALIZE[31015]</label>
						<label2>$INFO[Skin.String(StudioIcons.name)]</label2>
						<onclick>RunScript(script.image.resource.select,property=StudioIcons&amp;type=resource.images.studios)</onclick>
					</control>
					<control type="button" id="404">
						<include>SettingsLabel</include>
						<width>370</width>
						<label>$LOCALIZE[31016]</label>
						<label2>$INFO[Skin.String(RecordLabelIcons.name)]</label2>
						<onclick>RunScript(script.image.resource.select,property=RecordLabelIcons&amp;type=resource.images.recordlabels)</onclick>
					</control>
					<control type="button" id="405">
						<include>SettingsLabel</include>
						<width>370</width>
						<label>$LOCALIZE[31017]</label>
						<label2>$INFO[Skin.String(LanguageIcons.name)]</label2>
						<onclick>RunScript(script.image.resource.select,property=LanguageIcons&amp;type=resource.images.languageflags)</onclick>
					</control>
				</control>

				<!-- Home Options -->
				<control type="grouplist" id="9002">
					<visible>Container(9000).Hasfocus(2)</visible>
					<posx>0</posx>
					<posy>0</posy>
					<width>840</width>
					<height>418</height>
					<itemgap>0</itemgap>
					<scrolltime>0</scrolltime>
					<onleft>9000</onleft>
					<onright>9000</onright>
					<control type="radiobutton" id="201">
						<include>SettingsLabel</include>
						<label>$LOCALIZE[31210]</label>
						<onclick>Skin.SetBool(Home1)</onclick>
						<onclick>Skin.Reset(Home2)</onclick>
						<onclick>Skin.Reset(Home3)</onclick>
						<selected>!Skin.HasSetting(Home2) + !Skin.HasSetting(Home3)</selected>
					</control>
					<control type="radiobutton" id="202">
						<include>SettingsLabel</include>
						<label>$LOCALIZE[31024]</label>
						<onclick>Skin.SetBool(Home2)</onclick>
						<onclick>Skin.Reset(Home1)</onclick>
						<onclick>Skin.Reset(Home3)</onclick>
						<selected>Skin.HasSetting(Home2)</selected>
					</control>
					<control type="radiobutton" id="203">
						<include>SettingsLabel</include>
						<label>$LOCALIZE[31025]</label>
						<onclick>Skin.SetBool(Home3)</onclick>
						<onclick>Skin.Reset(Home1)</onclick>
						<onclick>Skin.Reset(Home2)</onclick>
						<selected>Skin.HasSetting(Home3)</selected>
					</control>
					<control type="radiobutton" id="204">
						<include>SettingsLabel</include>
						<label>$LOCALIZE[31322]</label>
						<onclick>Skin.ToggleSetting(HomeStats)</onclick>
						<selected>Skin.HasSetting(HomeStats)</selected>
						<visible>!Skin.HasSetting(Home2) | !Skin.HasSetting(Home3)</visible>
					</control>
					<control type="radiobutton" id="205">
						<include>SettingsLabel</include>
						<label>$LOCALIZE[31037]</label>
						<onclick>Skin.ToggleSetting(HomeStretchBackgrounds)</onclick>
						<selected>Skin.HasSetting(HomeStretchBackgrounds)</selected>
						<visible>!Skin.HasSetting(Home2)</visible>
					</control>
					<control type="radiobutton" id="206">
						<include>SettingsLabel</include>
						<label>$LOCALIZE[31036]</label>
						<onclick>Skin.ToggleSetting(HideUnfocusedWidgets)</onclick>
						<selected>Skin.HasSetting(HideUnfocusedWidgets)</selected>
						<visible>![Skin.HasSetting(Home2) | Skin.HasSetting(Home3)]</visible>
					</control>
					<control type="image" id="207">
						<include>Settings_Line</include>
					</control>
					<control type="button" id="208">
						<include>SettingsLabel</include>
						<label>$LOCALIZE[31718]</label>
						<onclick>RunScript(script.skinshortcuts,type=manage&amp;group=mainmenu)</onclick>
					</control>
					<control type="button" id="209">
						<include>SettingsLabel</include>
						<label>$LOCALIZE[31719]</label>
						<onclick>RunScript(script.skinshortcuts,type=resetall)</onclick>
					</control>
				</control>

				<!-- View Options -->
				<control type="grouplist" id="9007">
					<visible>Container(9000).Hasfocus(3)</visible>
					<posx>0</posx>
					<posy>0</posy>
					<width>840</width>
					<height>418</height>
					<itemgap>0</itemgap>
					<scrolltime>0</scrolltime>
					<onleft>9000</onleft>
					<onright>9000</onright>
					<control type="radiobutton" id="501">
						<include>SettingsLabel</include>
						<label>$LOCALIZE[31031]</label>
						<onclick>Skin.ToggleSetting(HideMovieWatchedOverlays)</onclick>
						<selected>Skin.HasSetting(HideMovieWatchedOverlays)</selected>
					</control>
					<control type="radiobutton" id="502">
						<include>SettingsLabel</include>
						<label>$LOCALIZE[31032]</label>
						<onclick>Skin.ToggleSetting(HideTVWatchedOverlays)</onclick>
						<selected>Skin.HasSetting(HideTVWatchedOverlays)</selected>
					</control>
					<control type="radiobutton" id="503">
						<include>SettingsLabel</include>
						<label>$LOCALIZE[31448]</label>
						<onclick>Skin.ToggleSetting(Hide_Plot)</onclick>
						<selected>Skin.HasSetting(Hide_Plot)</selected>
					</control>
					<control type="radiobutton" id="504">
						<include>SettingsLabel</include>
						<label>$LOCALIZE[31402]</label>
						<onclick>Skin.ToggleSetting(Show_PlotOutline)</onclick>
						<selected>Skin.HasSetting(Show_PlotOutline)</selected>
						<visible>!Skin.HasSetting(Hide_Plot)</visible>
					</control>
					<control type="radiobutton" id="505">
						<include>SettingsLabel</include>
						<label>$LOCALIZE[31404]</label>
						<onclick>Skin.ToggleSetting(Hide_MediaFlags)</onclick>
						<selected>Skin.HasSetting(Hide_MediaFlags)</selected>
					</control>
					<control type="radiobutton" id="506">
						<include>SettingsLabel</include>
						<label>$LOCALIZE[31403]</label>
						<onclick>Skin.ToggleSetting(Hide_ExtraMediaFlags)</onclick>
						<selected>Skin.HasSetting(Hide_ExtraMediaFlags)</selected>
					</control>
					<control type="radiobutton" id="507">
						<include>SettingsLabel</include>
						<label>$LOCALIZE[31480]</label>
						<onclick>Skin.ToggleSetting(Show_IMDbMediaFlag)</onclick>
						<selected>Skin.HasSetting(Show_IMDbMediaFlag)</selected>
					</control>
					<control type="radiobutton" id="508">
						<include>SettingsLabel</include>
						<label>$LOCALIZE[31481]</label>
						<onclick>Skin.ToggleSetting(Show_VotesMediaFlagAlways)</onclick>
						<selected>Skin.HasSetting(Show_VotesMediaFlagAlways)</selected>
						<visible>Skin.HasSetting(Show_IMDbMediaFlag)</visible>
					</control>
					<control type="radiobutton" id="509">
						<include>SettingsLabel</include>
						<label>$LOCALIZE[31018]</label>
						<onclick>Skin.ToggleSetting(Show_MediaFlagUserRating)</onclick>
						<selected>Skin.HasSetting(Show_MediaFlagUserRating)</selected>
					</control>
					<control type="radiobutton" id="510">
						<include>SettingsLabel</include>
						<label>$LOCALIZE[31405]</label>
						<onclick>Skin.ToggleSetting(Hide_MovieTagline)</onclick>
						<selected>Skin.HasSetting(Hide_MovieTagline)</selected>
					</control>
					<control type="image" id="511">
						<include>Settings_Line</include>
					</control>
					<control type="radiobutton" id="512">
						<include>SettingsLabel</include>
						<label>$LOCALIZE[31399]</label>
						<onclick>Skin.ToggleSetting(GlobalFanartLight)</onclick>
						<selected>Skin.HasSetting(GlobalFanartLight)</selected>
					</control>
					<control type="radiobutton" id="513">
						<include>SettingsLabel</include>
						<label>$LOCALIZE[31406]</label>
						<onclick>Skin.ToggleSetting(NoSegmentedFanart)</onclick>
						<selected>Skin.HasSetting(NoSegmentedFanart)</selected>
					</control>
					<control type="radiobutton" id="514">
						<include>SettingsLabel</include>
						<label>$LOCALIZE[31422]</label>
						<onclick>Skin.ToggleSetting(LogoViewSingleItem)</onclick>
						<selected>Skin.HasSetting(LogoViewSingleItem)</selected>
					</control>
					<control type="button" id="515">
						<include>SettingsLabel</include>
						<onfocus condition="String.IsEmpty(Skin.String(BannerViewHeight))">Skin.SetString(BannerViewHeight,2)</onfocus>
						<label2>$INFO[Skin.String(BannerViewHeight)]</label2>
						<label>$LOCALIZE[31483]</label>
						<onclick condition="String.IsEqual(Skin.String(BannerViewHeight),2) | String.IsEmpty(Skin.String(BannerViewHeight))">Skin.SetString(BannerViewHeight,3)</onclick>
						<onclick condition="String.IsEqual(Skin.String(BannerViewHeight),3)">Skin.SetString(BannerViewHeight,4)</onclick>
						<onclick condition="String.IsEqual(Skin.String(BannerViewHeight),4)">Skin.SetString(BannerViewHeight,2)</onclick>
					</control>
					<control type="radiobutton" id="516">
						<include>SettingsLabel</include>
						<label>$LOCALIZE[31712]</label>
						<onclick>Skin.ToggleSetting(CropMVGalleryIcon)</onclick>
						<selected>Skin.HasSetting(CropMVGalleryIcon)</selected>
					</control>
				</control>

				<!-- View Types -->
				<control type="grouplist" id="9005">
					<visible>Container(9000).Hasfocus(5)</visible>
					<posx>0</posx>
					<posy>0</posy>
					<width>840</width>
					<height>418</height>
					<itemgap>0</itemgap>
					<scrolltime>0</scrolltime>
					<onleft>9000</onleft>
					<onright>9000</onright>
					<!-- View 905 -->
					<control type="radiobutton" id="601">
						<description>Low List</description>
						<include>SettingsLabel</include>
						<label>$LOCALIZE[31441] $LOCALIZE[418] $LOCALIZE[535]</label>
						<onclick>Skin.ToggleSetting(NoViewLowList)</onclick>
						<selected>Skin.HasSetting(NoViewLowList)</selected>
					</control>
					<!-- View 54 -->
					<control type="radiobutton" id="603">
						<description>Gallery</description>
						<include>SettingsLabel</include>
						<label>$LOCALIZE[31441] $LOCALIZE[31414]</label>
						<onclick>Skin.ToggleSetting(NoViewGallery)</onclick>
						<selected>Skin.HasSetting(NoViewGallery)</selected>
					</control>
					<!-- View 58 -->
					<control type="radiobutton" id="604">
						<description>Gallery Square</description>
						<include>SettingsLabel</include>
						<label>$LOCALIZE[31441] $LOCALIZE[31414] $LOCALIZE[31415]</label>
						<onclick>Skin.ToggleSetting(NoViewGallerySquare)</onclick>
						<selected>Skin.HasSetting(NoViewGallerySquare)</selected>
					</control>
					<!-- View 59 -->
					<control type="radiobutton" id="605">
						<description>Gallery Fanart</description>
						<include>SettingsLabel</include>
						<label>$LOCALIZE[31441] $LOCALIZE[31414] $LOCALIZE[20445]</label>
						<onclick>Skin.ToggleSetting(NoViewGalleryFanart)</onclick>
						<selected>Skin.HasSetting(NoViewGalleryFanart)</selected>
					</control>
					<!-- View 53 -->
					<control type="radiobutton" id="606">
						<description>Poster Fixed</description>
						<include>SettingsLabel</include>
						<label>$LOCALIZE[31441] $LOCALIZE[31283]</label>
						<onclick>Skin.ToggleSetting(NoViewPosterFixed)</onclick>
						<selected>Skin.HasSetting(NoViewPosterFixed)</selected>
					</control>
					<!-- View 57 -->
					<control type="radiobutton" id="607">
						<description>Poster Wrap</description>
						<include>SettingsLabel</include>
						<label>$LOCALIZE[31441] $LOCALIZE[31282]</label>
						<onclick>Skin.ToggleSetting(NoViewPosterWrap)</onclick>
						<selected>Skin.HasSetting(NoViewPosterWrap)</selected>
					</control>
					<!-- View 552 -->
					<control type="radiobutton" id="608">
						<description>Poster Large Fixed</description>
						<include>SettingsLabel</include>
						<label>$LOCALIZE[31441] $LOCALIZE[31479]</label>
						<onclick>Skin.ToggleSetting(NoViewPosterLargeFixed)</onclick>
						<selected>Skin.HasSetting(NoViewPosterLargeFixed)</selected>
					</control>
					<!-- View 551 -->
					<control type="radiobutton" id="609">
						<description>Poster Large Wrap</description>
						<include>SettingsLabel</include>
						<label>$LOCALIZE[31441] $LOCALIZE[31430]</label>
						<onclick>Skin.ToggleSetting(NoViewPosterLargeWrap)</onclick>
						<selected>Skin.HasSetting(NoViewPosterLargeWrap)</selected>
					</control>
					<!-- View 550 -->
					<control type="radiobutton" id="610">
						<description>Poster Fanart</description>
						<include>SettingsLabel</include>
						<label>$LOCALIZE[31441] $LOCALIZE[31424]</label>
						<onclick>Skin.ToggleSetting(NoViewPosterFanart)</onclick>
						<selected>Skin.HasSetting(NoViewPosterFanart)</selected>
					</control>
					<!-- View 504 -->
					<control type="radiobutton" id="611">
						<description>Fanart</description>
						<include>SettingsLabel</include>
						<label>$LOCALIZE[31441] $LOCALIZE[20445]</label>
						<onclick>Skin.ToggleSetting(NoViewFanart)</onclick>
						<selected>Skin.HasSetting(NoViewFanart)</selected>
					</control>
					<!-- View 509 -->
					<control type="radiobutton" id="612">
						<description>Fanart List</description>
						<include>SettingsLabel</include>
						<label>$LOCALIZE[31441] $LOCALIZE[20445] $LOCALIZE[535]</label>
						<onclick>Skin.ToggleSetting(NoViewListFanart)</onclick>
						<selected>Skin.HasSetting(NoViewListFanart)</selected>
					</control>
					<!-- View 511 -->
					<control type="radiobutton" id="613">
						<description>Banner</description>
						<include>SettingsLabel</include>
						<label>$LOCALIZE[31441] $LOCALIZE[31286]</label>
						<onclick>Skin.ToggleSetting(NoViewBanner)</onclick>
						<selected>Skin.HasSetting(NoViewBanner)</selected>
					</control>
					<!-- View 508 -->
					<control type="radiobutton" id="614">
						<description>Banner Fanart</description>
						<include>SettingsLabel</include>
						<label>$LOCALIZE[31441] $LOCALIZE[31442]</label>
						<onclick>Skin.ToggleSetting(NoViewBannerFanart)</onclick>
						<selected>Skin.HasSetting(NoViewBannerFanart)</selected>
					</control>
					<!-- View 510 -->
					<control type="radiobutton" id="615">
						<description>Banner Poster</description>
						<include>SettingsLabel</include>
						<label>$LOCALIZE[31441] $LOCALIZE[31439]</label>
						<onclick>Skin.ToggleSetting(NoViewBannerPoster)</onclick>
						<selected>Skin.HasSetting(NoViewBannerPoster)</selected>
					</control>
					<!-- View 52 -->
					<control type="radiobutton" id="616">
						<description>Landscape</description>
						<include>SettingsLabel</include>
						<label>$LOCALIZE[31441] $LOCALIZE[31291]</label>
						<onclick>Skin.ToggleSetting(NoViewLandscape)</onclick>
						<selected>Skin.HasSetting(NoViewLandscape)</selected>
					</control>
					<!-- View 56 -->
					<control type="radiobutton" id="617">
						<description>Logo</description>
						<include>SettingsLabel</include>
						<label>$LOCALIZE[31441] $LOCALIZE[31054]</label>
						<onclick>Skin.ToggleSetting(NoViewLogo)</onclick>
						<selected>Skin.HasSetting(NoViewLogo)</selected>
					</control>
					<!-- View 512 -->
					<control type="radiobutton" id="618">
						<description>Coverflow</description>
						<include>SettingsLabel</include>
						<label>$LOCALIZE[31441] $LOCALIZE[33031]</label>
						<onclick>Skin.ToggleSetting(NoViewCoverflow)</onclick>
						<selected>Skin.HasSetting(NoViewCoverflow)</selected>
					</control>
					<!-- View 500 -->
					<control type="radiobutton" id="619">
						<description>Picture Grid</description>
						<include>SettingsLabel</include>
						<label>$LOCALIZE[31441] $LOCALIZE[31293]</label>
						<onclick>Skin.ToggleSetting(NoViewPictureGrid)</onclick>
						<selected>Skin.HasSetting(NoViewPictureGrid)</selected>
					</control>
					<!-- View 559 -->
					<control type="radiobutton" id="620">
						<description>Panel Square</description>
						<include>SettingsLabel</include>
						<label>$LOCALIZE[31441] $LOCALIZE[31298]</label>
						<onclick>Skin.ToggleSetting(NoViewPanelSquare)</onclick>
						<selected>Skin.HasSetting(NoViewPanelSquare)</selected>
					</control>
					<!-- View 501 -->
					<control type="radiobutton" id="621">
						<description>Tall Genre</description>
						<include>SettingsLabel</include>
						<label>$LOCALIZE[31441] $LOCALIZE[31416]</label>
						<onclick>Skin.ToggleSetting(NoViewTallGenre)</onclick>
						<selected>Skin.HasSetting(NoViewTallGenre)</selected>
					</control>
					<!-- View 950 -->
					<control type="radiobutton" id="622">
						<description>Games</description>
						<include>SettingsLabel</include>
						<label>$LOCALIZE[31441] $LOCALIZE[31460]</label>
						<onclick>Skin.ToggleSetting(NoViewGames)</onclick>
						<selected>Skin.HasSetting(NoViewGames)</selected>
						<visible>System.HasAddon(plugin.program.advanced.launcher)</visible>
					</control>
				</control>

				<!-- Scripts/Extras -->
				<control type="grouplist" id="9006">
					<visible>Container(9000).Hasfocus(6)</visible>
					<posx>0</posx>
					<posy>0</posy>
					<width>840</width>
					<height>418</height>
					<itemgap>0</itemgap>
					<scrolltime>0</scrolltime>
					<onleft>9000</onleft>
					<onright>9000</onright>
					<control type="button" id="701">
						<include>SettingsLabel</include>
						<width>370</width>
						<label>$LOCALIZE[31319]</label>
						<label2>$INFO[System.AddonTitle(Skin.String(LyricPath))]</label2>
						<onclick>Skin.SetAddon(LyricPath,xbmc.python.lyrics)</onclick>
					</control>
					<control type="image" id="702">
						<include>Settings_Line</include>
					</control>
					<control type="button" id="703">
						<include>SettingsLabel</include>
						<label>$LOCALIZE[31126]</label>
						<onclick>RunScript(script.artwork.downloader, mode=custom, mediatype=tvshow, seasonposter, landscape, clearart, clearlogo, characterart)</onclick>
						<visible>System.HasAddon(script.artwork.downloader)</visible>
					</control>
					<control type="button" id="704">
						<include>SettingsLabel</include>
						<label>$LOCALIZE[31126] [[UPPERCASE]$LOCALIZE[31482][/UPPERCASE]]</label>
						<onclick>InstallAddon(script.artwork.downloader)</onclick>
						<visible>!System.HasAddon(script.artwork.downloader)</visible>
					</control>
					<control type="radiobutton" id="705">
						<include>SettingsLabel</include>
						<label>$LOCALIZE[31410]</label>
						<onclick>Skin.ToggleSetting(ViewPreferLandscape)</onclick>
						<selected>Skin.HasSetting(ViewPreferLandscape)</selected>
					</control>
					<control type="radiobutton" id="706">
						<include>SettingsLabel</include>
						<label>$LOCALIZE[31470]</label>
						<onclick>Skin.ToggleSetting(ViewPreferClearLogo)</onclick>
						<selected>Skin.HasSetting(ViewPreferClearLogo)</selected>
					</control>
					<control type="radiobutton" id="707">
						<include>SettingsLabel</include>
						<label>$LOCALIZE[31421]</label>
						<onclick>Skin.ToggleSetting(Enable_OSDClearArt)</onclick>
						<selected>Skin.HasSetting(Enable_OSDClearArt)</selected>
					</control>
					<control type="radiobutton" id="708">
						<include>SettingsLabel</include>
						<label>$LOCALIZE[31332]</label>
						<onclick>Skin.ToggleSetting(SkinHelper.EnableExtraFanart)</onclick>
						<selected>Skin.HasSetting(SkinHelper.EnableExtraFanart)</selected>
					</control>
					<control type="image" id="709">
						<include>Settings_Line</include>
					</control>
					<control type="button" id="710">
						<include>SettingsLabel</include>
						<onfocus condition="String.IsEmpty(Skin.String(OSDFade))">Skin.SetString(OSDFade,Disabled)</onfocus>
						<label2>$INFO[Skin.String(OSDFade)]</label2>
						<label>$LOCALIZE[31476]</label>
						<onclick condition="String.IsEqual(Skin.String(OSDFade),Disabled) | String.IsEmpty(Skin.String(OSDFade))">Skin.SetString(OSDFade,Partial)</onclick>
						<onclick condition="String.IsEqual(Skin.String(OSDFade),Partial)">Skin.SetString(OSDFade,Complete)</onclick>
						<onclick condition="String.IsEqual(Skin.String(OSDFade),Complete)">Skin.SetString(OSDFade,Disabled)</onclick>
					</control>
					<control type="button" id="711">
						<include>SettingsLabel</include>
						<onfocus condition="String.IsEmpty(Skin.String(OSDFadeTime))">Skin.SetString(OSDFadeTime,15)</onfocus>
						<label2>$INFO[Skin.String(OSDFadeTime),, s]</label2>
						<label>$LOCALIZE[31477]</label>
						<onclick condition="String.IsEqual(Skin.String(OSDFadeTime),30) | String.IsEmpty(Skin.String(OSDFadeTime))">Skin.SetString(OSDFadeTime,5)</onclick>
						<onclick condition="String.IsEqual(Skin.String(OSDFadeTime),5)">Skin.SetString(OSDFadeTime,10)</onclick>
						<onclick condition="String.IsEqual(Skin.String(OSDFadeTime),10)">Skin.SetString(OSDFadeTime,15)</onclick>
						<onclick condition="String.IsEqual(Skin.String(OSDFadeTime),15)">Skin.SetString(OSDFadeTime,20)</onclick>
						<onclick condition="String.IsEqual(Skin.String(OSDFadeTime),20)">Skin.SetString(OSDFadeTime,25)</onclick>
						<onclick condition="String.IsEqual(Skin.String(OSDFadeTime),25)">Skin.SetString(OSDFadeTime,30)</onclick>
						<visible>![String.IsEqual(Skin.String(OSDFade),Disabled) | String.IsEmpty(Skin.String(OSDFade))]</visible>
					</control>
					<control type="image" id="712">
						<include>Settings_Line</include>
					</control>
					<control type="radiobutton" id="713">
						<include>SettingsLabel</include>
						<label>$LOCALIZE[31426]</label>
						<onclick>Skin.ToggleSetting(NextAired)</onclick>
						<selected>Skin.HasSetting(NextAired)</selected>
						<visible>System.HasAddon(script.tv.show.next.aired)</visible>
					</control>
					<control type="button" id="714">
						<include>SettingsLabel</include>
						<label>$LOCALIZE[31426] [[UPPERCASE]$LOCALIZE[31482][/UPPERCASE]]</label>
						<onclick>InstallAddon(script.tv.show.next.aired)</onclick>
						<visible>!System.HasAddon(script.tv.show.next.aired)</visible>
					</control>
				</control>

				<!-- Video Settings -->
				<control type="grouplist" id="9011">
					<visible>Container(9000).Hasfocus(7)</visible>
					<posx>0</posx>
					<posy>0</posy>
					<width>840</width>
					<height>418</height>
					<itemgap>0</itemgap>
					<scrolltime>0</scrolltime>
					<onleft>9000</onleft>
					<onright>9000</onright>
					<control type="radiobutton" id="801">
						<include>SettingsLabel</include>
						<label>$LOCALIZE[31033]</label>
						<onclick>Skin.ToggleSetting(HideVideoFanart)</onclick>
						<selected>Skin.HasSetting(HideVideoFanart)</selected>
					</control>
					<control type="radiobutton" id="802">
						<include>SettingsLabel</include>
						<label>$LOCALIZE[31429]</label>
						<onclick>Skin.ToggleSetting(ShowVideoPath)</onclick>
						<selected>Skin.HasSetting(ShowVideoPath)</selected>
					</control>
					<control type="radiobutton" id="803">
						<include>SettingsLabel</include>
						<label>$LOCALIZE[31464]</label>
						<onclick>Skin.ToggleSetting(ShowVideoPlotFullscreen)</onclick>
						<selected>Skin.HasSetting(ShowVideoPlotFullscreen)</selected>
					</control>
					<control type="radiobutton" id="804">
						<include>SettingsLabel</include>
						<label>$LOCALIZE[31436]</label>
						<onclick>Skin.ToggleSetting(Slim_Seekbar)</onclick>
						<selected>Skin.HasSetting(Slim_Seekbar)</selected>
					</control>
					<control type="radiobutton" id="805">
						<include>SettingsLabel</include>
						<label>$LOCALIZE[31474]</label>
						<onclick>Skin.ToggleSetting(OneButtonSubtitles)</onclick>
						<onclick>Skin.SetString(DefaultOSD,714)</onclick>
						<selected>Skin.HasSetting(OneButtonSubtitles)</selected>
					</control>
					<control type="label" id="806">
						<posx>0</posx>
						<posy>0</posy>
						<width>775</width>
						<height>30</height>
						<align>left</align>
						<aligny>center</aligny>
						<include>SettingsLabel</include>
						<label>$LOCALIZE[31475]</label>
						<visible>!Skin.HasSetting(OneButtonSubtitles)</visible>
					</control>
					<control type="grouplist" id="807">
						<left>0</left>
						<top>0</top>
						<width>780</width>
						<height>70</height>
						<itemgap>0</itemgap>
						<orientation>horizontal</orientation>
						<onleft>9000</onleft>
						<onright>9000</onright>
						<onup>9006</onup>
						<ondown>9006</ondown>
						<visible>!Skin.HasSetting(OneButtonSubtitles)</visible>
						<control type="image" id="808">
							<height>60</height>
							<width>60</width>
							<texture>Blank.png</texture>
						</control>
						<control type="button" id="809">
							<description>Playlists</description>
							<include>Animation_ButtonFocus</include>
							<height>60</height>
							<width>60</width>
							<texturefocus>osd/osd_button_playlist_fo.png</texturefocus>
							<texturenofocus>osd/osd_button_playlist_nf.png</texturenofocus>
							<include condition="String.Contains(Skin.String(DefaultOSD),711)">OSDdiffuse</include>
							<onclick>Skin.SetString(DefaultOSD,711)</onclick>
						</control>
						<control type="button" id="810">
							<description>Bookmarks</description>
							<include>Animation_ButtonFocus</include>
							<height>60</height>
							<width>60</width>
							<texturefocus>osd/osd_button_book_fo.png</texturefocus>
							<texturenofocus>osd/osd_button_book_nf.png</texturenofocus>
							<include condition="String.Contains(Skin.String(DefaultOSD),712)">OSDdiffuse</include>
							<onclick>Skin.SetString(DefaultOSD,712)</onclick>
						</control>
						<control type="button" id="811">
							<description>OSD Subtitles</description>
							<include>Animation_ButtonFocus</include>
							<height>60</height>
							<width>60</width>
							<texturefocus>osd/osd_button_sub_fo.png</texturefocus>
							<texturenofocus>osd/osd_button_sub_nf.png</texturenofocus>
							<include condition="String.Contains(Skin.String(DefaultOSD),714)">OSDdiffuse</include>
							<onclick>Skin.SetString(DefaultOSD,714)</onclick>
						</control>
						<control type="button" id="812">
							<description>Previous</description>
							<include>Animation_ButtonFocus</include>
							<height>60</height>
							<width>60</width>
							<texturefocus>osd/osd_button_prev_fo.png</texturefocus>
							<texturenofocus>osd/osd_button_prev_nf.png</texturenofocus>
							<include condition="String.Contains(Skin.String(DefaultOSD),79)">OSDdiffuse</include>
							<onclick>Skin.SetString(DefaultOSD,79)</onclick>
						</control>
						<control type="button" id="813">
							<description>Rewind</description>
							<include>Animation_ButtonFocus</include>
							<height>60</height>
							<width>60</width>
							<texturefocus>osd/osd_button_rew_fo.png</texturefocus>
							<texturenofocus>osd/osd_button_rew_nf.png</texturenofocus>
							<include condition="String.Contains(Skin.String(DefaultOSD),73)">OSDdiffuse</include>
							<onclick>Skin.SetString(DefaultOSD,73)</onclick>
						</control>
						<control type="button" id="814">
							<description>Stop</description>
							<include>Animation_ButtonFocus</include>
							<height>60</height>
							<width>60</width>
							<texturefocus>osd/osd_button_stop_fo.png</texturefocus>
							<texturenofocus>osd/osd_button_stop_nf.png</texturenofocus>
							<include condition="String.Contains(Skin.String(DefaultOSD),75)">OSDdiffuse</include>
							<onclick>Skin.SetString(DefaultOSD,75)</onclick>
						</control>
						<control type="button" id="815">
							<description>Play</description>
							<include>Animation_ButtonFocus</include>
							<height>60</height>
							<width>60</width>
							<texturefocus>osd/osd_button_pause_fo.png</texturefocus>
							<texturenofocus>osd/osd_button_pause_nf.png</texturenofocus>
							<include condition="String.Contains(Skin.String(DefaultOSD),74)">OSDdiffuse</include>
							<onclick>Skin.SetString(DefaultOSD,74)</onclick>
						</control>
						<control type="button" id="816">
							<description>Forward</description>
							<include>Animation_ButtonFocus</include>
							<height>60</height>
							<width>60</width>
							<texturefocus>osd/osd_button_ff_fo.png</texturefocus>
							<texturenofocus>osd/osd_button_ff_nf.png</texturenofocus>
							<include condition="String.Contains(Skin.String(DefaultOSD),76)">OSDdiffuse</include>
							<onclick>Skin.SetString(DefaultOSD,76)</onclick>
						</control>
						<control type="button" id="817">
							<description>Next</description>
							<include>Animation_ButtonFocus</include>
							<height>60</height>
							<width>60</width>
							<texturefocus>osd/osd_button_next_fo.png</texturefocus>
							<texturenofocus>osd/osd_button_next_nf.png</texturenofocus>
							<include condition="String.Contains(Skin.String(DefaultOSD),710)">OSDdiffuse</include>
							<onclick>Skin.SetString(DefaultOSD,710)</onclick>
						</control>
						<control type="button" id="818">
							<description>Repeat</description>
							<include>Animation_ButtonFocus</include>
							<height>60</height>
							<width>60</width>
							<texturefocus>osd/osd_button_repeat_fo.png</texturefocus>
							<texturenofocus>osd/osd_button_repeat_nf.png</texturenofocus>
							<include condition="String.Contains(Skin.String(DefaultOSD),801)">OSDdiffuse</include>
							<onclick>Skin.SetString(DefaultOSD,801)</onclick>
						</control>
						<control type="button" id="819">
							<description>Video Settings</description>
							<include>Animation_ButtonFocus</include>
							<height>60</height>
							<width>60</width>
							<texturefocus>osd/osd_button_settings_fo.png</texturefocus>
							<texturenofocus>osd/osd_button_settings_nf.png</texturenofocus>
							<include condition="String.Contains(Skin.String(DefaultOSD),713)">OSDdiffuse</include>
							<onclick>Skin.SetString(DefaultOSD,713)</onclick>
						</control>
						<control type="button" id="820">
							<description>Audio Settings</description>
							<include>Animation_ButtonFocus</include>
							<height>60</height>
							<width>60</width>
							<texturefocus>osd/osd_button_audio_fo.png</texturefocus>
							<texturenofocus>osd/osd_button_audio_nf.png</texturenofocus>
							<include condition="String.Contains(Skin.String(DefaultOSD),800)">OSDdiffuse</include>
							<onclick>Skin.SetString(DefaultOSD,800)</onclick>
						</control>
					</control>
				</control>

				<!-- Music Settings -->
				<control type="grouplist" id="9009">
					<visible>Container(9000).Hasfocus(8)</visible>
					<posx>0</posx>
					<posy>0</posy>
					<width>840</width>
					<height>418</height>
					<itemgap>0</itemgap>
					<scrolltime>0</scrolltime>
					<onleft>9000</onleft>
					<onright>9000</onright>
					<control type="radiobutton" id="901">
						<include>SettingsLabel</include>
						<label>$LOCALIZE[31033]</label>
						<onclick>Skin.ToggleSetting(HideMusicFanart)</onclick>
						<selected>Skin.HasSetting(HideMusicFanart)</selected>
					</control>
					<control type="radiobutton" id="902">
						<include>SettingsLabel</include>
						<label>$LOCALIZE[31429]</label>
						<onclick>Skin.ToggleSetting(ShowAudioPath)</onclick>
						<selected>Skin.HasSetting(ShowAudioPath)</selected>
					</control>
					<control type="image" id="903">
						<include>Settings_Line</include>
					</control>
					<control type="radiobutton" id="904">
						<include>SettingsLabel</include>
						<label>$LOCALIZE[31057]</label>
						<onclick>Skin.ToggleSetting(MusicSongInfoOverlay)</onclick>
						<selected>Skin.HasSetting(MusicSongInfoOverlay)</selected>
					</control>
					<control type="image" id="905">
						<include>Settings_Line</include>
					</control>
					<control type="radiobutton" id="906">
						<include>SettingsLabel</include>
						<label>$LOCALIZE[31452]</label>
						<onclick>Skin.ToggleSetting(SlimMusicInfo)</onclick>
						<selected>Skin.HasSetting(SlimMusicInfo)</selected>
					</control>
					<control type="radiobutton" id="907">
						<include>SettingsLabel</include>
						<label>$LOCALIZE[31454]</label>
						<onclick>Skin.ToggleSetting(ShowMusicTime)</onclick>
						<selected>Skin.HasSetting(ShowMusicTime)</selected>
					</control>
					<control type="radiobutton" id="908">
						<include>SettingsLabel</include>
						<label>$LOCALIZE[31455]</label>
						<onclick>Skin.ToggleSetting(HideVisClock)</onclick>
						<selected>Skin.HasSetting(HideVisClock)</selected>
					</control>
					<control type="radiobutton" id="909">
						<include>SettingsLabel</include>
						<label>$LOCALIZE[31433]</label>
						<onclick>Skin.Reset(VisBgArtistSlideshow)</onclick>
						<onclick>Skin.Reset(VisBgExtraFanart)</onclick>
						<onclick>Skin.ToggleSetting(VisBgFanart)</onclick>
						<selected>Skin.HasSetting(VisBgFanart)</selected>
					</control>
					<control type="radiobutton" id="910">
						<include>SettingsLabel</include>
						<label>$LOCALIZE[31434]</label>
						<onclick>Skin.Reset(VisBgArtistSlideshow)</onclick>
						<onclick>Skin.Reset(VisBgFanart)</onclick>
						<onclick>Skin.ToggleSetting(VisBgExtraFanart)</onclick>
						<selected>Skin.HasSetting(VisBgExtraFanart)</selected>
					</control>
					<control type="radiobutton" id="911">
						<include>SettingsLabel</include>
						<label>$LOCALIZE[31435]</label>
						<onclick>Skin.Reset(VisBgFanart)</onclick>
						<onclick>Skin.Reset(VisBgExtraFanart)</onclick>
						<onclick>Skin.ToggleSetting(VisBgArtistSlideshow)</onclick>
						<selected>Skin.HasSetting(VisBgArtistSlideshow)</selected>
						<visible>System.HasAddon(script.artistslideshow)</visible>
					</control>
					<control type="button" id="912">
						<include>SettingsLabel</include>
						<label>$LOCALIZE[31435] [[UPPERCASE]$LOCALIZE[31482][/UPPERCASE]]</label>
						<onclick>InstallAddon(script.artistslideshow)</onclick>
						<visible>!System.HasAddon(script.artistslideshow)</visible>
					</control>
					<control type="radiobutton" id="913">
						<include>SettingsLabel</include>
						<label>$LOCALIZE[31432]</label>
						<onclick>Skin.ToggleSetting(VisBgKenBurns)</onclick>
						<selected>Skin.HasSetting(VisBgKenBurns)</selected>
						<visible>Skin.HasSetting(VisBgFanart) | Skin.HasSetting(VisBgExtraFanart) | Skin.HasSetting(VisBgArtistSlideshow)</visible>
					</control>
				</control>

				<!-- Picture Settings -->
				<control type="grouplist" id="9013">
					<visible>Container(9000).Hasfocus(11)</visible>
					<posx>0</posx>
					<posy>0</posy>
					<width>840</width>
					<height>418</height>
					<itemgap>0</itemgap>
					<scrolltime>0</scrolltime>
					<onleft>9000</onleft>
					<onright>9000</onright>
					<control type="radiobutton" id="301">
						<include>SettingsLabel</include>
						<label>$LOCALIZE[31033]</label>
						<onclick>Skin.ToggleSetting(HidePictureFanart)</onclick>
						<selected>Skin.HasSetting(HidePictureFanart)</selected>
					</control>
				</control>

				<!-- Debug -->
				<control type="grouplist" id="9008">
					<visible>Container(9000).Hasfocus(9)</visible>
					<posx>0</posx>
					<posy>0</posy>
					<width>840</width>
					<height>418</height>
					<itemgap>0</itemgap>
					<scrolltime>0</scrolltime>
					<onleft>9000</onleft>
					<onright>9000</onright>
					<control type="radiobutton" id="1001">
						<include>SettingsLabel</include>
						<label>$LOCALIZE[31108]</label>
						<onclick>Skin.ToggleSetting(DebugMode)</onclick>
						<onclick>Skin.ToggleDebug</onclick>
						<selected>Skin.HasSetting(DebugMode)</selected>
					</control>
					<control type="radiobutton" id="1002">
						<include>SettingsLabel</include>
						<label>$LOCALIZE[31109]</label>
						<onclick>Skin.ToggleSetting(DebugGrid)</onclick>
						<onclick>ReloadSkin()</onclick>
						<selected>Skin.HasSetting(DebugGrid)</selected>
					</control>
					<control type="image" id="1003">
						<include>Settings_Line</include>
					</control>
					<control type="button" id="1004">
						<include>SettingsLabel</include>
						<label>$LOCALIZE[31431]</label>
						<onclick>Skin.ResetSettings</onclick>
						<onclick>ReloadSkin()</onclick>
					</control>
				</control>
			</control>
			<control type="image">
				<include>Animation_CommonFadeNoHide</include>
				<posx>848</posx>
				<posy>76</posy>
				<height>24</height>
				<width>24</width>
				<texture>Arrow2Up.png</texture>
				<visible>[Container(9000).Hasfocus(2) + Container(9002).HasPrevious] | [Container(9000).Hasfocus(5) + Container(9005).HasPrevious] | [Container(9000).Hasfocus(3) + Container(9007).HasPrevious] | [Container(9000).Hasfocus(6) + Container(9006).HasPrevious]</visible>
			</control>
			<control type="image">
				<include>Animation_CommonFadeNoHide</include>
				<posx>848</posx>
				<posy>518</posy>
				<height>24</height>
				<width>24</width>
				<texture>Arrow2Down.png</texture>
				<visible>[Container(9000).Hasfocus(2) + Container(9002).HasNext] | [Container(9000).Hasfocus(5) + Container(9005).HasNext] | [Container(9000).Hasfocus(3) + Container(9007).HasPrevious] | [Container(9000).Hasfocus(6) + Container(9006).HasPrevious]</visible>
			</control>
		</control>
		<include>Global_ContextFilter</include>
		<include>Global_Weather</include>
		<include>Global_Time</include>
		<include>Global_MediaOverlay</include>
		<include>Setting_Heading</include>
		<include condition="Skin.HasSetting(DebugGrid)">Object_DebugGrid</include>
	</controls>
</window>
