<?xml version='1.0' encoding='UTF-8'?>
<shortcuts>
	<shortcut>
		<label>قائمة البرامج</label>
		<label2>32021</label2>
		<defaultID>arabic1</defaultID>
		<action>AAAAActivateWindow(Videos,plugin://plugin.video.arabicvideos,return)</action>
		<icon>home_icons/arabic.png</icon>
	</shortcut>
	<shortcut>
		<label>قائمة ألإعدادات</label>
		<label2>32021</label2>
		<defaultID>arabic2</defaultID>
		<action>AAAAActivateWindow(Videos,plugin://plugin.video.arabicvideos,return)</action>
		<icon>home_icons/arabic.png</icon>
	</shortcut>
	<shortcut>
		<label>الفيديوهات العربية</label>
		<label2>32021</label2>
		<defaultID>arabic0</defaultID>
		<action>ActivateWindow(Videos,plugin://plugin.video.arabicvideos,return)</action>
		<icon>home_icons/arabic.png</icon>
	</shortcut>
	<shortcut>
		<label>Arabic Videos</label>
		<label2>32021</label2>
		<defaultID>arabic0</defaultID>
		<action>ActivateWindow(Videos,plugin://plugin.video.arabicvideos,return)</action>
		<icon>home_icons/arabic.png</icon>
	</shortcut>
	<shortcut>
		<label>1036</label>
		<label2>32034</label2>
		<defaultID>favourites</defaultID>
		<action>ActivateWindow(favourites)</action>
		<icon>home_icons/favourites.png</icon>
	</shortcut>
	<shortcut>
		<label>13005</label>
		<label2>32034</label2>
		<action>AAAAShutDown</action>
		<defaultID>shutdown</defaultID>
		<icon>home_icons/shutdown.png</icon>
	</shortcut>
	<shortcut>
		<label>10004</label>
		<label2>32034</label2>
		<defaultID>settings</defaultID>
		<action>AAAAActivateWindow(Settings)</action>
		<icon>home_icons/settings.png</icon>
	</shortcut>
	<shortcut>
		<label>10001</label>
		<label2>32034</label2>
		<action>AAAAActivateWindow(Programs,Addons,return)</action>
		<defaultID>programs</defaultID>
		<icon>home_icons/programs.png</icon>
	</shortcut>
	<shortcut>
		<label>24001</label>
		<label2>32034</label2>
		<defaultID>addons</defaultID>
		<action>AAAAActivateWindow(AddonBrowser)</action>
		<icon />
	</shortcut>
	<shortcut>
		<label>3</label>
		<label2>32034</label2>
		<defaultID>videos</defaultID>
		<action>AAAAActivateWindow(Videos)</action>
		<icon>home_icons/videos.png</icon>
	</shortcut>
	<shortcut>
		<label>32032</label>
		<label2>32034</label2>
		<defaultID>dvd</defaultID>
		<action>AAAAXBMC.PlayDVD()</action>
		<icon>home_icons/playdisc.png</icon>
	</shortcut>
	<shortcut>
		<label>342</label>
		<label2>32034</label2>
		<defaultID>movies</defaultID>
		<action>AAAAActivateWindow(Videos,MovieTitles,return)</action>
		<icon>home_icons/movies.png</icon>
	</shortcut>	
	<shortcut>
		<label>20343</label>
		<label2>32034</label2>
		<defaultID>tvshows</defaultID>
		<action>AAAAActivateWindow(Videos,TVShowTitles,return)</action>
		<icon>home_icons/tvshows.png</icon>
	</shortcut>
	<shortcut>
		<label>32022</label>
		<label2>32034</label2>
		<defaultID>livetv</defaultID>
		<action>AAAAActivateWindow(TVChannels)</action>
		<icon>home_icons/livetv.png</icon>
	</shortcut>
	<shortcut>
		<label>2</label>
		<label2>32034</label2>
		<defaultID>music</defaultID>
		<action>AAAAActivateWindow(Music)</action>
		<icon>home_icons/music.png</icon>
	</shortcut>
	<shortcut>
		<label>20389</label>
		<label2>32034</label2>
		<defaultID>musicvideos</defaultID>
		<action>AAAAActivateWindow(Videos,MusicVideoTitles,return)</action>
		<icon>home_icons/musicvideos.png</icon>
	</shortcut>
	<shortcut>
		<label>10002</label>
		<label2>32034</label2>
		<defaultID>pictures</defaultID>
		<action>AAAAActivateWindow(Pictures)</action>
		<icon>home_icons/pictures.png</icon>
	</shortcut>
	<shortcut>
		<label>12600</label>
		<label2>32034</label2>
		<defaultID>weather</defaultID>
		<action>ActivateWindow(Weather)</action>
		<icon>home_icons/weather.png</icon>
	</shortcut>
	<shortcut>
		<label>137</label>
		<label2>32034</label2>
		<defaultID>search</defaultID>
		<action>AAAARunScript(script.globalsearch)</action>
		<icon>home_icons/search.png</icon>
		<visible>System.HasAddon(script.globalsearch)</visible>
	</shortcut>
	<shortcut>
		<label>31334</label>
		<label2>32034</label2>
		<action>ActivateWindow(Videos,plugin://plugin.video.itunes_trailers,return)</action>
		<defaultID>trailers</defaultID>
		<visible>System.HasAddon(plugin.video.itunes_trailers)</visible>
		<icon>home_icons/trailers.png</icon>
	</shortcut>
	<shortcut>
		<label>32087</label>
		<label2>32034</label2>
		<action>AAAAActivateWindow(RadioChannels)</action>
		<defaultID>radio</defaultID>
		<icon>home_icons/radio.png</icon>
	</shortcut>
	<shortcut>
		<label>15016</label>
		<label2>32034</label2>
		<icon>home_icons/games.png</icon>
		<action>AAAAActivateWindow(Games,files,return)</action>
		<visible>System.GetBool(gamesgeneral.enable)</visible>
		<defaultID>games</defaultID>
	</shortcut>
</shortcuts>
