<?xml version="1.0" encoding="UTF-8"?>
<window type="dialog" id="1131">
	<defaultcontrol>10</defaultcontrol>
	<controls>
		<include>fade_screen_grey</include>
		<control type="group">
			<posy>400</posy>
			<posx>400</posx>
			<include>dialog_zoom_animation</include>
			<include>ok_dialog</include>
			<control type="label">
				<description>heading label</description>
				<posx>0</posx>
				<posy>20</posy>
				<width>1120</width>
				<height>45</height>
				<align>center</align>
				<aligny>center</aligny>
				<font>font-30</font>
				<textcolor>white</textcolor>
				<label>[B]$INFO[Skin.String(dialog_header)][/B]</label>
			</control>
			
			<control type="grouplist" id="9000">
				<posx>0</posx>
				<posy>250</posy>
				<width>1120</width>
				<height>60</height>
				<align>center</align>
				<itemgap>20</itemgap>
				<orientation>horizontal</orientation>
				<onleft>9000</onleft>
				<onright>9000</onright>
				<onup>9000</onup>
				<ondown>9000</ondown>
				<control type="button" id="10">
					<description>Yes button</description>
					<width>300</width>
					<height>52</height>
					<label>107</label>
					<font>font-24</font>
					<focusedcolor>white</focusedcolor>
					<texturefocus colordiffuse="$VAR[main_color]">white.png</texturefocus>
					<texturenofocus>-</texturenofocus>
					<include>button_dialogs</include>
					<align>center</align>
					<onclick>Close</onclick>
					<onclick>$INFO[Skin.String(dialog_action)]</onclick>
				</control>
				<control type="button" id="11">
					<description>No button</description>
					<width>300</width>
					<height>52</height>
					<label>106</label>
					<font>font-24</font>
					<focusedcolor>white</focusedcolor>
					<texturefocus colordiffuse="$VAR[main_color]">white.png</texturefocus>
					<texturenofocus>-</texturenofocus>
					<include>button_dialogs</include>
					<align>center</align>
					<onclick>Close</onclick>
				</control>
			</control>
			<control type="textbox" id="100">
				<posx>10</posx>
				<posy>90</posy>
				<width>1100</width>
				<height>205</height>
				<align>center</align>
				<font>font-20</font>
				<textcolor>grey_b</textcolor>
				<autoscroll time="2000" delay="8000" repeat="5000">!Skin.HasSetting(AutoScroll)</autoscroll>
				<label>$INFO[Skin.String(dialog_msg)]</label>
			</control>
		</control>
	</controls>
</window>