<?xml version="1.0" encoding="UTF-8"?>
<window>
	<defaultcontrol always="true">8</defaultcontrol>
	<backgroundcolor>orange_1</backgroundcolor>
	<controls>
		<control type="image">
			<posx>0</posx>
			<posy>0</posy>
			<width>1920</width>
			<height>1080</height>
			<texture background="true">$INFO[ListItem.Art(fanart)]</texture>
		</control>
		<include>fade_screen_grey</include>
		<control type="group">
			<posx>160</posx>
			<posy>80</posy>
			<include>dialog_zoom_animation</include>
			<include content="big_dialog">
				<param name="width" value="1600" />
			</include>
			<control type="label">
				<description>heading label</description>
				<posx>0</posx>
				<posy>20</posy>
				<width>1600</width>
				<height>45</height>
				<align>center</align>
				<aligny>center</aligny>
				<font>font-30</font>
				<label>$INFO[ListItem.Title]</label>
				<textcolor>white</textcolor>
			</control>
			<!-- Info line -->
			<control type="label">
				<left>0</left>
				<top>90</top>
				<width>1600</width>
				<height>52</height>
				<font>font-20</font>
				<align>center</align>
				<aligny>center</aligny>
				<scroll>false</scroll>
				<textcolor>grey_b</textcolor>
				<label>[B]$INFO[Listitem.OriginalTitle][/B]</label>
				<visible>!StringCompare(ListItem.OriginalTitle,ListItem.Title) + !IsEmpty(ListItem.OriginalTitle) + [!Container.Content(Episodes) | IsEmpty(ListItem.TVShowTitle)]</visible>
			</control>
			<control type="label">
				<left>0</left>
				<top>90</top>
				<width>1600</width>
				<height>52</height>
				<font>font-20</font>
				<align>center</align>
				<aligny>center</aligny>
				<scroll>false</scroll>
				<textcolor>grey_b</textcolor>
				<label>[B]$INFO[Listitem.TVShowTitle][/B]</label>
				<visible>!IsEmpty(ListItem.TVShowTitle) + Container.Content(Episodes)</visible>
			</control>

			<!-- side bar -->
			<control type="image">
				<description>background image</description>
				<posx>0</posx>
				<posy>140</posy>
				<width>400</width>
				<height>740</height>
				<animation effect="slide" end="1200" time="0" condition="StringCompare(System.Language,Hebrew) | Skin.HasSetting(Prefer_RTL)">Conditional</animation>
				<texture background="true" flipy="true">dialogs/long_grey.png</texture>
			</control>
						<control type="image">
				<left>400</left>
				<top>140</top>
				<width>30</width>
				<height>740</height>
				<texture>shadow_vertical.png</texture>
				<visible>!StringCompare(System.Language,Hebrew) + !Skin.HasSetting(Prefer_RTL)</visible>
			</control>
			<control type="image">
				<left>1170</left>
				<top>140</top>
				<width>30</width>
				<height>740</height>
				<texture flipx="true">shadow_vertical.png</texture>
				<visible>StringCompare(System.Language,Hebrew) | Skin.HasSetting(Prefer_RTL)</visible>
			</control>

			<control type="grouplist">
				<posx>420</posx>
				<animation effect="slide" end="-400" time="0" condition="StringCompare(System.Language,Hebrew) | Skin.HasSetting(Prefer_RTL)">Conditional</animation>
				<posy>160</posy>
				<usecontrolcoords>true</usecontrolcoords>
				<width>1160</width>
				<height>288</height>
				<itemgap>29</itemgap>
				<orientation>vertical</orientation>
				<control type="group">
					<visible>!IsEmpty(ListItem.Director)</visible>
					<include content="dialogvideoinfo_label" condition="StringCompare(System.Language,Hebrew) | Skin.HasSetting(Prefer_RTL)">
						<param name="posx1" value="1160" />
						<param name="width1" value="120" />
						<param name="label1" value="$LOCALIZE[20339]:" />
						<param name="posx2" value="1040" />
						<param name="width2" value="1040" />
						<param name="label2" value="$INFO[ListItem.Director]" />
					</include>
					<include content="dialogvideoinfo_label" condition="!StringCompare(System.Language,Hebrew) + !Skin.HasSetting(Prefer_RTL)">
						<param name="posx1" value="0" />
						<param name="width1" value="120" />
						<param name="label1" value="$LOCALIZE[20339]:" />
						<param name="posx2" value="150" />
						<param name="width2" value="1010" />
						<param name="label2" value="$INFO[ListItem.Director]" />
					</include>
				</control>
				<control type="group">
					<visible>!IsEmpty(ListItem.Writer)</visible>
					<include content="dialogvideoinfo_label" condition="StringCompare(System.Language,Hebrew) | Skin.HasSetting(Prefer_RTL)">
						<param name="posx1" value="1160" />
						<param name="width1" value="120" />
						<param name="label1" value="$LOCALIZE[20417]:" />
						<param name="posx2" value="1040" />
						<param name="width2" value="1040" />
						<param name="label2" value="$INFO[ListItem.Writer]" />
					</include>
					<include content="dialogvideoinfo_label" condition="!StringCompare(System.Language,Hebrew) + !Skin.HasSetting(Prefer_RTL)">
						<param name="posx1" value="0" />
						<param name="width1" value="120" />
						<param name="label1" value="$LOCALIZE[20417]:" />
						<param name="posx2" value="150" />
						<param name="width2" value="1300" />
						<param name="label2" value="$INFO[ListItem.Writer]" />
					</include>
				</control>
				<control type="group">
					<visible>!IsEmpty(ListItem.Studio)</visible>
					<include content="dialogvideoinfo_label" condition="StringCompare(System.Language,Hebrew) | Skin.HasSetting(Prefer_RTL)">
						<param name="posx1" value="1160" />
						<param name="width1" value="120" />
						<param name="label1" value="$LOCALIZE[572]:" />
						<param name="posx2" value="1040" />
						<param name="width2" value="1040" />
						<param name="label2" value="$INFO[ListItem.Studio]" />
					</include>
					<include content="dialogvideoinfo_label" condition="!StringCompare(System.Language,Hebrew) + !Skin.HasSetting(Prefer_RTL)">
						<param name="posx1" value="0" />
						<param name="width1" value="120" />
						<param name="label1" value="$LOCALIZE[572]:" />
						<param name="posx2" value="150" />
						<param name="width2" value="1300" />
						<param name="label2" value="$INFO[ListItem.Studio]" />
					</include>
				</control>
				<control type="group">
					<visible>!IsEmpty(ListItem.Country)</visible>
					<include content="dialogvideoinfo_label" condition="StringCompare(System.Language,Hebrew) | Skin.HasSetting(Prefer_RTL)">
						<param name="posx1" value="1160" />
						<param name="width1" value="120" />
						<param name="label1" value="$LOCALIZE[574]:" />
						<param name="posx2" value="1040" />
						<param name="width2" value="1040" />
						<param name="label2" value="$INFO[ListItem.Country]" />
					</include>
					<include content="dialogvideoinfo_label" condition="!StringCompare(System.Language,Hebrew) + !Skin.HasSetting(Prefer_RTL)">
						<param name="posx1" value="0" />
						<param name="width1" value="120" />
						<param name="label1" value="$LOCALIZE[574]:" />
						<param name="posx2" value="150" />
						<param name="width2" value="1290" />
						<param name="label2" value="$INFO[ListItem.Country]" />
					</include>
				</control>

				<control type="group">
					<visible>!IsEmpty(ListItem.RatingAndVotes)</visible>
					<include content="dialogvideoinfo_label" condition="StringCompare(System.Language,Hebrew) | Skin.HasSetting(Prefer_RTL)">
						<param name="posx1" value="1160" />
						<param name="width1" value="120" />
						<param name="label1" value="$LOCALIZE[563]:" />
						<param name="posx2" value="1040" />
						<param name="width2" value="1040" />
						<param name="label2" value="$INFO[ListItem.RatingAndVotes]" />
					</include>
					<include content="dialogvideoinfo_label" condition="!StringCompare(System.Language,Hebrew) + !Skin.HasSetting(Prefer_RTL)">
						<param name="posx1" value="0" />
						<param name="width1" value="120" />
						<param name="label1" value="$LOCALIZE[563]:" />
						<param name="posx2" value="150" />
						<param name="width2" value="1290" />
						<param name="label2" value="$INFO[ListItem.RatingAndVotes]" />
					</include>
				</control>
				<control type="group">
					<visible>!IsEmpty(ListItem.UserRating)</visible>
					<include content="dialogvideoinfo_label" condition="StringCompare(System.Language,Hebrew) | Skin.HasSetting(Prefer_RTL)">
						<param name="posx1" value="1160" />
						<param name="width1" value="160" />
						<param name="label1" value="$LOCALIZE[38018]:" />
						<param name="posx2" value="1000" />
						<param name="width2" value="1000" />
						<param name="label2" value="$INFO[ListItem.UserRating]" />
					</include>
					<include content="dialogvideoinfo_label" condition="!StringCompare(System.Language,Hebrew) + !Skin.HasSetting(Prefer_RTL)">
						<param name="posx1" value="0" />
						<param name="width1" value="140" />
						<param name="label1" value="$LOCALIZE[38018]:" />
						<param name="posx2" value="150" />
						<param name="width2" value="1290" />
						<param name="label2" value="$INFO[ListItem.UserRating]" />
					</include>
				</control>
				<control type="group">
					<visible>!IsEmpty(ListItem.PlayCount)</visible>
					<include content="dialogvideoinfo_label" condition="StringCompare(System.Language,Hebrew) | Skin.HasSetting(Prefer_RTL)">
						<param name="posx1" value="1160" />
						<param name="width1" value="260" />
						<param name="label1" value="$LOCALIZE[567]:" />
						<param name="posx2" value="900" />
						<param name="width2" value="900" />
						<param name="label2" value="$INFO[ListItem.PlayCount]$INFO[ListItem.LastPlayed, ($LOCALIZE[568]: ,)]" />
					</include>
					<include content="dialogvideoinfo_label" condition="!StringCompare(System.Language,Hebrew) + !Skin.HasSetting(Prefer_RTL)">
						<param name="posx1" value="0" />
						<param name="width1" value="260" />
						<param name="label1" value="$LOCALIZE[567]:" />
						<param name="posx2" value="160" />
						<param name="width2" value="1160" />
						<param name="label2" value="$INFO[ListItem.PlayCount]$INFO[ListItem.LastPlayed, ($LOCALIZE[568]: ,)]" />
					</include>
				</control>
				<control type="group">
					<visible>!IsEmpty(ListItem.TagLine)</visible>
					<include content="dialogvideoinfo_label" condition="StringCompare(System.Language,Hebrew) | Skin.HasSetting(Prefer_RTL)">
						<param name="posx1" value="1160" />
						<param name="width1" value="120" />
						<param name="label1" value="$LOCALIZE[202]:" />
						<param name="posx2" value="1040" />
						<param name="width2" value="1040" />
						<param name="label2" value="$INFO[ListItem.TagLine]" />
					</include>
					<include content="dialogvideoinfo_label" condition="!StringCompare(System.Language,Hebrew) + !Skin.HasSetting(Prefer_RTL)">
						<param name="posx1" value="0" />
						<param name="width1" value="260" />
						<param name="label1" value="$LOCALIZE[202]:" />
						<param name="posx2" value="150" />
						<param name="width2" value="1290" />
						<param name="label2" value="$INFO[ListItem.TagLine]" />
					</include>
				</control>

				<control type="group">
					<visible>!IsEmpty(ListItem.Premiered)</visible>
					<include content="dialogvideoinfo_label" condition="StringCompare(System.Language,Hebrew) | Skin.HasSetting(Prefer_RTL)">
						<param name="posx1" value="1160" />
						<param name="width1" value="260" />
						<param name="label1" value="$LOCALIZE[20416]:" />
						<param name="posx2" value="970" />
						<param name="width2" value="970" />
						<param name="label2" value="$INFO[ListItem.Premiered]" />
					</include>
					<include content="dialogvideoinfo_label" condition="!StringCompare(System.Language,Hebrew) + !Skin.HasSetting(Prefer_RTL)">
						<param name="posx1" value="0" />
						<param name="width1" value="260" />
						<param name="label1" value="$LOCALIZE[20416]:" />
						<param name="posx2" value="150" />
						<param name="width2" value="1160" />
						<param name="label2" value="$INFO[ListItem.Premiered]" />
					</include>
				</control>
				<control type="group">
					<visible>!IsEmpty(ListItem.Date) + IsEmpty(ListItem.Premiered)</visible>
					<include content="dialogvideoinfo_label" condition="StringCompare(System.Language,Hebrew) | Skin.HasSetting(Prefer_RTL)">
						<param name="posx1" value="1160" />
						<param name="width1" value="260" />
						<param name="label1" value="$LOCALIZE[552]:" />
						<param name="posx2" value="970" />
						<param name="width2" value="970" />
						<param name="label2" value="$INFO[ListItem.Date]" />
					</include>
					<include content="dialogvideoinfo_label" condition="!StringCompare(System.Language,Hebrew) + !Skin.HasSetting(Prefer_RTL)">
						<param name="posx1" value="0" />
						<param name="width1" value="260" />
						<param name="label1" value="$LOCALIZE[552]:" />
						<param name="posx2" value="150" />
						<param name="width2" value="1160" />
						<param name="label2" value="$INFO[ListItem.Date]" />
					</include>
				</control>
				<control type="group">
					<visible>!IsEmpty(ListItem.NextDate)</visible>
					<include content="dialogvideoinfo_label" condition="StringCompare(System.Language,Hebrew) | Skin.HasSetting(Prefer_RTL)">
						<param name="posx1" value="1160" />
						<param name="width1" value="260" />
						<param name="label1" value="$LOCALIZE[15311]:" />
						<param name="posx2" value="970" />
						<param name="width2" value="970" />
						<param name="label2" value="$INFO[ListItem.NextDate]" />
					</include>
					<include content="dialogvideoinfo_label" condition="!StringCompare(System.Language,Hebrew) + !Skin.HasSetting(Prefer_RTL)">
						<param name="posx1" value="1420" />
						<param name="width1" value="260" />
						<param name="label1" value="$LOCALIZE[15311]:" />
						<param name="posx2" value="1220" />
						<param name="width2" value="1160" />
						<param name="label2" value="$INFO[ListItem.NextDate]" />
					</include>
				</control>
				<control type="group">
					<visible>!IsEmpty(ListItem.Artist)</visible>
					<include content="dialogvideoinfo_label" condition="StringCompare(System.Language,Hebrew) | Skin.HasSetting(Prefer_RTL)">
						<param name="posx1" value="1160" />
						<param name="width1" value="120" />
						<param name="label1" value="$LOCALIZE[557]:" />
						<param name="posx2" value="1040" />
						<param name="width2" value="1040" />
						<param name="label2" value="$INFO[ListItem.Artist]" />
					</include>
					<include content="dialogvideoinfo_label" condition="!StringCompare(System.Language,Hebrew) + !Skin.HasSetting(Prefer_RTL)">
						<param name="posx1" value="0" />
						<param name="width1" value="260" />
						<param name="label1" value="$LOCALIZE[557]:" />
						<param name="posx2" value="150" />
						<param name="width2" value="1290" />
						<param name="label2" value="$INFO[ListItem.Artist]" />
					</include>
				</control>

				<control type="group">
					<visible>!IsEmpty(ListItem.Album)</visible>	
					<include content="dialogvideoinfo_label" condition="StringCompare(System.Language,Hebrew) | Skin.HasSetting(Prefer_RTL)">
						<param name="posx1" value="1160" />
						<param name="width1" value="120" />
						<param name="label1" value="$LOCALIZE[558]:" />
						<param name="posx2" value="1040" />
						<param name="width2" value="1040" />
						<param name="label2" value="$INFO[ListItem.Album]" />
					</include>
					<include content="dialogvideoinfo_label" condition="!StringCompare(System.Language,Hebrew) + !Skin.HasSetting(Prefer_RTL)">
						<param name="posx1" value="0" />
						<param name="width1" value="260" />
						<param name="label1" value="$LOCALIZE[558]:" />
						<param name="posx2" value="150" />
						<param name="width2" value="1290" />
						<param name="label2" value="$INFO[ListItem.Album]" />
					</include>
				</control>
				<control type="group">
					<visible>!IsEmpty(Window(Home).Property(SkinHelper.ListItemSubtitles))</visible>
					<include content="dialogvideoinfo_label" condition="StringCompare(System.Language,Hebrew) | Skin.HasSetting(Prefer_RTL)">
						<param name="posx1" value="1160" />
						<param name="width1" value="120" />
						<param name="label1" value="$LOCALIZE[287]:" />
						<param name="posx2" value="1040" />
						<param name="width2" value="1040" />
						<param name="label2" value="$INFO[Window(Home).Property(SkinHelper.ListItemSubtitles)] $INFO[Window(Home).Property(SkinHelper.ListItemSubtitles.Count),(,)]" />
					</include>
					<include content="dialogvideoinfo_label" condition="!StringCompare(System.Language,Hebrew) + !Skin.HasSetting(Prefer_RTL)">
						<param name="posx1" value="0" />
						<param name="width1" value="140" />
						<param name="label1" value="$LOCALIZE[287]:" />
						<param name="posx2" value="150" />
						<param name="width2" value="1290" />
						<param name="label2" value="$INFO[Window(Home).Property(SkinHelper.ListItemSubtitles)] $INFO[Window(Home).Property(SkinHelper.ListItemSubtitles.Count),(,)]" />
					</include>
				</control>
				<control type="group">
						<visible>!IsEmpty(ListItem.FileNameAndPath)</visible>
						<control type="label">
							<posx>0</posx>
							<posy>20</posy>
							<height>80</height>
							<width>1180</width>
							<textcolor>grey_a</textcolor>
							<!-- <include>align_tag</include> -->
							<scroll>true</scroll>
							<wrapmultiline>false</wrapmultiline>
							<label>$INFO[ListItem.FileNameAndPath]</label>
							<font>font-15</font>
						</control>
					</control>
			</control>
			
							<!-- seperator -->
				<control type="image">
					<left>420</left>
					<top>440</top>
					<width>1160</width>
					<height>1</height>
					<texture colordiffuse="$VAR[main_color]">white.png</texture>
					<animation effect="slide" end="-400" time="0" condition="StringCompare(System.Language,Hebrew) | Skin.HasSetting(Prefer_RTL)">Conditional</animation>
				</control>
				
			<control type="textbox" id="59">
				<description>Plot Value for Movies</description>
				<posx>430</posx>
				<posy>440</posy>
				<width>1150</width>
				<height>420</height>
				<font>font-22</font>
				<include>align_tag</include>
				<textcolor>grey_b</textcolor>
				<label>$VAR[ViewFanartText]</label>
				<pagecontrol>61</pagecontrol>
				<autoscroll time="3000" delay="45000" repeat="15000">!Control.HasFocus(61) + Skin.HasSetting(AutoScroll)</autoscroll>
				<animation effect="slide" end="-405" time="0" condition="StringCompare(System.Language,Hebrew) | Skin.HasSetting(Prefer_RTL)">Conditional</animation>
				<visible>!ControlGroup(9000).HasFocus(194)</visible>
			</control>
			<control type="scrollbar" id="61">
				<description>scroll for plot button</description>
				<posx>410</posx>
				<posy>443</posy>
				<width>10</width>
				<height>420</height>
				<include>scroll_bar</include>
				<onleft>9000</onleft>
				<onright>9000</onright>
				<ondown>50</ondown>
				<onup>50</onup>
				<showonepage>false</showonepage>
				<animation effect="slide" end="-400" time="0" condition="StringCompare(System.Language,Hebrew) | Skin.HasSetting(Prefer_RTL)">Conditional</animation>
				<visible>!ControlGroup(9000).HasFocus(194)</visible>
			</control> 
			
			<!-- Flags -->
<!-- 			<control type="group">
				<posx>2</posx>
				<animation effect="slide" start="0,120" end="0,0" delay="200" tween="sine" time="300">WindowOpen</animation>
				<animation effect="slide" start="0,0" end="0,120" tween="sine" time="400">WindowClose</animation>
				<include content="flags_movies"><param name="posy">1025</param></include>
			</control> -->



			<control type="grouplist" id="9000">		
				<posx>5</posx>
				<posy>890</posy>
				<align>left</align>
				<width>1590</width>
				<height>300</height>
				<itemgap>0</itemgap>
				<orientation>Horizontal</orientation>
				<onup>50</onup>
				<ondown>50</ondown>
				<onleft>9000</onleft>
				<onright>9000</onright>
				<control type="togglebutton" id="8">
					<description>Play/browse to Show</description>
					<width>190</width>
					<height>55</height>
					<align>center</align>
					<aligny>center</aligny>
					<label>208</label>
					<altlabel>1024</altlabel>
					<include>button_dialogs</include>
					<alttexturefocus>-</alttexturefocus>
					<alttexturenofocus>-</alttexturenofocus> 
					<usealttexture>Container.Content(TVShows)</usealttexture>
				</control>
				<control type="button" id="11">
					<width>190</width>
					<height>55</height>
					<label>20410</label>
					<include>button_dialogs</include>
					<visible>Container.Content(Movies) + !IsEmpty(Listitem.trailer)</visible>
				</control>
				<control type="button" id="194">
					<description>Actors</description>
					<width>190</width>
					<height>55</height>
					<label>344</label>
					<include>button_dialogs</include>
				</control>
				<control type="button" id="6">
					<description>Refresh</description>
					<width>190</width>
					<height>55</height>
					<label>184</label>
					<include>button_dialogs</include>
				</control>
				<control type="button" id="7">
					<description>User ratings</description>
					<width>250</width>
					<height>55</height>
					<label>38023</label>
					<include>button_dialogs</include>
				</control>
				<control type="button" id="1113">
					<description>Extras</description>
					<width>190</width>
					<height>55</height>
					<label>31216</label>
					<include>button_dialogs</include>
					<onclick condition="Container.Content(TVShows)">SetProperty(TVShowPath,$INFO[ListItem.FilenameAndPath],Home)</onclick>
					<!-- <onclick>Dialog.Close(all,true)</onclick> -->
					<onclick>ActivateWindow(1115)</onclick>					
				</control>

				<control type="button" id="195"> 
					<description>ExtendedInfo for Movies </description>
					<width>270</width>
					<height>55</height>
					<label>31064</label>
					<include>button_dialogs</include>
					<onclick>Dialog.Close(MovieInformation)</onclick>
					<onclick>RunScript(script.extendedinfo,info=extendedinfo,dbid=$INFO[ListItem.DBID],name=$INFO[ListItem.Title])</onclick>
					<visible>Container.Content(Movies) + IsEmpty(ListItem.Season) + IsEmpty(ListItem.TVShowTitle) + !Container.Content(Episodes)</visible>
					<visible>System.HasAddon(script.extendedinfo)</visible>
				</control>
				<control type="button" id="196"> 
					<description>ExtendedInfo for TVShows </description>
					<width>290</width>
					<height>55</height>
					<label>31093</label>
					<include>button_dialogs</include>
					<onclick>Dialog.Close(MovieInformation)</onclick>
					<onclick>RunScript(script.extendedinfo,info=extendedtvinfo,dbid=$INFO[ListItem.DBID],name=$INFO[ListItem.TVShowTitle])</onclick>
					<visible>Container.Content(TVShows) | !IsEmpty(ListItem.TVShowTitle)</visible>
					<visible>System.HasAddon(script.extendedinfo)</visible>
				</control>
				<control type="button" id="197"> 
					<description>ExtendedInfo for Seasons </description>
					<width>280</width>
					<height>55</height>
					<label>31094</label>
					<include>button_dialogs</include>
					<onclick>Dialog.Close(MovieInformation)</onclick>
					<onclick>RunScript(script.extendedinfo,info=seasoninfo,tvshow=$INFO[ListItem.TVShowTitle],season=$VAR[season_number])</onclick>
					<visible>Container.Content(Seasons) | [[!IsEmpty(ListItem.Season) | !IsEmpty(Window(home).Property(SeasonNumber))]+ !IsEmpty(ListItem.TVShowTitle)]</visible>
					<visible>System.HasAddon(script.extendedinfo)</visible>
				</control>
				<control type="button" id="198">
					<description>CinemaVision</description>
					<width>280</width>
					<height>55</height>
					<label>CinemaVision</label>
					<onclick>Dialog.Close(MovieInformation)</onclick>
					<onclick>RunScript(script.cinemavision,experience)</onclick>
					<visible>System.HasAddon(script.cinemavision) + [Container.Content(movies) | Container.Content(tvshows) | Container.Content(seasons) | Container.Content(episodes)]</visible>
				</control>
			</control>

			<control type="list" id="50">
				<animation effect="fade" start="100" end="90" time="0" condition="!Control.HasFocus(50)">Conditional</animation>
				<animation effect="slide" end="-400" time="0" condition="StringCompare(System.Language,Hebrew) | Skin.HasSetting(Prefer_RTL)">Conditional</animation>
				<posx>420</posx>
				<posy>450</posy>
				<width>1170</width>
				<height>400</height>
				<onleft>50</onleft>
				<onright>50</onright>
				<onup>61</onup>
				<ondown>9000</ondown>
				<viewtype label="">list</viewtype>
				<scrolltime>200</scrolltime>
				<orientation>horizontal</orientation>
				<visible>ControlGroup(9000).HasFocus(194)</visible>
				<itemlayout width="280">
					<control type="image">
						<posx>5</posx>
						<posy>17</posy>
						<width>auto</width>
						<height>380</height>
						<aspectratio>keep</aspectratio>
						<texture background="true">$INFO[ListItem.Icon]</texture>
						<bordertexture colordiffuse="grey_a">white.png</bordertexture>
						<bordersize>3</bordersize>
						<animation effect="fade" start="0" end="90" time="200" condition="true">Conditional</animation>
					</control>
					<control type="image">
						<posx>18</posx>
						<posy>355</posy>
						<width>249</width>
						<height>40</height>
						<texture background="true">main/widget_title.png</texture>
					</control>	
					<control type="label">
						<posx>20</posx>
						<posy>352</posy>
						<description>Actor Name No-Focus</description>
						<height>40</height>
						<width>245</width>
						<textcolor>grey_a</textcolor>
						<align>center</align>
						<label>$INFO[ListItem.Label] $INFO[ListItem.Label2,(,)]</label>
						<font>font-20</font>
					</control>
				</itemlayout>
				<focusedlayout width="280">
					<control type="image">
						<posx>5</posx>
						<posy>17</posy>
						<width>auto</width>
						<height>380</height>
						<aspectratio>keep</aspectratio>
						<texture background="true">$INFO[ListItem.Icon]</texture>
						<bordertexture colordiffuse="$VAR[main_color]">white.png</bordertexture>
						<bordersize>3</bordersize>
					</control>
					<control type="image">
						<posx>18</posx>
						<posy>355</posy>
						<width>249</width>
						<height>40</height>
						<texture background="true">main/widget_title.png</texture>
					</control>	
					<control type="label">
						<posx>20</posx>
						<posy>352</posy>
						<description>Actor Name Focus</description>
						<height>40</height>
						<width>245</width>
						<textcolor>$VAR[main_color]</textcolor>
						<align>center</align>
						<scroll>true</scroll>
						<scrollspeed>50</scrollspeed>
						<label>$INFO[ListItem.Label] $INFO[ListItem.Label2,(,)]</label>
						<font>font-20</font>
					</control>
				</focusedlayout>
			</control>


			<!-- Poster and disc -->
			<control type="group">
				<posx>10</posx>
				<animation effect="slide" end="1200" time="0" condition="StringCompare(System.Language,Hebrew) | Skin.HasSetting(Prefer_RTL)">Conditional</animation>
				<posy>100</posy>
				<control type="image">
					<posx>10</posx>
					<posy>40</posy>
					<width>360</width>
					<height>360</height>
					<aspectratio>keep</aspectratio>
					<texture background="true">$INFO[ListItem.Art(discart)]</texture>
					<visible>!ListItem.IsFolder + !IsEmpty(ListItem.Art(discart)) + !stringcompare(ListItem.Label,..) + !Skin.HasSetting(Disable_CDART) + Window.IsActive(movieinformation)</visible>
					<animation type="WindowOpen" reversible="false" condition="!IsEmpty(ListItem.Art(discart))">
						<effect type="slide" start="0,200" end="0,0" delay="300" time="400"/>
						<effect type="rotate" center="auto" start="0" end="-10800" time="500000" pulse="true" delay="400"/>
					</animation> 
				</control>
				<control type="group">
					<posx>10</posx>
					<posy>40</posy>
					<width>360</width>
					<height>360</height>
					<aspectratio>keep</aspectratio>
					<visible>!Skin.HasSetting(fanart_Disable_FAKECDART) + !IsEmpty(ListItem.Art(poster)) + Window.IsActive(movieinformation)</visible>
					<animation effect="fade" end="0" time="0" condition="Skin.HasSetting(fanart_Disable_TVFAKECDART)">Conditional</animation>
					<control type="image">	
						<texture background="true" diffuse="thumbs/sets/cdart-mask.png">$INFO[ListItem.Art(poster)]</texture>
						<visible>IsEmpty(ListItem.Art(discart)) + !stringcompare(ListItem.Label,..)</visible>
						<animation type="WindowOpen" reversible="true" condition="IsEmpty(ListItem.Art(discart))">
							<effect type="slide" start="0,200" end="0,0" delay="300" time="400"/>
							<effect type="rotate" center="auto" start="0" end="-10800" time="500000" pulse="true" delay="400"/>
						</animation> 
					</control>
					<control type="image">
						<texture background="true">thumbs/sets/cdarttop.png</texture>
						<visible>IsEmpty(ListItem.Art(discart)) + !stringcompare(ListItem.Label,..)</visible>
						<animation type="WindowOpen" reversible="true" condition="IsEmpty(ListItem.Art(discart))">
							<effect type="slide" start="0,200" end="0,0" delay="300" time="400"/>
							<effect type="rotate" center="auto" start="0" end="-10800" time="500000" pulse="true" delay="400"/>
						</animation> 
					</control>
				</control>
				<control type="image">
					<description>Poster</description>
					<posx>0</posx>
					<posy>200</posy>
					<width>380</width>
					<height>570</height>
					<aspectratio>stretch</aspectratio>
					<texture diffuse="posterdiffuse.png" background="true">$VAR[PosterThumb]</texture>
					<fadetime>300</fadetime>
					<visible>!StringCompare(ListItem.Label,..) + !Container.Content(Episodes)</visible> 
				</control>
				<control type="image">
					<description>Thumb For Episodes</description>
					<posx>0</posx>
					<posy>262</posy>
					<width>380</width>
					<height>250</height>
					<texture background="true">$VAR[PosterThumb]</texture>
					<bordertexture colordiffuse="grey_a">white.png</bordertexture>
					<bordersize>1,1,1,1</bordersize>
					<fadetime>300</fadetime>
					<visible>!StringCompare(ListItem.Label,..) + Container.Content(Episodes)</visible>
				</control>
			</control>
		</control>
	</controls>
</window>
