<?xml version="1.0" encoding="UTF-8"?>
<window>
	<defaultcontrol>13</defaultcontrol>
	<controls>
		<include>fade_screen_grey</include>
		<control type="group">
			<posy>400</posy>
			<posx>400</posx>
			<include>dialog_zoom_animation</include>
			<include>ok_dialog</include>
			<control type="label" id="1">
				<description>heading label</description>
				<posx>0</posx>
				<posy>20</posy>
				<width>1120</width>
				<height>45</height>
				<align>center</align>
				<aligny>center</aligny>
				<font>font-30</font>
				<label>-</label>
				<textcolor>white</textcolor>
			</control>
			<control type="textbox" id="9">
				<posx>10</posx>
				<posy>90</posy>
				<width>1100</width>
				<height>205</height>
				<align>center</align>
				<label>-</label>
				<font>font-20</font>
				<textcolor>grey_b</textcolor>
				<autoscroll time="2000" delay="8000" repeat="5000">!Skin.HasSetting(AutoScroll)</autoscroll>
			</control>
			<control type="progress" id="20">
				<description>Progressbar</description>
				<posx>10</posx>
				<posy>210</posy>
				<width>1100</width>
				<height>35</height>
				<info>System.Progressbar</info>
			</control>
			<control type="grouplist" id="13">
				<posx>0</posx>
				<posy>250</posy>
				<width>1120</width>
				<height>60</height>
				<align>center</align>
				<itemgap>20</itemgap>
				<orientation>horizontal</orientation>
				<onleft>13</onleft>
				<onright>13</onright>
				<onup>13</onup>
				<ondown>13</ondown>
				<control type="button" id="11">
					<description>Yes button</description>
					<width>300</width>
					<height>52</height>
					<label>107</label>
					<font>font-24</font>
					<focusedcolor>white</focusedcolor>
					<texturefocus colordiffuse="$VAR[main_color]">white.png</texturefocus>
					<texturenofocus>-</texturenofocus>
					<include>button_dialogs</include>
					<align>center</align>
				</control>
				<control type="button" id="10">
					<description>No button</description>
					<width>300</width>
					<height>52</height>
					<label>106</label>
					<font>font-24</font>
					<focusedcolor>white</focusedcolor>
					<texturefocus colordiffuse="$VAR[main_color]">white.png</texturefocus>
					<texturenofocus>-</texturenofocus>
					<include>button_dialogs</include>
					<align>center</align>
				</control>
			</control>

		</control>
	</controls>
</window>
