<?xml version="1.0" encoding="UTF-8"?>
<includes>
	<!-- NEW MAIN MENU -->
	<include name="Home_Vertical">
		<include condition="StringCompare(System.Language,Hebrew) | Skin.HasSetting(Prefer_RTL)">Home_Vertical_RTL</include>
		<include condition="!StringCompare(System.Language,Hebrew) + !Skin.HasSetting(Prefer_RTL)">Home_Vertical_LTR</include>
	</include>
	<include name="Home_Vertical_RTL">
		<control type="group">
			<!-- Vertical Menu Background - long -->
			<control type="image">
				<posx>1630</posx>
				<width>290</width>
				<posy>0</posy>
				<height>1080</height>
				<texture background="true">main/main_menu.png</texture>
				<include>menu_bg_fade</include>
				<animation effect="slide" start="290,0" end="0,0" delay="100" time="500">WindowOpen</animation>
				<animation effect="slide" start="0,0" end="290,0" time="300">WindowClose</animation>
			</control>
			<control type="image">
				<posx>1914</posx>
				<posy>0</posy>
				<height>30</height>
				<width>6</width>
				<texture diffuse="glass.jpg" background="true" aligny="center" align="center" colordiffuse="$VAR[main_color]">white.png</texture>
				<animation effect="fade" end="90" time="0" condition="true">Conditional</animation>
			</control>

			<!-- left shadow-->
			<control type="image">
				<left>1600</left>
				<top>0</top>
				<width>30</width>
				<height>1080</height>
				<texture flipx="true">shadow_vertical.png</texture>
				<animation effect="slide" start="290,0" end="0,0" delay="100" time="500">WindowOpen</animation>
				<animation effect="slide" start="0,0" end="290,0" delay="0" time="300">WindowClose</animation>
			</control>
			<!-- Bottom line -->
			<control type="image">
				<left>1630</left>
				<top>1000</top>
				<width>290</width>
				<height>20</height>
				<texture>shadow_horizontal.png</texture>
				<animation effect="fade" start="100" end="80" time="0" condition="true">Conditional</animation>
				<animation effect="slide" start="290,0" end="0,0" delay="100" time="500">WindowOpen</animation>
				<animation effect="slide" start="0,0" end="290,0" delay="0" time="300">WindowClose</animation>
			</control>

			<control type="list" id="9000">
				<orientation>vertical</orientation>
				<posx>1630</posx>
				<width>290</width>
				<posy>18</posy>
				<height>980</height>
				<!-- <onup condition="Player.HasAudio | Player.HasVideo">9003</onup> -->
				<onup>9000</onup>
				<ondown>20</ondown>
				<onleft>9001</onleft>
				<onright>9002</onright>
				<animation effect="slide" start="580,0" end="0,0" delay="0" time="600">WindowOpen</animation>
				<animation effect="slide" start="0,0" end="290,0" delay="0" time="300">WindowClose</animation>
				<scrolltime tween="circle" easing="out">650</scrolltime>
				<itemlayout width="290" height="100">
					<control type="image">
						<posx>284</posx>
						<posy>0</posy>
						<height>100</height>
						<width>290</width>
						<texture  diffuse="glass.jpg" background="true" aligny="center" align="center">special://skin/extras/colors/$INFO[ListItem.Property(TextColor)].png</texture>
						<animation effect="fade" end="90" time="0" condition="true">Conditional</animation>
						<animation effect="slide" start="290" end="0" tween="quadratic" easing="out" time="300">Focus</animation>
						<animation effect="slide" start="0" end="290" tween="quadratic" easing="out" time="300">UnFocus</animation>
						<visible>!IsEmpty(ListItem.Property(TextColor))</visible>
					</control>
					<control type="image">
						<posx>284</posx>
						<posy>0</posy>
						<height>100</height>
						<width>290</width>
						<texture diffuse="glass.jpg" background="true" aligny="center" align="center" colordiffuse="$VAR[main_color]">white.png</texture>
						<animation effect="fade" end="90" time="0" condition="true">Conditional</animation>
						<animation effect="slide" start="290" end="0" tween="sine" easing="out" time="300">Focus</animation>
						<animation effect="slide" start="0" end="290" tween="sine" easing="out" time="300">UnFocus</animation>
						<visible>IsEmpty(ListItem.Property(TextColor))</visible>
					</control>
					<control type="image">
						<posx>220</posx>
						<posy>20</posy>
						<height>60</height>
						<width>60</width>
						<texture fallback="special://skin/extras/icons/default.png" colordiffuse="$VAR[menu_icon_color_nf]" background="true">$INFO[ListItem.Thumb]</texture>
						<visible>!IsEmpty(ListItem.Thumb)</visible>
					</control>

					<control type="label">
						<posx>0</posx>
						<posy>42</posy>
						<height>20</height>
						<width>210</width>
						<label>$INFO[ListItem.Label]</label>
						<align>right</align>
						<aligny>center</aligny>
						<font>menu</font>
						<textcolor>$VAR[menu_icon_color_nf]</textcolor>
						<visible>!IsEmpty(ListItem.Thumb)</visible>
					</control>
					<control type="label">
						<posx>0</posx>
						<posy>42</posy>
						<height>20</height>
						<width>270</width>
						<label>$INFO[ListItem.Label]</label>
						<align>right</align>
						<aligny>center</aligny>
						<font>menu</font>
						<textcolor>$VAR[menu_icon_color_nf]</textcolor>
						<visible>IsEmpty(ListItem.Thumb)</visible>
					</control>
				</itemlayout>
				<focusedlayout width="290" height="100">
					<control type="image">
						<posx>0</posx>
						<posy>0</posy>
						<height>100</height>
						<width>290</width>
						<texture diffuse="glass.jpg" background="true">special://skin/extras/colors/$INFO[ListItem.Property(TextColor)].png</texture>
						<animation effect="fade" end="100" time="0" condition="true">Conditional</animation>
						<animation effect="slide" start="290" end="0" tween="sine" easing="out" time="300">Focus</animation>
						<animation effect="fade" start="100" end="50" time="100" condition="Control.HasFocus(10) | Control.HasFocus(15) | Control.HasFocus(20)">Conditional</animation>
						<visible>!IsEmpty(ListItem.Property(TextColor))</visible>						
					</control>
					<control type="image">
						<posx>0</posx>
						<posy>0</posy>
						<height>100</height>
						<width>290</width>
						<texture diffuse="glass.jpg" background="true" colordiffuse="$VAR[main_color]">white.png</texture>
						<animation effect="fade" end="100" time="0" condition="true">Conditional</animation>
						<animation effect="slide" start="290" end="0" tween="sine" easing="out" time="300">Focus</animation>
						<animation effect="fade" start="100" end="50" time="100" condition="Control.HasFocus(10) | Control.HasFocus(15) | Control.HasFocus(20)">Conditional</animation>
						<visible>IsEmpty(ListItem.Property(TextColor))</visible>						
					</control> 
					<control type="image">
						<left>-15</left>
						<posy>25</posy>
						<width>64</width>
						<height>50</height>
						<aspectratio aligny="top">stretch</aspectratio>
						<texture diffuse="main/arrowup.png">white.png</texture>
						<visible>IntegerGreaterThan(Container(9001).NumItems,0) + Control.HasFocus(9000)</visible>
						<visible>![Container(9000).OnNext | Container(9000).OnPrevious]</visible>
						<animation effect="fade" start="0" end="100" time="300" delay="600" reversible="false" condition="!Container(9000).OnNext + !Container(9000).OnPrevious">Visible</animation>
						<animation effect="rotate" end="90" center="auto" time="0" condition="true">Conditional</animation>
					</control>
					<control type="image">
						<posx>220</posx>
						<posy>20</posy>
						<height>60</height>
						<width>60</width>
						<texture fallback="special://skin/extras/icons/default.png" background="true">$INFO[ListItem.Thumb]</texture>
						<visible>!IsEmpty(ListItem.Thumb)</visible>
					</control>
					<control type="label">
						<posx>0</posx>
						<posy>42</posy>
						<height>20</height>
						<width>210</width>
						<label>$INFO[ListItem.Label]</label>
						<align>right</align>
						<aligny>center</aligny>
						<font>menu</font>
						<textcolor>white</textcolor>
						<animation effect="fade" start="100" end="50" time="100" condition="Control.HasFocus(10) | Control.HasFocus(15) | Control.HasFocus(20)">Conditional</animation>
						<visible>!IsEmpty(ListItem.Thumb)</visible>
					</control>
					<control type="label">
						<posx>0</posx>
						<posy>42</posy>
						<height>20</height>
						<width>270</width>
						<label>$INFO[ListItem.Label]</label>
						<align>right</align>
						<aligny>center</aligny>
						<font>menu</font>
						<textcolor>white</textcolor>
						<animation effect="fade" start="100" end="50" time="100" condition="Control.HasFocus(10) | Control.HasFocus(15) | Control.HasFocus(20)">Conditional</animation>
						<visible>IsEmpty(ListItem.Thumb)</visible>
					</control>
				</focusedlayout>
				<content>
					<include>skinshortcuts-mainmenu</include>
				</content>
			</control>

		</control>

		<control type="group">
			<animation effect="slide" start="0,100" end="0,0" delay="500" time="300">WindowOpen</animation>
			<animation effect="slide" start="0,0" end="290,0" time="300">WindowClose</animation>
			<control type="button" id="20">
				<description>Power push button</description>
				<posx>1860</posx>
				<posy>1020</posy>
				<width>40</width>
				<height>40</height>
				<label>-</label>
				<font>-</font>
				<onclick>ActivateWindow(ShutdownMenu)</onclick>
				<texturefocus colordiffuse="white">main/power.png</texturefocus>
				<texturenofocus colordiffuse="$VAR[menu_icon_color_nf]">main/power.png</texturenofocus>
				<pulseonselect>true</pulseonselect>
				<onleft>15</onleft>
				<onright>10</onright>
				<onup>9000</onup>
				<ondown>15</ondown>
				<visible>!Skin.HasSetting(HideShutdown)</visible>
				<animation effect="rotate" start="0" end="-360" center="auto" time="800">Focus</animation>

			</control>
			<control type="button" id="15">
				<description>Settings button</description>
				<posx>1760</posx>
				<posy>1020</posy>
				<width>40</width>
				<height>40</height>
				<label>-</label>
				<font>-</font>
				<onclick>ActivateWindow(Settings)</onclick>
				<texturefocus colordiffuse="white">main/settings.png</texturefocus>
				<texturenofocus colordiffuse="$VAR[menu_icon_color_nf]">main/settings.png</texturenofocus>
				<pulseonselect>true</pulseonselect>
				<onleft>10</onleft>
				<onright>20</onright>
				<onup>20</onup>
				<ondown>10</ondown>
				<animation effect="rotate" start="0" end="-180" center="auto" time="800">Focus</animation>
				<visible>!Skin.HasSetting(HideShutdown)</visible>
			</control>
			<control type="button" id="10">
				<description>Favourites button</description>
				<posx>1660</posx>
				<posy>1020</posy>
				<width>40</width>
				<height>40</height>
				<label>-</label>
				<font>-</font>
				<onclick>ActivateWindow(Favourites)</onclick>
				<texturefocus colordiffuse="white">main/favs.png</texturefocus>
				<texturenofocus colordiffuse="$VAR[menu_icon_color_nf]">main/favs.png</texturenofocus>
				<pulseonselect>true</pulseonselect>
				<onleft>9000</onleft>
				<onright>15</onright>
				<onup>15</onup>
				<ondown>SetFocus(9000)</ondown>
				<ondown>Control.Move(9000,1)</ondown>
				<animation effect="rotate" start="0" end="-212" center="auto" time="800">Focus</animation>
				<visible>!Skin.HasSetting(HideShutdown)</visible>
			</control>
		</control>

		<!-- Vertical Sub menu -->
		<control type="group">
			<visible>!StringCompare(Container(9000).ListItem.Property(widget),submenuaswidget)</visible>
			<visible>!SubString(Container(9000).ListItem.Property(ParentalControl),yes) | [SubString(Container(9000).ListItem.Property(ParentalControl),yes) + StringCompare(Skin.String(mypassword),Skin.String(passcode))]</visible>

			<control type="image">
				<posx>1342</posx>
				<posy>0</posy>
				<animation effect="zoom" start="1632,0,1,1080" end="1632,0,290,1080" time="300">Visible</animation>
				<animation effect="zoom" start="1632,0,290,1080" end="1632,0,1,1080" time="300">Hidden</animation>
				<width>290</width>
				<height>1080</height>
				<texture background="true">main/main_menu.png</texture> 
				<animation effect="slide" start="0,0" end="290,0" delay="0" time="300">WindowClose</animation>
				<include>menu_bg_fade</include>
				<visible>Control.HasFocus(9001)</visible>
			</control>
			<!-- right shadow-->
			<control type="image">
				<left>1630</left>
				<top>0</top>
				<width>30</width>
				<height>1080</height>
				<animation effect="zoom" start="1632,0,1,1080" end="1632,0,30,1080" time="300">Visible</animation>
				<animation effect="zoom" start="1632,0,30,1080" end="1632,0,1,1080" time="300">Hidden</animation>
				<animation effect="slide" start="0,0" end="290,0" delay="0" time="300">WindowClose</animation>
				<texture flipx="false">shadow_vertical.png</texture>
				<visible>Control.HasFocus(9001)</visible>
			</control>
			<!-- left shadow-->
			<control type="image">
				<left>1312</left>
				<top>0</top>
				<width>30</width>
				<height>1080</height>
				<animation effect="zoom" start="1632,0,1,1080" end="1632,0,30,1080" time="300">Visible</animation>
				<animation effect="zoom" start="1632,0,30,1080" end="1632,0,1,1080" time="300">Hidden</animation>
				<animation effect="slide" start="0,0" end="290,0" delay="0" time="300">WindowClose</animation>
				<texture flipx="true">shadow_vertical.png</texture>
				<visible>Control.HasFocus(9001)</visible>
			</control>

			<control type="button">
				<posx>1630</posx>
				<posy>118</posy>
				<height>855</height>
				<width>15</width>
				<texturefocus>-</texturefocus>
				<texturenofocus>-</texturenofocus>
				<onfocus>SetFocus(9001)</onfocus>
			</control>
			<control type="list" id="9001">
				<posx>1340</posx>
				<width>290</width>
				<posy>18</posy>
				<height>980</height>
				<include>home_sub_animation</include>
				<onup>9001</onup>
				<ondown>9001</ondown>
				<onleft>9002</onleft>
				<onright>9000</onright>
				<onback>9000</onback>
				<orientation>vertical</orientation>
				<defaultcontrol always="true">1</defaultcontrol>
				<scrolltime tween="sine" easing="out">340</scrolltime>
				<visible allowhiddenfocus="True">Control.HasFocus(9001)</visible>
				<animation effect="slide" start="0,0" end="290,0" delay="0" time="300">WindowClose</animation>
				<animation effect="fade" end="96" time="0" condition="true">Conditional</animation>
				<itemlayout width="290" height="100">
					<control type="image">
						<posx>240</posx>
						<posy>30</posy>
						<height>45</height>
						<width>45</width>
						<texture fallback="special://skin/extras/icons/default.png" colordiffuse="$VAR[menu_icon_color_nf]" background="true">$INFO[ListItem.Thumb]</texture>
						<visible>!IsEmpty(ListItem.Thumb)</visible>
					</control>
					<control type="label">
						<posx>0</posx>
						<posy>38</posy>
						<width>232</width>
						<height>120</height>
						<align>right</align>
						<label>$INFO[ListItem.Label]</label>
						<font>menu-30</font>
						<textcolor>$VAR[menu_icon_color_nf]</textcolor>
						<animation effect="fade" start="100" end="50" time="200" tween="cubic" easing="out" reversible="false" condition="!Control.HasFocus(9001)">Conditional</animation>
						<visible>!IsEmpty(ListItem.Thumb)</visible>
					</control>
					<control type="label">
						<posx>0</posx>
						<posy>38</posy>
						<width>272</width>
						<height>120</height>
						<align>right</align>
						<label>$INFO[ListItem.Label]</label>
						<font>menu-30</font>
						<textcolor>$VAR[menu_icon_color_nf]</textcolor>
						<animation effect="fade" start="100" end="50" time="200" tween="cubic" easing="out" reversible="false" condition="!Control.HasFocus(9001)">Conditional</animation>
						<visible>IsEmpty(ListItem.Thumb)</visible>
					</control>
				</itemlayout>

				<focusedlayout width="290" height="100">
					<control type="image">
						<posx>0</posx>
						<posy>0</posy>
						<height>100</height>
						<width>290</width>
						<texture diffuse="glass.jpg" background="true">special://skin/extras/colors/$INFO[ListItem.Property(TextColor)].png</texture>
						<animation effect="zoom" start="290,0,1,100" end="290,0,290,100" tween="sine" easing="out" time="300">Focus</animation>
						<animation effect="zoom" start="-290,0,290,100" end="290,0,0,100" tween="sine" easing="out" time="300">UnFocus</animation>
						<visible>!IsEmpty(ListItem.Property(TextColor))</visible>						
					</control>
					<control type="image">
						<posx>0</posx>
						<posy>0</posy>
						<height>100</height>
						<width>290</width>
						<texture diffuse="glass.jpg" background="true" colordiffuse="$VAR[main_color]">white.png</texture>
						<animation effect="zoom" start="290,0,1,100" end="290,0,290,100" tween="sine" easing="out" time="300">Focus</animation>
						<animation effect="zoom" start="-290,0,290,100" end="290,0,0,100" tween="sine" easing="out" time="300">UnFocus</animation>
						<visible>IsEmpty(ListItem.Property(TextColor))</visible>						
					</control>
					<control type="image">
						<posx>240</posx>
						<posy>30</posy>
						<height>45</height>
						<width>45</width>
						<texture background="true" fallback="special://skin/extras/icons/default.png" colordiffuse="white">$INFO[ListItem.Thumb]</texture>
						<visible>!IsEmpty(ListItem.Thumb)</visible>
					</control>
					<control type="label">
						<posx>0</posx>
						<posy>38</posy>
						<width>232</width>
						<height>120</height>
						<align>right</align>
						<label>$INFO[ListItem.Label]</label>
						<font>menu-30</font>
						<textcolor>white</textcolor>
						<animation effect="fade" start="100" end="50" time="200" tween="cubic" easing="out" reversible="false" condition="!Control.HasFocus(9001)">Conditional</animation>
						<visible>!IsEmpty(ListItem.Thumb)</visible>
					</control>
					<control type="label">
						<posx>0</posx>
						<posy>38</posy>
						<width>272</width>
						<height>120</height>
						<align>right</align>
						<label>$INFO[ListItem.Label]</label>
						<font>menu-30</font>
						<textcolor>white</textcolor>
						<animation effect="fade" start="100" end="50" time="200" tween="cubic" easing="out" reversible="false" condition="!Control.HasFocus(9001)">Conditional</animation>
						<visible>IsEmpty(ListItem.Thumb)</visible>
					</control>
				</focusedlayout>

				<content><include>skinshortcuts-submenu</include></content>
			</control>
		</control>
		<!-- /End of Vertical Sub menu -->

		<!-- Widget List - Vertical Layout -->
		<control type="group">
			<posy>600</posy>
			<visible>!IsEmpty(Container(9000).ListItem.Property(widgetPath)) | StringCompare(Container(9000).ListItem.Property(widget),submenuaswidget)</visible>
			<visible>!SubString(Container(9000).ListItem.Property(ParentalControl),yes) | [SubString(Container(9000).ListItem.Property(ParentalControl),yes) + StringCompare(Skin.String(mypassword),Skin.String(passcode))]</visible>

			<animation effect="slide" end="0,50" tween="sine" easing="out" time="0" condition="!system.getbool(lookandfeel.enablerssfeeds)">Conditional</animation> 
			<include condition="!Skin.HasSetting(HideWidgets)">widget_vertical_pin</include>
			<include condition="Skin.HasSetting(HideWidgets)">widget_vertical_nopin</include>

			<!-- Widget Tag Name -->
			<control type="group">
				<posx>20</posx>
				<posy>-80</posy>
				<animation effect="fade" start="100" end="0" time="200" condition="Container(9002).IsUpdating">Conditional</animation>
				<control type="image">
					<description>background image</description>
					<left>0</left>
					<top>0</top>
					<width>440</width>
					<height>100</height>
					<texture colordiffuse="CDFFFFFF" border="40">views/listpanel_back.png</texture>
				</control>
				<control type="label">
					<posx>50</posx>
					<posy>28</posy>
					<width>350</width>
					<height>50</height>
					<label>$INFO[Container(9000).ListItem.Property(widgetName)]</label>
					<align>center</align>
					<font>font-24</font>
					<textcolor>grey_b</textcolor>
					<scroll>true</scroll>	
				</control>
			</control>

			<control type="group">
				<animation effect="fade" start="100" end="0" time="200" condition="Container(9002).IsUpdating">Conditional</animation>
				<control type="image">
					<description>background image</description>
					<left>20</left>
					<top>0</top>
					<width>950</width>
					<height>400</height>
					<texture colordiffuse="BDFFFFFF" border="40">views/listpanel_back.png</texture>
					<animation effect="slide" start="0" end="-30" time="200" condition="Control.HasFocus(9002)">Conditional</animation>
					<animation effect="zoom" start="0,0,950,400" end="0,0,1860,400" center="0,0" time="200" condition="Control.HasFocus(9002)">Conditional</animation>
				</control>

				<!-- widget details -->
				<control type="group">
					<posx>940</posx>
					<animation effect="fade" start="100" end="0" time="0" condition="Container(9002).IsUpdating | !Control.HasFocus(9002)">Conditional</animation>
					<control type="label">
						<posx>0</posx>
						<posy>30</posy>
						<height>40</height>
						<width>840</width>
						<label>$VAR[widget_line1_horizontal]</label>
						<align>center</align>
						<font>font-28</font>
						<textcolor>$VAR[main_color]</textcolor>
						<scroll>true</scroll>
					</control>

					<control type="textbox">
						<posx>0</posx>
						<posy>160</posy>
						<height>200</height>
						<width>840</width>
						<include>align_tag</include>
						<font>font-22</font>
						<textcolor>grey_b</textcolor>
						<label>$VAR[widget_plot]</label>
						<autoscroll time="2000" delay="7000" repeat="5000">!Skin.HasSetting(AutoScroll)</autoscroll>
					</control>
					<control type="label">
						<posx>0</posx>
						<posy>80</posy>
						<height>30</height>
						<width>840</width>
						<align>center</align>
						<font>font-24</font>
						<textcolor>grey_b</textcolor>
						<label>$VAR[widget_line3_horizontal]</label>
					</control>
					<control type="label">
						<posx>0</posx>
						<posy>117</posy>
						<height>40</height>
						<width>840</width>
						<align>center</align>
						<font>font-24</font>
						<textcolor>grey_b</textcolor>
						<label>[B]$VAR[widget_line4_horizontal][/B]</label>
					</control>
				</control>
			</control>
			<include>skinshortcuts-template-widget</include>
			<!--<control type="list" id="9002">
				<include>widget_content_vertical</include>
				<visible>!StringCompare(Container(9000).ListItem.Property(widget),submenuaswidget)</visible>
				<include>skinshortcuts-template-widget</include>
				<content target="static">$INFO[Container(9000).ListItem.Property(widgetPath)]</content>	
			</control>		
 			<control type="list" id="9002">
				<include>widget_content_vertical</include>
				<visible>StringCompare(Container(9000).ListItem.Property(widget),submenuaswidget)</visible>
				<content><include>skinshortcuts-submenu</include></content>
			</control> -->
			<control type="image">
				<description>Busy animation</description>
				<posy>320</posy>
				<posx>40</posx>
				<width>64</width>
				<height>64</height>
				<texture fallback="special://skin/extras/busy/8.gif" colordiffuse="white">$INFO[Skin.String(busy)]</texture>
				<animation effect="fade" start="0" end="100" time="200" delay="500" condition="Container(9002).IsUpdating">Conditional</animation>
				<visible>Container(9002).IsUpdating</visible>			
			</control>
		</control>
	</include>


	<include name="Home_Vertical_LTR">
		<control type="group">
			<!-- Vertical Menu Background - long -->
			<control type="image">
				<posx>0</posx>
				<width>340</width>
				<posy>0</posy>				
				<height>1080</height>
				<texture background="true">main/main_menu.png</texture>
				<include>menu_bg_fade</include>
				<animation effect="slide" start="-340,0" end="0,0" delay="100" time="500">WindowOpen</animation>
				<animation effect="slide" start="0,0" end="-340,0" delay="0" time="300">WindowClose</animation>
			</control>
			<control type="image">
				<posx>0</posx>
				<posy>0</posy>
				<height>30</height>
				<width>6</width>
				<texture diffuse="glass.jpg" background="true" aligny="center" align="center" colordiffuse="$VAR[main_color]">white.png</texture>
				<animation effect="fade" end="90" time="0" condition="true">Conditional</animation>
			</control>
			<!-- right shadow-->
			<control type="image">
				<left>340</left>
				<top>0</top>
				<width>30</width>
				<height>1080</height>
				<texture>shadow_vertical.png</texture>
				<animation effect="slide" start="-340,0" end="0,0" delay="100" time="500">WindowOpen</animation>
				<animation effect="slide" start="0,0" end="-340,0" delay="0" time="300">WindowClose</animation>
			</control>
			<!-- Bottom line -->
			<control type="image">
				<left>0</left>
				<top>1000</top>
				<width>340</width>
				<height>20</height>
				<texture>shadow_horizontal.png</texture>
				<animation effect="fade" start="100" end="80" time="0" condition="true">Conditional</animation>
				<animation effect="slide" start="-340,0" end="0,0" delay="100" time="500">WindowOpen</animation>
				<animation effect="slide" start="0,0" end="-340,0" delay="0" time="300">WindowClose</animation>
			</control>
			<control type="list" id="9000">
				<orientation>vertical</orientation>
				<posx>0</posx>
				<width>340</width>
				<posy>18</posy>
				<height>980</height>
				<!-- <onup condition="Player.HasAudio | Player.HasVideo">9003</onup> -->
				<onup>10</onup>
				<ondown>20</ondown>
				<onleft>9002</onleft>
				<onright>9001</onright>
				<animation effect="slide" start="-680,0" end="0,0" delay="0" time="600">WindowOpen</animation>
				<animation effect="slide" start="0,0" end="-340,0" delay="0" time="300">WindowClose</animation>
				<scrolltime tween="circle" easing="out">650</scrolltime>
				<itemlayout width="340" height="100">
					<control type="image">
						<posx>-334</posx>
						<posy>0</posy>
						<height>100</height>
						<width>340</width>
						<texture  diffuse="glass.jpg" background="true" aligny="center" align="center">special://skin/extras/colors/$INFO[ListItem.Property(TextColor)].png</texture>
						<animation effect="fade" end="90" time="0" condition="true">Conditional</animation>
						<animation effect="slide" start="-340" end="0" tween="quadratic" easing="out" time="300">Focus</animation>
						<animation effect="slide" start="0" end="-340" tween="quadratic" easing="out" time="300">UnFocus</animation>
						<visible>!IsEmpty(ListItem.Property(TextColor))</visible>
					</control>
					<control type="image">
						<posx>-334</posx>
						<posy>0</posy>
						<height>100</height>
						<width>340</width>
						<texture diffuse="glass.jpg" background="true" aligny="center" align="center" colordiffuse="$VAR[main_color]">white.png</texture>
						<animation effect="fade" end="90" time="0" condition="true">Conditional</animation>
						<animation effect="slide" start="-340" end="0" tween="sine" easing="out" time="300">Focus</animation>
						<animation effect="slide" start="0" end="-340" tween="sine" easing="out" time="300">UnFocus</animation>
						<visible>IsEmpty(ListItem.Property(TextColor))</visible>
					</control>
					<control type="image">
						<posx>20</posx>
						<posy>30</posy>
						<height>45</height>
						<width>45</width>
						<texture fallback="special://skin/extras/icons/default.png" colordiffuse="$VAR[menu_icon_color_nf]" background="true">$INFO[ListItem.Thumb]</texture>
						<visible>!IsEmpty(ListItem.Thumb)</visible>
					</control>
					<control type="label">
						<posx>90</posx>
						<posy>42</posy>
						<height>20</height>
						<width>260</width>
						<label>$INFO[ListItem.Label]</label>
						<align>left</align>
						<aligny>center</aligny>
						<font>menu</font>
						<textcolor>$VAR[menu_icon_color_nf]</textcolor>
						<visible>!IsEmpty(ListItem.Thumb)</visible>
					</control>
					<control type="label">
						<posx>30</posx>
						<posy>42</posy>
						<height>20</height>
						<width>320</width>
						<label>$INFO[ListItem.Label]</label>
						<align>left</align>
						<aligny>center</aligny>
						<font>menu</font>
						<textcolor>$VAR[menu_icon_color_nf]</textcolor>
						<visible>IsEmpty(ListItem.Thumb)</visible>
					</control>
				</itemlayout>
				<focusedlayout width="340" height="100">
					<control type="image">
						<posx>0</posx>
						<posy>0</posy>
						<height>100</height>
						<width>340</width>
						<texture diffuse="AAAglass.jpg" background="true">special://skin/extras/colors/$INFO[ListItem.Property(TextColor)].png</texture>
						<animation effect="fade" end="100" time="0" condition="true">Conditional</animation>
						<animation effect="slide" start="-340" end="0" tween="sine" easing="out" time="300">Focus</animation>
						<animation effect="fade" start="100" end="50" time="100" condition="Control.HasFocus(10) | Control.HasFocus(15) | Control.HasFocus(20)">Conditional</animation>
						<visible>!IsEmpty(ListItem.Property(TextColor))</visible>						
					</control>
					<control type="image">
						<posx>0</posx>
						<posy>0</posy>
						<height>100</height>
						<width>340</width>
						<texture diffuse="AAAglass.jpg" background="true" colordiffuse="$VAR[main_color]">white.png</texture>
						<animation effect="fade" end="100" time="0" condition="true">Conditional</animation>
						<animation effect="slide" start="-340" end="0" tween="sine" easing="out" time="300">Focus</animation>
						<animation effect="fade" start="100" end="50" time="100" condition="Control.HasFocus(10) | Control.HasFocus(15) | Control.HasFocus(20)">Conditional</animation>
						<visible>IsEmpty(ListItem.Property(TextColor))</visible>						
					</control>
					<control type="image">
						<left>290</left>
						<posy>25</posy>
						<width>64</width>
						<height>50</height>
						<aspectratio aligny="top">stretch</aspectratio>
						<texture diffuse="main/arrowup.png">white.png</texture>
						<visible>IntegerGreaterThan(Container(9001).NumItems,0) + Control.HasFocus(9000)</visible>
						<visible>![Container(9000).OnNext | Container(9000).OnPrevious]</visible>
						<animation effect="fade" start="0" end="50" time="50" delay="50" reversible="false" condition="!Container(9000).OnNext + !Container(9000).OnPrevious">Visible</animation>
						<animation effect="rotate" end="270" center="auto" time="0" condition="true">Conditional</animation>
					</control>
					<control type="image">
						<posx>20</posx>
						<posy>30</posy>
						<height>45</height>
						<width>45</width>
						<texture fallback="special://skin/extras/icons/default.png" background="true">$INFO[ListItem.Thumb]</texture>
						<visible>!IsEmpty(ListItem.Thumb)</visible>
					</control>
					<control type="label">
						<posx>90</posx>
						<posy>42</posy>
						<height>20</height>
						<width>260</width>
						<label>$INFO[ListItem.Label]</label>
						<align>left</align>
						<aligny>center</aligny>
						<font>menu</font>
						<textcolor>white</textcolor>
						<visible>!IsEmpty(ListItem.Thumb)</visible>
					</control>
					<control type="label">
						<posx>30</posx>
						<posy>42</posy>
						<height>20</height>
						<width>320</width>
						<label>$INFO[ListItem.Label]</label>
						<align>left</align>
						<aligny>center</aligny>
						<font>menu</font>
						<textcolor>white</textcolor>
						<visible>IsEmpty(ListItem.Thumb)</visible>
					</control>
				</focusedlayout>
				<content>
					<include>skinshortcuts-mainmenu</include>
				</content>
			</control>



		</control>

		<control type="group">
			<animation effect="slide" start="0,100" end="0,0" delay="500" time="300">WindowOpen</animation>
			<animation effect="slide" start="0,0" end="-340,0" time="300">WindowClose</animation>
			<control type="button" id="20">
				<description>Power push button</description>
				<posx>20</posx>
				<posy>1020</posy>
				<width>40</width>
				<height>40</height>
				<label>-</label>
				<font>-</font>
				<onclick>ActivateWindow(ShutdownMenu)</onclick>
				<texturefocus colordiffuse="$VAR[main_color]">main/power.png</texturefocus>
				<texturenofocus colordiffuse="$VAR[menu_icon_color_nf]">main/power.png</texturenofocus>
				<pulseonselect>true</pulseonselect>
				<onleft>10</onleft>
				<onright>15</onright>
				<onup>SetFocus(9000,999)</onup>
				<ondown>15</ondown>
				<visible>!Skin.HasSetting(HideShutdown)</visible>
				<animation effect="rotate" start="0" end="-360" center="auto" time="800">Focus</animation>

			</control>
			<control type="button" id="15">
				<description>Settings button</description>
				<posx>120</posx>
				<posy>1020</posy>
				<width>40</width>
				<height>40</height>
				<label>-</label>
				<font>-</font>
				<onclick>ActivateWindow(Settings)</onclick>
				<texturefocus colordiffuse="$VAR[main_color]">main/settings.png</texturefocus>
				<texturenofocus colordiffuse="$VAR[menu_icon_color_nf]">main/settings.png</texturenofocus>
				<pulseonselect>true</pulseonselect>
				<onleft>20</onleft>
				<onright>10</onright>
				<onup>20</onup>
				<ondown>10</ondown>
				<animation effect="rotate" start="0" end="-180" center="auto" time="800">Focus</animation>
				<visible>!Skin.HasSetting(HideShutdown)</visible>
			</control>
			<control type="button" id="10">
				<description>Favourites button</description>
				<posx>220</posx>
				<posy>1020</posy>
				<width>40</width>
				<height>40</height>
				<label>-</label>
				<font>-</font>
				<onclick>ActivateWindow(Favourites)</onclick>
				<texturefocus colordiffuse="$VAR[main_color]">main/favs.png</texturefocus>
				<texturenofocus colordiffuse="$VAR[menu_icon_color_nf]">main/favs.png</texturenofocus>
				<pulseonselect>true</pulseonselect>
				<onleft>15</onleft>
				<onright>20</onright>
				<onup>15</onup>
				<ondown>SetFocus(9000,0)</ondown>
				<animation effect="rotate" start="0" end="-212" center="auto" time="800">Focus</animation>
				<visible>!Skin.HasSetting(HideShutdown)</visible>
			</control>
		</control>

		<!-- Vertical Sub menu -->
		<control type="group">
			<visible>!StringCompare(Container(9000).ListItem.Property(widget),submenuaswidget)</visible>
			<visible>!SubString(Container(9000).ListItem.Property(ParentalControl),yes) | [SubString(Container(9000).ListItem.Property(ParentalControl),yes) + StringCompare(Skin.String(mypassword),Skin.String(passcode))]</visible>

			<control type="image">
				<posx>340</posx>
				<width>340</width>
				<posy>0</posy>
				<height>1080</height>
				<texture background="true">main/main_menu.png</texture>
				<animation effect="slide" start="0,0" end="-340,0" delay="0" time="300">WindowClose</animation>
				<include>menu_bg_fade</include>
				<animation effect="zoom" start="340,0,1,1080" end="340,0,340,1080" time="300">Visible</animation>
				<animation effect="zoom" start="340,0,340,1080" end="340,0,1,1080" time="300">Hidden</animation>
				<AAAvisible>Control.HasFocus(9001)</AAAvisible>

			</control>

			<!-- left shadow-->
			<control type="image">
				<left>310</left>
				<top>0</top>
				<width>30</width>
				<height>1080</height>
				<animation effect="zoom" start="340,0,1,1080" end="340,0,30,1080" time="300">Visible</animation>
				<animation effect="zoom" start="340,0,30,1080" end="340,0,1,1080" time="300">Hidden</animation>
				<animation effect="slide" start="0,0" end="-340,0" delay="0" time="300">WindowClose</animation>
				<texture flipx="true">shadow_vertical.png</texture>
				<visible>Control.HasFocus(9001)</visible>
			</control>
			<!-- right shadow-->
			<control type="image">
				<left>680</left>
				<top>0</top>
				<width>30</width>
				<height>1080</height>
				<animation effect="zoom" start="340,0,1,1080" end="340,0,30,1080" time="300">Visible</animation>
				<animation effect="zoom" start="340,0,30,1080" end="340,0,1,1080" time="300">Hidden</animation>
				<animation effect="slide" start="0,0" end="-340,0" delay="0" time="300">WindowClose</animation>
				<texture flipx="false">shadow_vertical.png</texture>
				<visible>Control.HasFocus(9001)</visible>
			</control>

			<control type="button">
				<posx>340</posx>
				<posy>118</posy>
				<height>855</height>
				<width>15</width>
				<texturefocus>-</texturefocus>
				<texturenofocus>-</texturenofocus>
				<onfocus>SetFocus(9001)</onfocus>
			</control>
			<control type="list" id="9001">
				<posx>340</posx>
				<width>340</width>
				<posy>18</posy>
				<height>980</height>
				<include>home_sub_animation</include>
				<onup>9001</onup>
				<ondown>9001</ondown>
				<onleft>9000</onleft>
				<onright>9002</onright>
				<onback>9000</onback>
				<orientation>vertical</orientation>
				<defaultcontrol always="true">1</defaultcontrol>
				<scrolltime tween="sine" easing="out">340</scrolltime>
				<AAAvisible allowhiddenfocus="True">Control.HasFocus(9001)</AAAvisible>
				<animation effect="slide" start="0,0" end="-340,0" delay="0" time="300">WindowClose</animation>
				<animation effect="fade" end="96" time="0" condition="true">Conditional</animation>
				<itemlayout width="340" height="100">
					<control type="image">
						<posx>20</posx>
						<posy>30</posy>
						<height>45</height>
						<width>45</width>
						<texture fallback="special://skin/extras/icons/default.png" colordiffuse="$VAR[menu_icon_color_nf]" background="true">$INFO[ListItem.Thumb]</texture>
						<visible>!IsEmpty(ListItem.Thumb)</visible>
					</control>
					<control type="label">
						<posx>90</posx>
						<posy>38</posy>
						<width>282</width>
						<height>120</height>
						<align>left</align>
						<label>$INFO[ListItem.Label]</label>
						<font>menu-30</font>
						<textcolor>$VAR[menu_icon_color_nf]</textcolor>
						<animation effect="fade" start="100" end="50" time="200" tween="cubic" easing="out" reversible="false" condition="!Control.HasFocus(9001)">Conditional</animation>
						<visible>!IsEmpty(ListItem.Thumb)</visible>
					</control>
					<control type="label">
						<posx>20</posx>
						<posy>38</posy>
						<width>337</width>
						<height>120</height>
						<align>left</align>
						<label>$INFO[ListItem.Label]</label>
						<font>menu-30</font>
						<textcolor>$VAR[menu_icon_color_nf]</textcolor>
						<animation effect="fade" start="100" end="50" time="200" tween="cubic" easing="out" reversible="false" condition="!Control.HasFocus(9001)">Conditional</animation>
						<visible>IsEmpty(ListItem.Thumb)</visible>
					</control>
				</itemlayout>

				<focusedlayout width="340" height="100">
					<control type="image">
						<posx>0</posx>
						<posy>0</posy>
						<height>100</height>
						<width>340</width>
						<texture diffuse="AAAglass.jpg" background="true">special://skin/extras/colors/$INFO[ListItem.Property(TextColor)].png</texture>
						<animation effect="zoom" start="0,0,1,100" end="0,0,340,100" tween="sine" easing="out" time="300">Focus</animation>
						<animation effect="zoom" start="0,0,340,100" end="0,0,0,100" tween="sine" easing="out" time="300">UnFocus</animation>
						<visible>!IsEmpty(ListItem.Property(TextColor)) + Control.HasFocus(9001)</visible>						
					</control>
					<control type="image">
						<posx>0</posx>
						<posy>0</posy>
						<height>100</height>
						<width>340</width>
						<texture diffuse="AAAglass.jpg" background="true" colordiffuse="$VAR[main_color]">white.png</texture>
						<animation effect="zoom" start="0,0,1,100" end="0,0,340,100" tween="sine" easing="out" time="300">Focus</animation>
						<animation effect="zoom" start="0,0,340,100" end="0,0,0,100" tween="sine" easing="out" time="300">UnFocus</animation>
						<visible>IsEmpty(ListItem.Property(TextColor)) + Control.HasFocus(9001)</visible>
					</control>
					<control type="image">
						<posx>20</posx>
						<posy>30</posy>
						<height>45</height>
						<width>45</width>
						<texture background="true" fallback="special://skin/extras/icons/default.png" colordiffuse="white">$INFO[ListItem.Thumb]</texture>
						<visible>!IsEmpty(ListItem.Thumb)</visible>
					</control>
					<control type="label">
						<posx>90</posx>
						<posy>38</posy>
						<width>282</width>
						<height>120</height>
						<align>left</align>
						<label>$INFO[ListItem.Label]</label>
						<font>menu-30</font>
						<textcolor>white</textcolor>
						<animation effect="fade" start="100" end="50" time="200" tween="cubic" easing="out" reversible="false" condition="!Control.HasFocus(9001)">Conditional</animation>
						<visible>!IsEmpty(ListItem.Thumb)</visible>
					</control>
					<control type="label">
						<posx>20</posx>
						<posy>38</posy>
						<width>337</width>
						<height>120</height>
						<align>left</align>
						<label>$INFO[ListItem.Label]</label>
						<font>menu-30</font>
						<textcolor>white</textcolor>
						<animation effect="fade" start="100" end="50" time="200" tween="cubic" easing="out" reversible="false" condition="!Control.HasFocus(9001)">Conditional</animation>
						<visible>IsEmpty(ListItem.Thumb)</visible>
					</control>
				</focusedlayout>

				<content><include>skinshortcuts-submenu</include></content>
			</control>
		</control>
		<!-- /End of Vertical Sub menu -->

		<!-- Widget List - Vertical Layout -->
		<control type="group">
			<posx>1750</posx>
			<posy>600</posy>
			<visible>!IsEmpty(Container(9000).ListItem.Property(widgetPath)) | StringCompare(Container(9000).ListItem.Property(widget),submenuaswidget)</visible>
			<visible>!SubString(Container(9000).ListItem.Property(ParentalControl),yes) | [SubString(Container(9000).ListItem.Property(ParentalControl),yes) + StringCompare(Skin.String(mypassword),Skin.String(passcode))]</visible>
			<animation effect="slide" end="0,50" tween="sine" easing="out" time="0" condition="!system.getbool(lookandfeel.enablerssfeeds)">Conditional</animation> 
			<include condition="!Skin.HasSetting(HideWidgets)">widget_vertical_pin</include>
			<include condition="Skin.HasSetting(HideWidgets)">widget_vertical_nopin</include>
			<animation effect="slide" start="0" end="-1400" time="200" condition="Control.HasFocus(9002)">Conditional</animation>
			<!-- Widget Tag Name -->
			<control type="group">
				<posx>515</posx>
				<posy>-85</posy>
				<animation effect="slide" start="0" end="870" time="200" condition="Control.HasFocus(9002)">Conditional</animation>
				<animation effect="fade" start="100" end="0" time="200" condition="Container(9002).IsUpdating">Conditional</animation>
				<control type="image">
					<description>background image</description>
					<left>0</left>
					<top>0</top>
					<width>450</width>
					<height>105</height>
					<texture colordiffuse="CDFFFFFF" border="40">views/listpanel_back.png</texture>
				</control>
				<control type="label">
					<posx>50</posx>
					<posy>28</posy>
					<width>370</width>
					<height>50</height>
					<label>$INFO[Container(9000).ListItem.Property(widgetName)]</label>
					<align>center</align>
					<font>font-24</font>
					<textcolor>grey_b</textcolor>
					<scroll>true</scroll>	
				</control>
			</control>

			<control type="group">
				<animation effect="fade" start="100" end="0" time="200" condition="Container(9002).IsUpdating">Conditional</animation>
				<control type="image">
					<description>background image</description>
					<left>20</left>
					<top>0</top>
					<width>950</width>
					<height>400</height>
					<texture colordiffuse="BDFFFFFF" border="40">views/listpanel_back.png</texture>
					<animation effect="slide" start="0" end="-45" time="200" condition="Control.HasFocus(9002)">Conditional</animation>
					<animation effect="zoom" start="0,0,950,400" end="0,0,1860,400" center="0,0" time="200" condition="Control.HasFocus(9002)">Conditional</animation>
				</control>

				<!-- widget details -->
				<control type="group">
					<posx>85</posx>
					<animation effect="fade" start="100" end="0" time="0" condition="Container(9002).IsUpdating | !Control.HasFocus(9002)">Conditional</animation>
					<!-- <animation effect="slide" start="300" end="0" time="300" delay="0" condition="!Container(9002).IsUpdating">Conditional</animation> -->
					<control type="label">
						<posx>0</posx>
						<posy>30</posy>
						<height>40</height>
						<width>840</width>
						<label>$VAR[widget_line1_horizontal]</label>
						<align>center</align>
						<font>font-28</font>
						<textcolor>$VAR[main_color]</textcolor>
						<scroll>true</scroll>
					</control>

					<control type="textbox">
						<posx>0</posx>
						<posy>160</posy>
						<height>200</height>
						<width>840</width>
						<include>align_tag</include>
						<font>font-22</font>
						<textcolor>grey_b</textcolor>
						<label>$VAR[widget_plot]</label>
						<autoscroll time="2000" delay="7000" repeat="5000">!Skin.HasSetting(AutoScroll)</autoscroll>
					</control>
					<control type="label">
						<posx>0</posx>
						<posy>80</posy>
						<height>30</height>
						<width>840</width>
						<align>center</align>
						<font>font-24</font>
						<textcolor>grey_b</textcolor>
						<label>$VAR[widget_line3_horizontal]</label>
					</control>
					<control type="label">
						<posx>0</posx>
						<posy>117</posy>
						<height>40</height>
						<width>840</width>
						<align>center</align>
						<font>font-24</font>
						<textcolor>grey_b</textcolor>
						<label>[B]$VAR[widget_line4_horizontal][/B]</label>
					</control>
				</control>
			</control>
			<control type="group">
				<animation effect="slide" start="0" end="855" time="200" condition="Control.HasFocus(9002)">Conditional</animation>

				<include>skinshortcuts-template-widget</include>
			</control>
			<!-- 	<control type="list" id="9002">
				<include>widget_content_vertical</include>
				
				<visible>!StringCompare(Container(9000).ListItem.Property(widget),submenuaswidget)</visible>
				<content target="video">$INFO[Container(9000).ListItem.Property(widgetPath)]</content>			
			</control>		
			<control type="list" id="9002">
				<include>widget_content_vertical</include>			
				<animation effect="slide" start="0" end="855" time="200" condition="Control.HasFocus(9002)">Conditional</animation>
				<visible>StringCompare(Container(9000).ListItem.Property(widget),submenuaswidget)</visible>
				<content><include>skinshortcuts-submenu</include></content>
			</control> -->
			<control type="image">
				<description>Busy animation</description>
				<posy>320</posy>
				<posx>780</posx>
				<width>64</width>
				<height>64</height>
				<texture fallback="special://skin/extras/busy/8.gif" colordiffuse="white">$INFO[Skin.String(busy)]</texture>
				<animation effect="fade" start="0" end="100" time="200" delay="500" condition="Container(9002).IsUpdating">Conditional</animation>
				<visible>Container(9002).IsUpdating</visible>			
			</control>
		</control>
	</include>


	<!-- Size For vertical home SUB menu list -->

	<include name="home_sub_animation">
		<include condition="StringCompare(System.Language,Hebrew) | Skin.HasSetting(Prefer_RTL)">home_sub_animation_rtl</include>
		<include condition="!StringCompare(System.Language,Hebrew) + !Skin.HasSetting(Prefer_RTL)">home_sub_animation_ltr</include>
	</include>
	<include name="home_sub_animation_rtl">
		<animation effect="zoom" start="1631,80,1,980" end="1631,80,290,980" time="300">Visible</animation>
		<animation effect="zoom" start="1631,80,290,980" end="1631,80,1,980" time="300">Hidden</animation>
	</include>
	<include name="home_sub_animation_ltr">
		<animation effect="zoom" start="340,80,1,980" end="340,80,340,980" time="300">Visible</animation>
		<animation effect="zoom" start="340,80,290,980" end="340,80,1,980" time="300">Hidden</animation>
	</include>
	<!--END OF Vertical-Menu -->

</includes>
