<?xml version="1.0" encoding="UTF-8"?>
<addon id="skin.metropolisEMAD" version="18.3.0.0" name="Metropolis EMAD" provider-name="EMAD MAHDI">
	<requires>
		<import addon="xbmc.gui" version="5.14.0"/>
		<import addon="script.skinshortcuts" version="1.0.6"/>
		<import addon="script.image.resource.select" version="0.1.1"/>
		<import addon="resource.images.languageflags.completepack" version="0.0.4"/>
		<import addon="resource.images.recordlabels.white" version="0.0.7"/>
		<import addon="resource.images.studios.coloured" version="0.0.8"/>
		<import addon="resource.images.weatherfanart.prairie" version="0.0.5"/>
		<import addon="resource.images.weathericons.coloured" version="0.0.6"/>
	</requires>
	<extension point="xbmc.gui.skin" debugging="false" effectslowdown="0.75">
		<res width="1280" height="720" aspect="16:9" default="true" folder="720p"/>
	</extension>
	<extension point="xbmc.python.pluginsource" library="MAIN.py">
		<provides>video</provides>
	</extension>
	<extension point="xbmc.addon.metadata">
		<summary lang="be_BY">A Mix of Retro and Modern. Original Metropolis skin by Amra - continued by Stoli, jingai and Macgyver</summary>
		<summary lang="cs_CZ">Mix retro a moderního.</summary>
		<summary lang="da_DK">En blanding af retro og moderne.</summary>
		<summary lang="de_DE">Ein Mix aus Retro und Moderne.</summary>
		<summary lang="el_GR">Ένα μείγμα Παλαιού και Νέου. Το αρχικό κέλυφος Metropolis από τον Amra - συντήρηση και εξέλιξη από τον Stoli, jingai, Macgyver</summary>
		<summary lang="en_AU">A Mix of Retro and Modern.</summary>
		<summary lang="en_GB">A Mix of Retro and Modern.</summary>
		<summary lang="en_NZ">A Mix of Retro and Modern.</summary>
		<summary lang="en_US">A Mix of Retro and Modern.</summary>
		<summary lang="es_ES">Una mezcla de Retro y Moderno.</summary>
		<summary lang="fi_FI">Yhdistelmä vanhaa ja uutta.</summary>
		<summary lang="fr_CA">Un mélange de rétro et de moderne</summary>
		<summary lang="fr_FR">Un mélange de Rétro et de Moderne.</summary>
		<summary lang="gl_ES">Unha Mestura do Retro e o Moderno.</summary>
		<summary lang="he_IL">שילוב של רטרו ומודרני.</summary>
		<summary lang="hu_HU">Eden-re optimalizálva. A retro és modern stílus ötvözete. Az eredeti Metropolis felszín készítője: Amra -  Stoli, jingai, Macgyver folytatja.</summary>
		<summary lang="it_IT">Un Mix di Retrò e Moderno.</summary>
		<summary lang="ko_KR">복고풍과 모던함의 혼합</summary>
		<summary lang="lt_LT">Retro ir modernaus mišinys</summary>
		<summary lang="ms_MY">Campuran Retro dan Modern</summary>
		<summary lang="nb_NO">En miks av retro og moderne.</summary>
		<summary lang="nl_NL">Bijgewerkt voor Eden, een mix van retro en modern. Originele Metropolis skin door Amra - voortgezet door Stoli, jingai, Macgyver</summary>
		<summary lang="pl_PL">Mieszanka tradycji z nowoczesnością.</summary>
		<summary lang="pt_BR">Atualizada para Eden, um Mix de Retro e Modern. Skin Original Metropolis por Amra - continuada por Stoli, jingai, Macgyver</summary>
		<summary lang="pt_PT">Uma Mistura de Retro e Modernidade.</summary>
		<summary lang="ru_RU">Смесь ретро и модерна</summary>
		<summary lang="sv_SE">En blandning av Retro och Modernt.</summary>
		<summary lang="zh_CN">复古与现代的混合体。</summary>
		<description lang="be_BY">Metropolis is designed to show as much media info as possible with easy to read text and icons. All while trying to keep the skin smooth and simple to use for all family members with multiple themes and customizable menus and views. Credit to Hitcher for Alaska Revisited which was used as a base for Metropolis.</description>
		<description lang="da_DK">Metropolis er designet til at vise så mange medier som muligt med læsbar tekst og ikoner. Alt sammen mens skin'et holdes strømlinet og simpelt at bruge for alle familiemedlemmer, med flere temaer og justerbare menuer og visninger. Tak til Hitcher for Alaska Revisited, det er blevet brugt som grundlag for Metropolis.</description>
		<description lang="de_DE">Metropolis wurde entwickelt, um mit leicht lesbarem Text und Symbolen so viele Medien-Informationen wie möglich darzustellen. Es wird versucht die Anzeige so ausgeglichen und einfach zu halten, um für jedes Familienmitglied mit verschiedenen Themen sowie anpassbaren Menüs und Anzeigen optimal bedienbar zu sein. Dank geht an Hitcher für sein Alaska Revisited, welches als Basis für Metropolis diente.</description>
		<description lang="el_GR">Το Metropolis είναι σχεδιασμένο να εμφανίζει κατά το δυνατόν περισσότερες πληροφορίες πολυμέσων μέσω ευανάγνωστου κειμένου και εικονιδίων. Όλα αυτά ενώ το κέλυφος παραμένει προσιτό και απλό στη χρήση από όλα τα μέλη της οικογένειας, με πολλαπλά θέματα και προσαρμόσιμα μενού και τύπους προβολής. Ευχαριστούμε τον Hitcher για το Alaska Revisited που αποτέλεσε τη βάση για το Metropolis.</description>
		<description lang="en_GB">Metropolis is designed to show as much media info as possible with easy to read text and icons. All while trying to keep the skin smooth and simple to use for all family members with multiple themes and customizable menus and views. Credit to Hitcher for Alaska Revisited which was used as a base for Metropolis.</description>
		<description lang="en_NZ">Metropolis is designed to show as much media info as possible with easy to read text and icons. All while trying to keep the skin smooth and simple to use for all family members with multiple themes and customisable menus and views. Credit to Hitcher for Alaska Revisited which was used as a base for Metropolis.</description>
		<description lang="en_US">Metropolis is designed to show as much media info as possible with easy to read text and icons. All while trying to keep the skin smooth and simple to use for all family members with multiple themes and customizable menus and views. Credit to Hitcher for Alaska Revisited which was used as a base for Metropolis.</description>
		<description lang="es_ES">Metrópolis está diseñada para mostrar en lo posible toda la información del contenido con texto fácil de leer e iconos. Todo ello procurando mantener una skin suave y de fácil uso para todos los miembros de la familia, con múltiples temas, vistas y menús personalizables. Agradecimientos a Hitcher, autor de la skin Alaska Revisited, la cual se usó como base para Metrópolis.</description>
		<description lang="fr_CA">Métropolis est conçu de façon à afficher autant d'information média que possible avec du texte et des icônes faciles à lire, tout en essayant de garder l'habillage aussi fluide et simple à utiliser pour tous les membres de la famille avec plusieurs thèmes et des menus et vues configurables. Crédit à Hitcher pour Alaska Revisité qui fut utilisé comme base pour Métropolis.</description>
		<description lang="fr_FR">Metropolis est conçu pour afficher le plus d'informations multimédia possible avec des icônes et du texte facile à lire. Tout en essayant de conserver l'habillage doux et simple afin de pouvoir être utilisé par tous les membres de la famille, il intègre de multiples thèmes, des vues et menus personnalisables. Les crédits vont à Hitcher pour Alaska Revisited utilisé comme base pour Metropolis.</description>
		<description lang="hu_HU">A Metropolis arra lett tervezve hogy annyi média infót jelenítsen meg amennyit csak lehet könnyen olvasható szövegekkel és ikonokkal. Mindeközben megpróbálja a felszínt annyira gördülékennyé és egyszerűvé tenni hogy a család minden tagja egyszerűen tudja használni több témával, egyedivé varázsolt menüvel és nézetekkel. Köszönet Hitcher-nek az Alaska Revisited-ért ami a Metropolis alapját adja.</description>
		<description lang="it_IT">Metropolis è stata creata per mostrare quante più informazioni possibili con testi ed icone leggibili. Il tutto cercando di mantenere l'aspetto leggero e semplice da usare per tutti i membri della famiglia, con molti temi, menu personalizzabili e varie visualizzazioni. Un ringraziamento a Hitcher per Alaska Revisited che è stata usata come base per la creazione di Metropolis.</description>
		<description lang="ko_KR">Metropolis는 읽기 쉬운 텍스트와 아이콘과 함께 가능한 많은 정보를 표시하도록 디자인 되었습니다. 또한 모든 가족 구성원이 각각의 테마와 사용자 설정 메뉴, 보기를 쉽고 간단하게 사용할 수 있게 유지하고자 노력하고 있습니다. Metropolis의 기초가 된 Alaska Revisited 스킨의 제작자 Hitcher에게 공을 돌립니다.</description>
		<description lang="lt_LT">Metropolis sukurtas taip, kad atvaizduotų kaip galima daugiau media įrašų informacijos su lengvais skaitomu tekstu ir piktogramomis. Visa tai padaryta stengiantis išlaikyti sklandžią teminę išvaizdą, kurią paprasta naudoti visiems šeimos nariams, su keletu temų ir adaptuojamais meniu ir rodiniais. Padėka Hitcher už Alaska Revisited, kuri buvo panaudota kaip pagrindas kuriant Metropolis.</description>
		<description lang="ms_MY">Metropolis direka untuk menunjukkan sebanyak mungkin maklumat media dengan cara teks dan ikon. Selain itu cuba kekalkan kelancaran kulit dan keringkasannya untuk diguna dengan pelbagai tema, menu dan paparan yang boleh disuai. Penghargaan buat Hitche atas Alaska Revisited yang mana ia digunakan sebagai dasar Metropolis.</description>
		<description lang="nb_NO">Metropolis er utviklet for å vise så mye mediainformasjon som mulig via lettlest tekst og ikoner. Samtidig er tanken å holde temaet polert og enkelt å bruke for alle familiemedlemmer med ulike oppsett og justerbare menyer. Takk til Hitcher over hos Alaska Revisited som er brukt som en base for Metropolis.</description>
		<description lang="nl_NL">Metropolis is ontworpen om zoveel media info als mogelijk te tonen met duidelijke tekst en iconen. Alles om de skin zo soepel en makkelijk te gebruiken door alle familieleden met meerdere thema's en aanpasbare menu's en views. Kudo's aan Hitcher voor 'Alaska Revisited', die als basis gebruikt is voor Metropolis.</description>
		<description lang="pl_PL">Metropolis zaprojektowano by pokazywać jak najwięcej informacji o mediach z czytelnymi napisami i ikonami. A wszystko to przy zachowaniu płynności i łatwości użycia przez wszystkich członków rodziny, z wieloma motywami tematycznymi i konfigurowalnymi widokami i menu. Słowa uznania należą się Hitcherowi za skórę Alaska Revisited, która była użyta jako podstawa dla Metropolis.</description>
		<description lang="pt_BR">Metropolis é projetado para exibir o máximo possível de informações da mídia com  textos fáceis de ler e ícones. Tudo ao mesmo tempo tentando manter a pele rápida e simples de usar para todos os membros da família com vários temas e menus customizáveis ​​e modos de visualização. Crédito para Hitcher por Alaska Revisited que foi utilizado como base para Metropolis</description>
		<description lang="pt_PT">A Metropolis está concebida para exibir tanta info de média quanto possível, com ícones e texto fácil de ler. Ao mesmo tempo, tenta manter um desempenho suave e uma utilização acessível para todos os membros da família, com várias aparências e personalização dos menus e das vistas. O Hitcher merece crédito pela criação de Alaska Revisited, que serviu de base para a Metropolis.</description>
		<description lang="ru_RU">Обложка Метрополис запроектирована так, чтобы показывать как можно больше информации о медиа, используя легко читаемые иконки и шрифты. При этом мы стараемся сохранить обложку быстрой и легкой в использовании для всех членов семьи.  Метрополис также предлагает дополнительные темы оформления и настраиваемые меню и режимы просмотра. &#10;Благодарности для Hitcher за его обложку Alaska Revisited, которая была взята за основу Метрополиса. </description>
		<description lang="sv_SE">Metropolis är utformat att visa så mycket mediainfo som möjligt, med text och ikoner som är lätta att läsa. Allt medan skalet är mjukt och enkelt nog att använda för alla familjemedlemmar, med flera teman, anpassningsbara menyer och vyer. Tack till Hitcher för Alaska Revisited som användes som bas för Metropolis.</description>
		<description lang="zh_CN">Metropolis旨在展示尽可能多的媒体信息同时尽可能易读的文字和图标。采用多项主题和自定义菜单及视图，同时试图保持皮肤流畅，并且对所有家庭成员都简单易用。感谢Hitcher的Alaska Revisited皮肤，它是Metropolis的基础。</description>
	        <disclaimer lang="en"></disclaimer>
		<language></language>
		<platform>all</platform>
		<license></license>
		<forum></forum>
		<website></website>
		<email></email>
		<source></source>
		<assets>
			<icon>resources/icon.png</icon>
			<fanart>resources/fanart.jpg</fanart>
			<screenshot>resources/screenshot01.jpg</screenshot>
			<screenshot>resources/screenshot02.jpg</screenshot>
			<screenshot>resources/screenshot03.jpg</screenshot>
			<screenshot>resources/screenshot04.jpg</screenshot>
			<screenshot>resources/screenshot05.jpg</screenshot>
			<screenshot>resources/screenshot06.jpg</screenshot>
			<screenshot>resources/screenshot07.jpg</screenshot>
			<screenshot>resources/screenshot08.jpg</screenshot>
			<screenshot>resources/screenshot09.jpg</screenshot>
			<screenshot>resources/screenshot10.jpg</screenshot>
			<screenshot>resources/screenshot11.jpg</screenshot>
			<screenshot>resources/screenshot12.jpg</screenshot>
			<screenshot>resources/screenshot13.jpg</screenshot>
			<screenshot>resources/screenshot14.jpg</screenshot>
			<screenshot>resources/screenshot15.jpg</screenshot>
			<screenshot>resources/screenshot22.jpg</screenshot>
			<screenshot>resources/screenshot24.jpg</screenshot>
		</assets>
		<news></news>
	</extension>
</addon>
