<?xml version="1.0" encoding="UTF-8"?>
<includes>
	<include name="Viewtype_Poster_Wrap">
		<control type="group">
			<visible>Control.IsVisible(57)</visible>
			<!-- Browser -->
			<control type="wraplist" id="57">
				<viewtype label="31282">wrap</viewtype>
				<onleft>57</onleft>
				<onright>57</onright>
				<visible>!Skin.HasSetting(NoViewPosterWrap)</visible>
				<include>PosterViewCommon_Browser</include>
			</control>
			<include>PosterViewCommon_Details</include>
			<include>ScrollBar_Horizontal</include>
		</control>
	</include>
</includes>
