<?xml version="1.0" encoding="UTF-8"?>
<window>
	<defaultcontrol always="true">410</defaultcontrol>
	<controls>
		<control type="panel">
			<content>plugin://skin.metropolisEMAD18?mode=2&text=$INFO[Player.FileNameAndPath]</content>
		</control>
		<control type="button" id="410">
			<onfocus>Dialog.Close(FullscreenInfo)</onfocus>
			<onfocus condition="!Skin.HasSetting(OneButtonSubtitles) + String.Contains(Skin.String(DefaultOSD),714)">SetFocus(14)</onfocus>
			<onfocus condition="!Skin.HasSetting(OneButtonSubtitles) + !String.IsEmpty(Skin.String(SubtitlesPath)) + String.Contains(Skin.String(DefaultOSD),714)">SetFocus(17)</onfocus>
			<onfocus condition="Skin.HasSetting(OneButtonSubtitles) + !VideoPlayer.HasSubtitles + String.Contains(Skin.String(DefaultOSD),714)">SetFocus(15)</onfocus>
			<onfocus condition="Skin.HasSetting(OneButtonSubtitles) + VideoPlayer.HasSubtitles + String.Contains(Skin.String(DefaultOSD),714)">SetFocus(16)</onfocus>
			<onfocus condition="String.Contains(Skin.String(DefaultOSD),711)">SetFocus(11)</onfocus>
			<onfocus condition="String.Contains(Skin.String(DefaultOSD),712)">SetFocus(12)</onfocus>
			<onfocus condition="String.Contains(Skin.String(DefaultOSD),79)">SetFocus(9)</onfocus>
			<onfocus condition="String.Contains(Skin.String(DefaultOSD),73)">SetFocus(3)</onfocus>
			<onfocus condition="String.Contains(Skin.String(DefaultOSD),75)">SetFocus(5)</onfocus>
			<onfocus condition="String.Contains(Skin.String(DefaultOSD),74)">SetFocus(4)</onfocus>
			<onfocus condition="String.Contains(Skin.String(DefaultOSD),76)">SetFocus(6)</onfocus>
			<onfocus condition="String.Contains(Skin.String(DefaultOSD),710)">SetFocus(10)</onfocus>
			<onfocus condition="String.Contains(Skin.String(DefaultOSD),713)">SetFocus(13)</onfocus>
			<onfocus condition="String.Contains(Skin.String(DefaultOSD),800)">SetFocus(800)</onfocus>
			<onfocus condition="String.Contains(Skin.String(DefaultOSD),801)">SetFocus(801)</onfocus>
			<onfocus condition="!String.Contains(Skin.String(DefaultOSD),714) + !String.Contains(Skin.String(DefaultOSD),713) + !String.Contains(Skin.String(DefaultOSD),710) + !String.Contains(Skin.String(DefaultOSD),76) + !String.Contains(Skin.String(DefaultOSD),74) + !String.Contains(Skin.String(DefaultOSD),75) + !String.Contains(Skin.String(DefaultOSD),73) + !String.Contains(Skin.String(DefaultOSD),79) + !String.Contains(Skin.String(DefaultOSD),712) + !String.Contains(Skin.String(DefaultOSD),711) + !String.Contains(Skin.String(DefaultOSD),800) + !String.Contains(Skin.String(DefaultOSD),801)">SetFocus(4)</onfocus>
		</control>
		<control type="group">
			<visible>!VideoPlayer.Content(LiveTV) + ![Window.IsVisible(SliderDialog) | Window.IsVisible(VideoBookmarks)]</visible>
			<include>Animation_OpenCloseFade</include>
			<include>Animation_FadedByOSDSettings</include>
			<include>OSD_Player_Banner</include>
			<include>OSD_Progress_Bar3</include>
			<include>OSD_Progress_Bar2</include>
			<include>OSD_Player_Details</include>
			<AAAinclude>OSD_Player_Time</AAAinclude>
			<include>MediaInfo2</include>
			<include>Global_Time</include>
			<control type="grouplist" id="2001">
				<posx>295</posx>
				<posy>665</posy>
				<width>800</width>
				<itemgap>-2</itemgap>
				<orientation>horizontal</orientation>
				<onleft>800</onleft>
				<onright>11</onright>
				<onup>Close</onup>
				<ondown>Close</ondown>
				<control type="button" id="1111">
					<description>Select Resolutions</description>
					<include>Animation_ButtonFocus</include>
					<height>56</height>
					<width>56</width>
					<texturefocus>buttons/button_templatewhite.png</texturefocus>
					<texturenofocus>buttons/button_templateblack.png</texturenofocus>
					<onclick>PlayerResolutionSelect</onclick>
					<visible>Player.HasResolutions</visible>
				</control>
				<control type="button" id="11">
					<description>Playlists</description>
					<include>Animation_ButtonFocus</include>
					<height>56</height>
					<width>56</width>
					<texturefocus>osd/osd_button_playlist_fo.png</texturefocus>
					<texturenofocus>osd/osd_button_playlist_nf.png</texturenofocus>
					<onclick>ActivateWindow(videoplaylist)</onclick>
				</control>
				<control type="button" id="12">
					<description>Bookmarks</description>
					<include>Animation_ButtonFocus</include>
					<height>56</height>
					<width>56</width>
					<texturefocus>osd/osd_button_book_fo.png</texturefocus>
					<texturenofocus>osd/osd_button_book_nf.png</texturenofocus>
					<onclick>ActivateWindow(videobookmarks)</onclick>
				</control>
				<control type="button" id="14">
					<description>OSD Subtitles</description>
					<include>Animation_ButtonFocus</include>
					<height>56</height>
					<width>56</width>
					<texturefocus>osd/osd_button_sub_fo.png</texturefocus>
					<texturenofocus>osd/osd_button_sub_nf.png</texturenofocus>
					<onclick>ActivateWindow(1119)</onclick>
					<onup>ActivateWindow(1119)</onup>
					<visible>!Skin.HasSetting(OneButtonSubtitles) + String.IsEmpty(Skin.String(SubtitlesPath))</visible>
				</control>
				<control type="button" id="17">
					<description>OSD Subtitles</description>
					<include>Animation_ButtonFocus</include>
					<height>56</height>
					<width>56</width>
					<texturefocus>osd/osd_button_sub_fo.png</texturefocus>
					<texturenofocus>osd/osd_button_sub_nf.png</texturenofocus>
					<onclick>ShowSubtitles</onclick>
					<onup>400</onup>
					<visible>!Skin.HasSetting(OneButtonSubtitles) + !String.IsEmpty(Skin.String(SubtitlesPath))</visible>
				</control>
				<control type="button" id="15">
					<description>One Button OSD Subtitles</description>
					<include>Animation_ButtonFocus</include>
					<height>56</height>
					<width>56</width>
					<texturefocus>osd/osd_button_sub_fo.png</texturefocus>
					<texturenofocus>osd/osd_button_sub_nf.png</texturenofocus>
					<onclick>Close</onclick>
					<onclick>Dialog.Close(VideoOSD)</onclick>
					<onclick>ActivateWindow(osdsubtitlesettings)</onclick>
					<visible>Skin.HasSetting(OneButtonSubtitles) + !VideoPlayer.HasSubtitles</visible>
				</control>
				<control type="button" id="16">
					<description>One Button OSD Subtitles</description>
					<include>Animation_ButtonFocus</include>
					<height>56</height>
					<width>56</width>
					<texturefocus>osd/osd_button_sub_fo.png</texturefocus>
					<texturenofocus>osd/osd_button_sub_nf.png</texturenofocus>
					<onclick>Dialog.Close(VideoOSD,true)</onclick>
					<onclick>ShowSubtitles</onclick>
					<visible>Skin.HasSetting(OneButtonSubtitles) + VideoPlayer.HasSubtitles</visible>
				</control>
				<control type="button" id="7">
					<description>DVD Menu</description>
					<include>Animation_ButtonFocus</include>
					<height>56</height>
					<width>56</width>
					<texturefocus>osd/osd_button_dvd_fo.png</texturefocus>
					<texturenofocus>osd/osd_button_dvd_nf.png</texturenofocus>
					<onclick>PlayerControl(ShowVideoMenu)</onclick>
					<visible>VideoPlayer.HasMenu</visible>
				</control>
				<control type="button" id="9">
					<description>Previous</description>
					<include>Animation_ButtonFocus</include>
					<height>56</height>
					<width>56</width>
					<texturefocus>osd/osd_button_prev_fo.png</texturefocus>
					<texturenofocus>osd/osd_button_prev_nf.png</texturenofocus>
					<onclick>PlayerControl(Previous)</onclick>
				</control>
				<control type="button" id="3">
					<description>Rewind</description>
					<include>Animation_ButtonFocus</include>
					<height>56</height>
					<width>56</width>
					<texturefocus>osd/osd_button_rew_fo.png</texturefocus>
					<texturenofocus>osd/osd_button_rew_nf.png</texturenofocus>
					<onclick>PlayerControl(rewind)</onclick>
				</control>
				<control type="button" id="5">
					<description>Stop</description>
					<include>Animation_ButtonFocus</include>
					<height>56</height>
					<width>56</width>
					<texturefocus>osd/osd_button_stop_fo.png</texturefocus>
					<texturenofocus>osd/osd_button_stop_nf.png</texturenofocus>
					<onclick>PlayerControl(stop)</onclick>
				</control>
				<control type="togglebutton" id="4">
					<description>Play</description>
					<include>Animation_ButtonFocus</include>
					<height>56</height>
					<width>56</width>
					<texturefocus>osd/osd_button_pause_tempo_fo.png</texturefocus>
					<texturenofocus>osd/osd_button_pause_nf.png</texturenofocus>
					<usealttexture>Player.Paused | Player.Forwarding | Player.Rewinding</usealttexture>
					<alttexturefocus>osd/osd_button_play_fo.png</alttexturefocus>
					<alttexturenofocus>osd/osd_button_play_nf.png</alttexturenofocus>
					<disabledcolor></disabledcolor>
					<colordiffuse></colordiffuse>
					<onclick>PlayerControl(play)</onclick>
					<onup condition="Player.TempoEnabled">PlayerControl(tempoup)</onup>
					<ondown condition="Player.TempoEnabled">PlayerControl(tempodown)</ondown>
				</control>
				<control type="button" id="6">
					<description>Forward</description>
					<include>Animation_ButtonFocus</include>
					<height>56</height>
					<width>56</width>
					<texturefocus>osd/osd_button_ff_fo.png</texturefocus>
					<texturenofocus>osd/osd_button_ff_nf.png</texturenofocus>
					<onclick condition="!Player.Paused">PlayerControl(forward)</onclick>
					<onclick condition="Player.Paused">PlayerControl(frameadvance(1))</onclick>
				</control>
				<control type="button" id="10">
					<description>Next</description>
					<include>Animation_ButtonFocus</include>
					<height>56</height>
					<width>56</width>
					<texturefocus>osd/osd_button_next_fo.png</texturefocus>
					<texturenofocus>osd/osd_button_next_nf.png</texturenofocus>
					<onclick>PlayerControl(Next)</onclick>
				</control>
				<control type="button" id="801">
					<description>Repeat</description>
					<include>Animation_ButtonFocus</include>
					<height>56</height>
					<width>56</width>
					<label></label>
					<texturefocus></texturefocus>
					<texturenofocus></texturenofocus>
					<onclick>PlayerControl(Repeat)</onclick>
				</control>
				<control type="group" id="802">
					<control type="image">
						<posx>-56</posx>
						<height>56</height>
						<width>56</width>
						<texture>osd/osd_button_repeat_nf.png</texture>
						<visible>!Playlist.IsRepeat | !Playlist.IsRepeatOne</visible>
						<visible>!Control.HasFocus(801)</visible>
					</control>
					<control type="image">
						<posx>-56</posx>
						<height>56</height>
						<width>56</width>
						<texture>osd/osd_button_repeat_fo.png</texture>
						<visible>!Playlist.IsRepeat + !Playlist.IsRepeatOne</visible>
						<visible>Control.HasFocus(801)</visible>
					</control>
					<control type="image">
						<posx>-56</posx>
						<height>56</height>
						<width>56</width>
						<texture>osd/osd_button_repeat_one_nf.png</texture>
						<visible>Playlist.IsRepeatOne</visible>
						<visible>!Control.HasFocus(801)</visible>
					</control>
					<control type="image">
						<posx>-56</posx>
						<height>56</height>
						<width>56</width>
						<texture>osd/osd_button_repeat_one_fo.png</texture>
						<visible>Playlist.IsRepeatOne</visible>
						<visible>Control.HasFocus(801)</visible>
					</control>
					<control type="image">
						<posx>-56</posx>
						<height>56</height>
						<width>56</width>
						<texture>osd/osd_button_repeat_all_nf.png</texture>
						<visible>Playlist.IsRepeat</visible>
						<visible>!Control.HasFocus(801)</visible>
					</control>
					<control type="image">
						<posx>-56</posx>
						<height>56</height>
						<width>56</width>
						<texture>osd/osd_button_repeat_all_fo.png</texture>
						<visible>Playlist.IsRepeat</visible>
						<visible>Control.HasFocus(801)</visible>
					</control>
				</control>
				<control type="button" id="11105">
					<description>OSDCMS Settings</description>
					<include>Animation_ButtonFocus</include>
					<height>60</height>
					<width>60</width>
					<texturefocus>osd/osd_button_osdcmssettings_fo.png</texturefocus>
					<texturenofocus>osd/osd_button_osdcmssettings_nf.png</texturenofocus>
					<onclick>ActivateWindow(osdcmssettings)</onclick>
					<visible>System.HasCMS</visible> 
				</control>
				<control type="button" id="13">
					<description>Video Settings</description>
					<include>Animation_ButtonFocus</include>
					<height>56</height>
					<width>56</width>
					<texturefocus>osd/osd_button_settings_fo.png</texturefocus>
					<texturenofocus>osd/osd_button_settings_nf.png</texturenofocus>
					<onclick>ActivateWindow(osdvideosettings)</onclick>
				</control>
				<control type="button" id="800">
					<description>Audio Settings</description>
					<include>Animation_ButtonFocus</include>
					<height>56</height>
					<width>56</width>
					<texturefocus>osd/osd_button_audio_fo.png</texturefocus>
					<texturenofocus>osd/osd_button_audio_nf.png</texturenofocus>
					<onclick>ActivateWindow(osdaudiosettings)</onclick>
				</control>
			</control>
		</control>

		<!-- LiveTV OSD -->
		<control type="group">
			<visible>VideoPlayer.Content(LiveTV)</visible>
			<include>Animation_OpenCloseFade</include>
			<include>Animation_FadedByOSDSettings</include>
			<include>OSD_Progress_Bar2</include>
			<include>OSD_Player_Details</include>

			<control type="grouplist" id="2002">
				<posx>295</posx>
				<posy>665</posy>
				<width>775</width>
				<itemgap>5</itemgap>
				<orientation>horizontal</orientation>
				<onleft>121</onleft>
				<onright>100</onright>
				<onup>Close</onup>
				<ondown>Close</ondown>
				<control type="button" id="100">
					<description>Previous Channel</description>
					<include>Animation_ButtonFocus</include>
					<height>56</height>
					<width>56</width>
					<texturefocus>osd/osd_button_channel_previous_fo.png</texturefocus>
					<texturenofocus>osd/osd_button_channel_previous_nf.png</texturenofocus>
					<onclick>PlayerControl(Previous)</onclick>
				</control>
				<control type="button" id="101">
					<description>Next Channel</description>
					<include>Animation_ButtonFocus</include>
					<height>56</height>
					<width>56</width>
					<texturefocus>osd/osd_button_channel_next_fo.png</texturefocus>
					<texturenofocus>osd/osd_button_channel_next_nf.png</texturenofocus>
					<onclick>PlayerControl(Next)</onclick>
				</control>
				<control type="button" id="105">
					<description>Telext</description>
					<include>Animation_ButtonFocus</include>
					<height>56</height>
					<width>56</width>
					<texturefocus>osd/osd_button_teletext_fo.png</texturefocus>
					<texturenofocus>osd/osd_button_teletext_nf.png</texturenofocus>
					<onclick>ActivateWindow(Teletext)</onclick>
				</control>
				<control type="button" id="106">
					<description>OSD EPG</description>
					<include>Animation_ButtonFocus</include>
					<height>56</height>
					<width>56</width>
					<texturefocus>osd/osd_button_epg_fo.png</texturefocus>
					<texturenofocus>osd/osd_button_epg_nf.png</texturenofocus>
					<onclick>ActivateWindow(PVROSDGuide)</onclick>
				</control>
				<control type="button" id="107">
					<description>OSD Channel</description>
					<include>Animation_ButtonFocus</include>
					<height>56</height>
					<width>56</width>
					<texturefocus>osd/osd_button_channels_fo.png</texturefocus>
					<texturenofocus>osd/osd_button_channels_nf.png</texturenofocus>
					<font>METF_PVRChannelList</font>
					<onclick>ActivateWindow(PVROSDChannels)</onclick>
				</control>
				<control type="button" id="115">
					<description>Rewind</description>
					<include>Animation_ButtonFocus</include>
					<height>56</height>
					<width>56</width>
					<texturefocus>osd/osd_button_rew_fo.png</texturefocus>
					<texturenofocus>osd/osd_button_rew_nf.png</texturenofocus>
					<onclick>PlayerControl(Rewind)</onclick>
					<enable>Player.SeekEnabled</enable>
				</control>
				<control type="button" id="110">
					<description>Stop</description>
					<include>Animation_ButtonFocus</include>
					<height>56</height>
					<width>56</width>
					<texturefocus>osd/osd_button_stop_fo.png</texturefocus>
					<texturenofocus>osd/osd_button_stop_nf.png</texturenofocus>
					<onclick>PlayerControl(stop)</onclick>
				</control>
				<control type="togglebutton" id="4">
					<description>Play</description>
					<include>Animation_ButtonFocus</include>
					<height>56</height>
					<width>56</width>
					<texturefocus>osd/osd_button_pause_fo.png</texturefocus>
					<texturenofocus>osd/osd_button_pause_nf.png</texturenofocus>
					<usealttexture>Player.Paused | Player.Forwarding | Player.Rewinding</usealttexture>
					<alttexturefocus>osd/osd_button_play_fo.png</alttexturefocus>
					<alttexturenofocus>osd/osd_button_play_nf.png</alttexturenofocus>
					<disabledcolor></disabledcolor>
					<colordiffuse></colordiffuse>
					<onclick>PlayerControl(play)</onclick>
				</control>
				<control type="button" id="114">
					<description>Forward</description>
					<include>Animation_ButtonFocus</include>
					<height>56</height>
					<width>56</width>
					<texturefocus>osd/osd_button_ff_fo.png</texturefocus>
					<texturenofocus>osd/osd_button_ff_nf.png</texturenofocus>
					<onclick>PlayerControl(Forward)</onclick>
					<enable>Player.SeekEnabled</enable>
				</control>
				<control type="button" id="112">
					<description>Record</description>
					<include>Animation_ButtonFocus</include>
					<height>56</height>
					<width>56</width>
					<texturefocus>osd/osd_button_record_off_fo.png</texturefocus>
					<texturenofocus>osd/osd_button_record_off_nf.png</texturenofocus>
					<onclick>PVR.ToggleRecordPlayingChannel</onclick>
					<enable>PVR.CanRecordPlayingChannel</enable>
					<visible>PVR.CanRecordPlayingChannel + !PVR.IsRecordingPlayingChannel</visible>
				</control>
				<control type="button" id="113">
					<description>Record</description>
					<include>Animation_ButtonFocus</include>
					<height>56</height>
					<width>56</width>
					<texturefocus>osd/osd_button_record_on_fo.png</texturefocus>
					<texturenofocus>osd/osd_button_record_on_nf.png</texturenofocus>
					<onclick>PVR.ToggleRecordPlayingChannel</onclick>
					<enable>PVR.CanRecordPlayingChannel</enable>
					<visible>PVR.CanRecordPlayingChannel + PVR.IsRecordingPlayingChannel</visible>
				</control>
				<control type="button" id="120">
					<description>Video Settings</description>
					<include>Animation_ButtonFocus</include>
					<height>56</height>
					<width>56</width>
					<texturefocus>osd/osd_button_settings_fo.png</texturefocus>
					<texturenofocus>osd/osd_button_settings_nf.png</texturenofocus>
					<onclick>ActivateWindow(osdvideosettings)</onclick>
				</control>
				<control type="button" id="121">
					<description>Audio Settings</description>
					<include>Animation_ButtonFocus</include>
					<height>56</height>
					<width>56</width>
					<texturefocus>osd/osd_button_audio_fo.png</texturefocus>
					<texturenofocus>osd/osd_button_audio_nf.png</texturenofocus>
					<onclick>ActivateWindow(osdaudiosettings)</onclick>
				</control>
			</control>
		</control>
		<include condition="Skin.HasSetting(DebugGrid)">Object_DebugGrid</include>
	</controls>
</window>
