<addon id="repository.emadtest" name="EMAD TEST Repository" version="0.0.1" provider-name="EMAD MAHDI">
	<requires>
		<import addon="repository.xbmchub" version="3.0.0" optional="false"/>
	</requires>
	<extension point="xbmc.addon.repository" name="EMAD Repository">
		<info compressed="false">https://github.com/emadmahdi/KODI/raw/master/ADDONS/addons.xml</info>
		<checksum>https://github.com/emadmahdi/KODI/raw/master/ADDONS/addons.xml.md5</checksum>
		<datadir zip="true">https://github.com/emadmahdi/KODI/raw/master/ADDONS/</datadir>
	</extension>
	<extension point="xbmc.addon.metadata">
		<summary lang="en">Install Add-ons from EMAD</summary>
		<description lang="en">Download and install add-ons from EMAD</description>
		<platform>all</platform>
	</extension>
</addon>
