<?xml version='1.0' encoding='UTF-8'?>
<shortcuts>
	<shortcut>
		<label>1037</label>
		<label2>32014</label2>
		<icon>DefaultAddonVideo.png</icon>
		<action>ActivateWindow(Videos,Addons,return)</action>
	</shortcut>
	<shortcut>
		<action>ActivateWindow(MusicLibrary,MusicVideos,return)</action>
		<label>20389</label>
		<label2>32034</label2>
		<icon />
		<thumb />
	</shortcut>
	<shortcut>
		<label>20342</label>
		<label2>32034</label2>
		<icon>DefaultMovies.png</icon>
		<action>ActivateWindow(Videos,videodb://movies/titles/,return)</action>
		<visible>Library.HasContent(Movies)</visible>
	</shortcut>
	<shortcut>
		<label>20343</label>
		<label2>32034</label2>
		<icon>DefaultTVShows.png</icon>
		<action>ActivateWindow(Videos,videodb://tvshows/titles/,return)</action>
		<visible>Library.HasContent(TVShows)</visible>
	</shortcut>
	<shortcut>
		<label>20389</label>
		<label2>32034</label2>
		<icon>DefaultMusicVideos.png</icon>
		<action>ActivateWindow(Videos,videodb://musicvideos/titles/,return)</action>
		<visible>Library.HasContent(MusicVideos)</visible>
	</shortcut>
	<shortcut>
		<label>136</label>
		<label2>32014</label2>
		<icon>DefaultPlaylist.png</icon>
		<action>ActivateWindow(Videos,videodb://playlists/,return)</action>
	</shortcut>
	<shortcut>
		<label>31289</label>
		<label2>32014</label2>
		<icon>DefaultFolder.png</icon>
		<action>ActivateWindow(Videos,Files,return)</action>
	</shortcut>
	<shortcut>
		<label>31465</label>
		<label2>32034</label2>
		<icon>DefaultShortcut.png</icon>
		<action>CleanLibrary(video)</action>
	</shortcut>
	<shortcut>
		<label>653</label>
		<label2>32034</label2>
		<icon>DefaultShortcut.png</icon>
		<action>UpdateLibrary(video)</action>
	</shortcut>
        <shortcut>
                <label>31334</label>
                <label2>32034</label2>
                <action>ActivateWindow(Videos,plugin://plugin.video.itunes_trailers,return)</action>
                <icon />
        </shortcut>
</shortcuts>
