<?xml version="1.0" encoding="UTF-8"?>
<includes>
	<visible>true</visible>

	<!-- Submenu title for all home views -->
	<include name="RecentlyAddedArrow1">
		<posx>238</posx>
		<posy>510</posy>
		<width>30</width>
		<height>30</height>
		<texture>ArrowLeft.png</texture>
		<colordiffuse>HelpArrowDiffuse</colordiffuse>
	</include>
	<include name="RecentlyAddedArrow2">
		<posx>625</posx>
		<posy>45</posy>
		<width>30</width>
		<height>30</height>
		<texture>ArrowUp.png</texture>
		<colordiffuse>HelpArrowDiffuse</colordiffuse>
	</include>
	<include name="RecentlyAddedArrow3">
		<posx>625</posx>
		<posy>420</posy>
		<width>30</width>
		<height>30</height>
		<texture>ArrowUp.png</texture>
		<colordiffuse>HelpArrowDiffuse</colordiffuse>
	</include>
	<include name="RecentlyAddedTitle1">
		<posx>270</posx>
		<posy>513</posy>
		<width>570</width>
		<height>25</height>
		<align>left</align>
		<aligny>center</aligny>
		<font>METF_RecentlyAddedTitle</font>
		<textcolor>HomeMenuText</textcolor>
	</include>
	<include name="RecentlyAddedTitle2">
		<posx>355</posx>
		<posy>75</posy>
		<width>570</width>
		<height>25</height>
		<align>center</align>
		<aligny>center</aligny>
		<font>METF_RecentlyAddedTitle</font>
		<textcolor>HomeMenuText</textcolor>
	</include>
	<include name="RecentlyAddedTitle3">
		<posx>355</posx>
		<posy>400</posy>
		<width>570</width>
		<height>25</height>
		<align>center</align>
		<aligny>center</aligny>
		<font>METF_RecentlyAddedTitle</font>
		<textcolor>HomeMenuText</textcolor>
	</include>

	<!-- Home Stats/Media Totals -->
	<include name="HomeStats">
		<control type="group">
			<include>Animation_OpenCloseFade</include>
			<include>Animation_FadedByMenu</include>
			<include>Animation_HiddenByInfo</include>
			<animation effect="fade" start="100" end="0" delay="200" time="200" condition="Control.HasFocus(9001) + ![Skin.HasSetting(Home2) | Skin.HasSetting(Home3)]">conditional</animation>
			<animation effect="fade" start="0" end="100" time="0" condition="Control.HasFocus(9001) + ![Skin.HasSetting(Home2) | Skin.HasSetting(Home3)]">WindowClose</animation>
			<animation effect="slide" start="180,0" end="0,0" tween="back" easing="out" time="300">Visible</animation>
			<animation effect="slide" start="0,0" end="180,0" tween="quadratic" easing="in" time="300">Hidden</animation>
			<visible>Skin.HasSetting(HomeStats) + [[!Control.HasFocus(9001) + ![Skin.HasSetting(Home2) | Skin.HasSetting(Home3)]] | [[Skin.HasSetting(Home2) | Skin.HasSetting(Home3)] + ![Player.HasAudio + [Skin.HasSetting(MusicSongInfoOverlay) | Skin.HasSetting(MediaOverlay)]] + ![Player.HasVideo + Skin.HasSetting(MediaOverlay)]]]</visible>
			<control type="grouplist">
				<include condition="![Skin.HasSetting(Home2) | Skin.HasSetting(Home3)]">HomeStatsPosition1</include>
				<include condition="Skin.HasSetting(Home2)">HomeStatsPosition2</include>
				<include condition="Skin.HasSetting(Home3)">HomeStatsPosition3</include>
				<orientation>vertical</orientation>
				<align>left</align>
				<aligny>top</aligny>
				<itemgap>25</itemgap>
				<control type="label">
					<description>Profile Name</description>
					<height>25</height>
					<label>$INFO[System.ProfileName]</label>
					<align>left</align>
					<aligny>top</aligny>
					<font>METF_HomeStatsTitle</font>
					<textcolor>TimeAMPM</textcolor>
					<wrapmultiline>true</wrapmultiline>
					<visible>System.HasLoginScreen</visible>
				</control>

				<!-- Movies -->
				<control type="grouplist">
					<height>74</height>
					<orientation>vertical</orientation>
					<itemgap>0</itemgap>
					<visible>IntegerGreaterThan(Window.Property(Movies.Count),0) + [![Skin.HasSetting(Home2) | Skin.HasSetting(Home3)] | [StringCompare(Container(9000).ListItem.Property(labelID),movies)]]</visible>
					<control type="grouplist">
						<height>24</height>
						<orientation>horizontal</orientation>
						<control type="label">
							<label>$LOCALIZE[20342]</label>
							<include condition="![Skin.HasSetting(Home2) | Skin.HasSetting(Home3)]">HomeStatsDetails1</include>
							<include condition="Skin.HasSetting(Home2)">HomeStatsDetails2</include>
							<include condition="Skin.HasSetting(Home3)">HomeStatsDetails3</include>
							<visible>!IsEmpty(Window.Property(Movies.Count))</visible>
						</control>
						<control type="label">
							<label>$INFO[Window.Property(Movies.Count)]</label>
							<include condition="![Skin.HasSetting(Home2) | Skin.HasSetting(Home3)]">HomeStatsDetailsNumber1</include>
							<include condition="Skin.HasSetting(Home2)">HomeStatsDetailsNumber2</include>
							<include condition="Skin.HasSetting(Home3)">HomeStatsDetailsNumber3</include>
						</control>
					</control>
					<control type="grouplist">
						<height>24</height>
						<orientation>horizontal</orientation>
						<control type="label">
							<label>$LOCALIZE[16101]</label>
							<include condition="![Skin.HasSetting(Home2) | Skin.HasSetting(Home3)]">HomeStatsDetails1</include>
							<include condition="Skin.HasSetting(Home2)">HomeStatsDetails2</include>
							<include condition="Skin.HasSetting(Home3)">HomeStatsDetails3</include>
							<visible>!IsEmpty(Window.Property(Movies.UnWatched))</visible>
						</control>
						<control type="label">
							<label>$INFO[Window.Property(Movies.UnWatched)]</label>
							<include condition="![Skin.HasSetting(Home2) | Skin.HasSetting(Home3)]">HomeStatsDetailsNumber1</include>
							<include condition="Skin.HasSetting(Home2)">HomeStatsDetailsNumber2</include>
							<include condition="Skin.HasSetting(Home3)">HomeStatsDetailsNumber3</include>
						</control>
					</control>
					<control type="grouplist">
						<height>24</height>
						<orientation>horizontal</orientation>
						<control type="label">
							<label>$LOCALIZE[16102]</label>
							<include condition="![Skin.HasSetting(Home2) | Skin.HasSetting(Home3)]">HomeStatsDetails1</include>
							<include condition="Skin.HasSetting(Home2)">HomeStatsDetails2</include>
							<include condition="Skin.HasSetting(Home3)">HomeStatsDetails3</include>
						</control>
						<control type="label">
							<label>$INFO[Window.Property(Movies.Watched)]</label>
							<include condition="![Skin.HasSetting(Home2) | Skin.HasSetting(Home3)]">HomeStatsDetailsNumber1</include>
							<include condition="Skin.HasSetting(Home2)">HomeStatsDetailsNumber2</include>
							<include condition="Skin.HasSetting(Home3)">HomeStatsDetailsNumber3</include>
						</control>
					</control>
				</control>

				<!-- TV Shows -->
				<control type="grouplist">
					<height>74</height>
					<orientation>vertical</orientation>
					<itemgap>0</itemgap>
					<visible>IntegerGreaterThan(Window.Property(Episodes.Count),0) + [![Skin.HasSetting(Home2) | Skin.HasSetting(Home3)] | [StringCompare(Container(9000).ListItem.Property(labelID),tvshows)]]</visible>
					<control type="grouplist">
						<height>24</height>
						<orientation>horizontal</orientation>
						<control type="label">
							<label>$LOCALIZE[20343]</label>
							<include condition="![Skin.HasSetting(Home2) | Skin.HasSetting(Home3)]">HomeStatsDetails1</include>
							<include condition="Skin.HasSetting(Home2)">HomeStatsDetails2</include>
							<include condition="Skin.HasSetting(Home3)">HomeStatsDetails3</include>
							<visible>!IsEmpty(Window.Property(TVShows.Count))</visible>
						</control>
						<control type="label">
							<label>$INFO[Window.Property(TVShows.Count)]</label>
							<include condition="![Skin.HasSetting(Home2) | Skin.HasSetting(Home3)]">HomeStatsDetailsNumber1</include>
							<include condition="Skin.HasSetting(Home2)">HomeStatsDetailsNumber2</include>
							<include condition="Skin.HasSetting(Home3)">HomeStatsDetailsNumber3</include>
						</control>
					</control>
					<control type="grouplist">
						<height>24</height>
						<orientation>horizontal</orientation>
						<control type="label">
							<label>$LOCALIZE[20360]</label>
							<include condition="![Skin.HasSetting(Home2) | Skin.HasSetting(Home3)]">HomeStatsDetails1</include>
							<include condition="Skin.HasSetting(Home2)">HomeStatsDetails2</include>
							<include condition="Skin.HasSetting(Home3)">HomeStatsDetails3</include>
							<visible>!IsEmpty(Window.Property(Episodes.Count))</visible>
						</control>
						<control type="label">
							<label>$INFO[Window.Property(Episodes.Count)]</label>
							<include condition="![Skin.HasSetting(Home2) | Skin.HasSetting(Home3)]">HomeStatsDetailsNumber1</include>
							<include condition="Skin.HasSetting(Home2)">HomeStatsDetailsNumber2</include>
							<include condition="Skin.HasSetting(Home3)">HomeStatsDetailsNumber3</include>
						</control>
					</control>
					<control type="grouplist">
						<height>24</height>
						<orientation>horizontal</orientation>
						<control type="label">
							<label>$LOCALIZE[16101]</label>
							<include condition="![Skin.HasSetting(Home2) | Skin.HasSetting(Home3)]">HomeStatsDetails1</include>
							<include condition="Skin.HasSetting(Home2)">HomeStatsDetails2</include>
							<include condition="Skin.HasSetting(Home3)">HomeStatsDetails3</include>
							<visible>!IsEmpty(Window.Property(Episodes.UnWatched))</visible>
						</control>
						<control type="label">
							<label>$INFO[Window.Property(Episodes.UnWatched)]</label>
							<include condition="![Skin.HasSetting(Home2) | Skin.HasSetting(Home3)]">HomeStatsDetailsNumber1</include>
							<include condition="Skin.HasSetting(Home2)">HomeStatsDetailsNumber2</include>
							<include condition="Skin.HasSetting(Home3)">HomeStatsDetailsNumber3</include>
						</control>
					</control>
				</control>

				<!-- Music -->
				<control type="grouplist">
					<height>74</height>
					<orientation>vertical</orientation>
					<itemgap>0</itemgap>
					<visible>IntegerGreaterThan(Window.Property(Music.SongsCount),0) + [![Skin.HasSetting(Home2) | Skin.HasSetting(Home3)] | [StringCompare(Container(9000).ListItem.Property(labelID),music)]]</visible>
					<control type="grouplist">
						<height>24</height>
						<orientation>horizontal</orientation>
						<control type="label">
							<label>$LOCALIZE[133]</label>
							<include condition="![Skin.HasSetting(Home2) | Skin.HasSetting(Home3)]">HomeStatsDetails1</include>
							<include condition="Skin.HasSetting(Home2)">HomeStatsDetails2</include>
							<include condition="Skin.HasSetting(Home3)">HomeStatsDetails3</include>
							<visible>!IsEmpty(Window.Property(Music.ArtistsCount))</visible>
						</control>
						<control type="label">
							<label>$INFO[Window.Property(Music.ArtistsCount)]</label>
							<include condition="![Skin.HasSetting(Home2) | Skin.HasSetting(Home3)]">HomeStatsDetailsNumber1</include>
							<include condition="Skin.HasSetting(Home2)">HomeStatsDetailsNumber2</include>
							<include condition="Skin.HasSetting(Home3)">HomeStatsDetailsNumber3</include>
						</control>
					</control>
					<control type="grouplist">
						<height>24</height>
						<orientation>horizontal</orientation>
						<control type="label">
							<label>$LOCALIZE[132]</label>
							<include condition="![Skin.HasSetting(Home2) | Skin.HasSetting(Home3)]">HomeStatsDetails1</include>
							<include condition="Skin.HasSetting(Home2)">HomeStatsDetails2</include>
							<include condition="Skin.HasSetting(Home3)">HomeStatsDetails3</include>
							<visible>!IsEmpty(Window.Property(Music.AlbumsCount))</visible>
						</control>
						<control type="label">
							<label>$INFO[Window.Property(Music.AlbumsCount)]</label>
							<include condition="![Skin.HasSetting(Home2) | Skin.HasSetting(Home3)]">HomeStatsDetailsNumber1</include>
							<include condition="Skin.HasSetting(Home2)">HomeStatsDetailsNumber2</include>
							<include condition="Skin.HasSetting(Home3)">HomeStatsDetailsNumber3</include>
						</control>
					</control>
					<control type="grouplist">
						<height>24</height>
						<orientation>horizontal</orientation>
						<control type="label">
							<label>$LOCALIZE[134]</label>
							<include condition="![Skin.HasSetting(Home2) | Skin.HasSetting(Home3)]">HomeStatsDetails1</include>
							<include condition="Skin.HasSetting(Home2)">HomeStatsDetails2</include>
							<include condition="Skin.HasSetting(Home3)">HomeStatsDetails3</include>
							<visible>!IsEmpty(Window.Property(Music.SongsCount))</visible>
						</control>
						<control type="label">
							<label>$INFO[Window.Property(Music.SongsCount)]</label>
							<include condition="![Skin.HasSetting(Home2) | Skin.HasSetting(Home3)]">HomeStatsDetailsNumber1</include>
							<include condition="Skin.HasSetting(Home2)">HomeStatsDetailsNumber2</include>
							<include condition="Skin.HasSetting(Home3)">HomeStatsDetailsNumber3</include>
						</control>
					</control>
				</control>

				<!-- Music Videos -->
				<control type="grouplist">
					<height>26</height>
					<orientation>vertical</orientation>
					<itemgap>0</itemgap>
					<visible>IntegerGreaterThan(Window.Property(MusicVideos.Count),0) + [![Skin.HasSetting(Home2) | Skin.HasSetting(Home3)] | [StringCompare(Container(9000).ListItem.Property(labelID),musicvideos)]]</visible>
					<control type="grouplist">
						<height>24</height>
						<orientation>horizontal</orientation>
						<control type="label">
							<label>$LOCALIZE[20389]</label>
							<include condition="![Skin.HasSetting(Home2) | Skin.HasSetting(Home3)]">HomeStatsDetails1</include>
							<include condition="Skin.HasSetting(Home2)">HomeStatsDetails2</include>
							<include condition="Skin.HasSetting(Home3)">HomeStatsDetails3</include>
							<visible>!IsEmpty(Window.Property(MusicVideos.Count))</visible>
						</control>
						<control type="label">
							<label>$INFO[Window.Property(MusicVideos.Count)]</label>
							<include condition="![Skin.HasSetting(Home2) | Skin.HasSetting(Home3)]">HomeStatsDetailsNumber1</include>
							<include condition="Skin.HasSetting(Home2)">HomeStatsDetailsNumber2</include>
							<include condition="Skin.HasSetting(Home3)">HomeStatsDetailsNumber3</include>
						</control>
					</control>
				</control>
			</control>
		</control>
	</include>

	<include name="HomeDeck">
		<control type="group" id="9004">
			<animation effect="fade" start="100" end="0" time="0" condition="[Skin.HasSetting(Home2) | Skin.HasSetting(Home3)] + Control.HasFocus(9001)">conditional</animation>
			<animation effect="fade" start="0" end="100" delay="200" time="200" condition="[Skin.HasSetting(Home2) | Skin.HasSetting(Home3)] + !Control.HasFocus(9001)">conditional</animation>

			<!-- Widgets for all home views -->
			<control type="group">
				<include>Animation_OpenCloseFade</include>
				<include>Animation_FadedByMenu</include>
				<include>Animation_HiddenByInfo</include>
				<!-- Widget arrow for all home views -->
				<control type="image">
					<include condition="![Skin.HasSetting(Home2) | Skin.HasSetting(Home3)]">RecentlyAddedArrow1</include>
					<include condition="Skin.HasSetting(Home2)">RecentlyAddedArrow2</include>
					<include condition="Skin.HasSetting(Home3)">RecentlyAddedArrow3</include>
					<visible>!IsEmpty(Container(9000).ListItem.Property(widget))</visible>
					<visible>![Control.HasFocus(8000) | Control.HasFocus(8001) | Control.HasFocus(8002) | Control.HasFocus(8003)]</visible>
				</control>
				<!-- Widget titles for all home views -->
				<control type="label">
					<include condition="![Skin.HasSetting(Home2) | Skin.HasSetting(Home3)]">RecentlyAddedTitle1</include>
					<include condition="Skin.HasSetting(Home2)">RecentlyAddedTitle2</include>
					<include condition="Skin.HasSetting(Home3)">RecentlyAddedTitle3</include>
					<label>[B]$INFO[Container(9000).ListItem.Property(widgetName)][/B]</label>
					<shadowcolor>ff000000</shadowcolor>
					<visible>!IsEmpty(Container(9000).ListItem.Property(widget))</visible>
					<visible>![Control.HasFocus(8000) | Control.HasFocus(8001) | Control.HasFocus(8002) | Control.HasFocus(8003)]</visible>
				</control>
			</control>

			<!-- Widgets -->
			<control type="group" id="9002">
				<control type="button" id="8001">
					<description>Fake button for picture-based widgets</description>
					<onup>Control.Move(8000,-1)</onup>
					<ondown>Control.Move(8000,1)</ondown>
					<onleft>9000</onleft>
					<onright>9000</onright>
					<onclick condition="IsEmpty(Container(8000).ListItem.PicturePath)">ShowPicture($INFO[Container(8000).ListItem.Thumb])</onclick>
					<visible>StringCompare(Container(9000).ListItem.Property(widgetType),pictures)</visible>
				</control>

				<include>skinshortcuts-template-widget</include>
			</control>
		</control>
	</include>

	<!-- Vertical List Widget elements -->
	<include name="Widget_VerticalList">
		<include>Animation_CommonFadeNoHide</include>
		<include>Animation_FadedByMenu</include>
		<include>Animation_HiddenByInfo</include>
		<animation effect="fade" start="100" end="0" time="0">Hidden</animation>
		<animation effect="fade" start="0" end="100" time="200" delay="100" >Visible</animation>
		<posx>522</posx>
		<posy>563</posy>
		<width>510</width>
		<height>135</height>
		<onup>8000</onup>
		<ondown>8000</ondown>
		<onleft>9000</onleft>
		<onright>9001</onright>
		<viewtype>list</viewtype>
		<orientation>vertical</orientation>
		<scrolltime>200</scrolltime>
		<itemlayout width="510" height="27">
			<control type="label">
				<posx>10</posx>
				<posy>-2</posy>
				<width>500</width>
				<height>27</height>
				<align>left</align>
				<aligny>center</aligny>
				<scrollout>false</scrollout>
				<pauseatend>600</pauseatend>
				<scrollspeed>20</scrollspeed>
				<font>METF_RecentlyAddedListText</font>
				<textcolor>RecentlyAddedNF</textcolor>
				<label>$VAR[GlobalWidgetLabel]</label>
				<visible>[[![Skin.HasSetting(Home2) | Skin.HasSetting(Home3)] + !Skin.HasSetting(HideUnfocusedWidgets)] + !IsEmpty(Container(9000).ListItem.Property(widget))] | [Control.HasFocus(8000) | Control.HasFocus(8001) | Control.HasFocus(8002) | Control.HasFocus(8003)]</visible>
			</control>
		</itemlayout>
		<focusedlayout width="510" height="27">
			<!-- Focus Bar -->
			<control type="image">
				<posx>0</posx>
				<posy>0</posy>
				<width>510</width>
				<height>27</height>
				<aligny>center</aligny>
				<texture>FocusLine.png</texture>
				<colordiffuse>FocusBar</colordiffuse>
				<visible>[[![Skin.HasSetting(Home2) | Skin.HasSetting(Home3)] + !Skin.HasSetting(HideUnfocusedWidgets)] + !IsEmpty(Container(9000).ListItem.Property(widget))] | [Control.HasFocus(8000) | Control.HasFocus(8001) | Control.HasFocus(8002) | Control.HasFocus(8003)]</visible>
			</control>
			<control type="label">
				<posx>10</posx>
				<posy>-2</posy>
				<width>500</width>
				<height>27</height>
				<align>left</align>
				<aligny>center</aligny>
				<scrollout>false</scrollout>
				<pauseatend>600</pauseatend>
				<scrollspeed>20</scrollspeed>
				<font>METF_RecentlyAddedListText</font>
				<textcolor>FocusBarText</textcolor>
				<label>$VAR[GlobalWidgetLabel]</label>
				<visible>[[![Skin.HasSetting(Home2) | Skin.HasSetting(Home3)] + !Skin.HasSetting(HideUnfocusedWidgets)] + !IsEmpty(Container(9000).ListItem.Property(widget))] | [Control.HasFocus(8000) | Control.HasFocus(8001) | Control.HasFocus(8002) | Control.HasFocus(8003)]</visible>
			</control>
		</focusedlayout>
	</include>

	<!-- PVR Status Widget -->
	<include name="Widget_PVRStatus">
		<left>470</left>
		<top>554</top>
		<animation effect="fade" start="100" end="0" time="200" condition="Window.IsActive(Favourites)">conditional</animation>
		<width>800</width>
		<height>160</height>
		<control type="group">
			<height>80</height>
			<visible>PVR.HasNonRecordingTimer</visible>
			<control type="image">
				<left>-100</left>
				<width>80</width>
				<height>80</height>
				<aspectratio>keep</aspectratio>
				<texture background="true" fallback="DefaultVideoCover.png">$INFO[PVR.NextRecordingChannelIcon]</texture>
				<bordertexture border="8">frames/thumb_border_round2.png</bordertexture>
				<bordersize>4</bordersize>
			</control>
			<control type="image">
				<left>0</left>
				<top>5</top>
				<width>25</width>
				<height>25</height>
				<aspectratio>keep</aspectratio>
				<texture>pvr/PVR-HasTimer.png</texture>
			</control>
			<control type="label">
				<description>Next Timer Header label</description>
				<left>40</left>
				<top>5</top>
				<width>400</width>
				<height>25</height>
				<label>$LOCALIZE[19157]</label>
				<align>left</align>
				<aligny>center</aligny>
				<font>METF_RecentlyAddedListText</font>
				<textcolor>Temp</textcolor>
				<shadowcolor>black</shadowcolor>
			</control>
			<control type="label">
				<description>NextRecordingDateTime</description>
				<left>0</left>
				<top>30</top>
				<width>400</width>
				<height>25</height>
				<label>$INFO[PVR.NextRecordingDateTime,$LOCALIZE[19126] - ]</label>
				<align>left</align>
				<aligny>center</aligny>
				<font>METF_RecentlyAddedListText</font>
				<textcolor>RecentlyAddedNF</textcolor>
				<scroll>true</scroll>
				<shadowcolor>black</shadowcolor>
			</control>
			<control type="label">
				<description>NextRecordingTitle Channel</description>
				<left>0</left>
				<top>50</top>
				<width>800</width>
				<height>25</height>
				<label>$INFO[PVR.NextRecordingTitle][COLOR=SubmenuTextFocused]$INFO[PVR.NextRecordingChannel, - [COLOR=SubmenuTextFocused]([/COLOR],[COLOR=SubmenuTextFocused])[/COLOR]][/COLOR]</label>
				<align>left</align>
				<aligny>center</aligny>
				<font>METF_RecentlyAddedListText</font>
				<textcolor>RecentlyAddedNF</textcolor>
				<shadowcolor>black</shadowcolor>
				<scroll>true</scroll>
			</control>
		</control>
		<control type="group">
			<animation effect="slide" start="0,0" end="0,-84" time="0" condition="!PVR.HasNonRecordingTimer">conditional</animation>
			<top>0</top>
			<height>80</height>
			<visible>PVR.IsRecording</visible>
			<control type="image">
				<left>-100</left>
				<top>0</top>
				<width>80</width>
				<height>80</height>
				<aspectratio>keep</aspectratio>
				<texture background="true" fallback="DefaultVideoCover.png">$INFO[PVR.NowRecordingChannelIcon]</texture>
				<bordertexture border="8">frames/thumb_border_round2.png</bordertexture>
				<bordersize>4</bordersize>
			</control>
			<control type="image">
				<left>0</left>
				<top>5</top>
				<width>30</width>
				<height>25</height>
				<aspectratio>keep</aspectratio>
				<texture>pvr/PVR-IsRecording.png</texture>
			</control>
			<control type="label">
				<description>Is Recording Header label</description>
				<left>40</left>
				<top>5</top>
				<width>400</width>
				<height>25</height>
				<label>$LOCALIZE[19158]</label>
				<align>left</align>
				<aligny>center</aligny>
				<font>METF_RecentlyAddedListText</font>
				<textcolor>Temp</textcolor>
				<shadowcolor>black</shadowcolor>
			</control>
			<control type="label">
				<description>NextRecordingDateTime</description>
				<left>0</left>
				<top>30</top>
				<width>400</width>
				<height>25</height>
				<label>$INFO[PVR.NowRecordingDateTime,$LOCALIZE[19126] - ]</label>
				<align>left</align>
				<aligny>center</aligny>
				<font>METF_RecentlyAddedListText</font>
				<textcolor>RecentlyAddedNF</textcolor>
				<scroll>true</scroll>
				<shadowcolor>black</shadowcolor>
			</control>
			<control type="label">
				<description>NextRecordingTitle Channel</description>
				<left>0</left>
				<top>50</top>
				<width>800</width>
				<height>25</height>
				<label>$INFO[PVR.NowRecordingTitle][COLOR=SubmenuTextFocused]$INFO[PVR.NowRecordingChannel, - [COLOR=SubmenuTextFocused]([/COLOR],[COLOR=SubmenuTextFocused])[/COLOR]][/COLOR]</label>
				<align>left</align>
				<aligny>center</aligny>
				<font>METF_RecentlyAddedListText</font>
				<textcolor>RecentlyAddedNF</textcolor>
				<shadowcolor>black</shadowcolor>
				<scroll>true</scroll>
			</control>
		</control>
	</include>

	<!-- Weather Forecast Widget -->
	<include name="Widget_WeatherForecast">
		<left>WeatherHomeLeft</left>
		<top>WeatherHomeTop</top>
		<height>WeatherHomeHeight</height>
		<orientation>horizontal</orientation>
		<itemgap>5</itemgap>
		<!-- Current Day Forecast -->
		<control type="group">
			<width>WeatherHomeWidth</width>
			<control type="image">
				<posy>0</posy>
				<texture>WeatherDayBG.png</texture>
				<colordiffuse>WeatherBGDiffuse</colordiffuse>
			</control>
			<control type="multiimage">
				<height>40</height>
				<posy>5</posy>
				<include>Weather_Icon_Common</include>
				<imagepath>$VAR[Weather_Icons_Day0]</imagepath>
			</control>
			<control type="label">
				<label>$LOCALIZE[33006]</label>
				<posy>35</posy>
				<align>center</align>
				<font>METF_WeatherDayName7Day</font>
				<textcolor>WeatherDay</textcolor>
			</control>
			<control type="label">
				<info>Window(2600).Property(Daily.1.Outlook)</info>
				<posy>60</posy>
				<font>METF_WeatherOutlookHome</font>
				<align>center</align>
				<textcolor>WeatherDetails</textcolor>
				<wrapmultiline>true</wrapmultiline>
				<visible>!SubString(Window(2600).Property(Daily.1.Outlook),Chance)</visible>
			</control>
			<control type="label">
				<label>$INFO[Window(2600).Property(Daily.1.Outlook)] $INFO[Window(2600).Property(Daily.1.ChancePrecipitation)]</label>
				<posy>60</posy>
				<font>METF_WeatherOutlookHome</font>
				<align>center</align>
				<textcolor>WeatherDetails</textcolor>
				<wrapmultiline>true</wrapmultiline>
				<visible>SubString(Window(2600).Property(Daily.1.Outlook),Chance)</visible>
			</control>
			<control type="label">
				<label>$INFO[Window(2600).Property(Day0.HighTemp)]</label>
				<posy>100</posy>
				<align>center</align>
				<font>METF_WeatherHighHome</font>
				<textcolor>WeatherHighTemp</textcolor>
				<visible>!IsEmpty(Window(2600).Property(Day0.HighTemp))</visible>
			</control>
			<control type="label">
				<label>$LOCALIZE[31010]</label>
				<posy>100</posy>
				<align>center</align>
				<font>METF_WeatherHighHome</font>
				<textcolor>WeatherHighTemp</textcolor>
				<visible>IsEmpty(Window(2600).Property(Day0.HighTemp))</visible>
			</control>
			<control type="label">
				<label>$INFO[Window(2600).Property(Day0.LowTemp)]</label>
				<posy>125</posy>>
				<align>center</align>
				<font>METF_WeatherLowHome</font>
				<textcolor>WeatherLowTemp</textcolor>
				<visible>!IsEmpty(Window(2600).Property(Day0.LowTemp))</visible>
			</control>
			<control type="label">
				<label>$LOCALIZE[31010]</label>
				<posy>125</posy>
				<align>center</align>
				<font>METF_WeatherLowHome</font>
				<textcolor>WeatherLowTemp</textcolor>
				<visible>IsEmpty(Window(2600).Property(Day0.LowTemp))</visible>
			</control>
		</control>
		<!-- Next Day Forecast or One Day From Today -->
		<control type="group">
			<width>WeatherHomeWidth</width>
			<control type="image">
				<posy>0</posy>
				<texture>WeatherDayBG.png</texture>
				<colordiffuse>WeatherBGDiffuse</colordiffuse>
			</control>
			<control type="multiimage">
				<height>40</height>
				<posy>5</posy>
				<include>Weather_Icon_Common</include>
				<imagepath>$VAR[Weather_Icons_Day1]</imagepath>
			</control>
			<control type="label">
				<info>Window(2600).Property(Day1.Title)</info>
				<posy>35</posy>
				<align>center</align>
				<font>METF_WeatherDayName7Day</font>
				<textcolor>WeatherDay</textcolor>
			</control>
			<control type="label">
				<info>Window(2600).Property(Daily.2.Outlook)</info>
				<posy>60</posy>
				<font>METF_WeatherOutlookHome</font>
				<align>center</align>
				<textcolor>WeatherDetails</textcolor>
				<wrapmultiline>true</wrapmultiline>
				<visible>!SubString(Window(2600).Property(Daily.2.Outlook),Chance)</visible>
			</control>
			<control type="label">
				<label>$INFO[Window(2600).Property(Daily.2.Outlook)] $INFO[Window(2600).Property(Daily.2.ChancePrecipitation)]</label>
				<posy>60</posy>
				<font>METF_WeatherOutlookHome</font>
				<align>center</align>
				<textcolor>WeatherDetails</textcolor>
				<wrapmultiline>true</wrapmultiline>
				<visible>SubString(Window(2600).Property(Daily.2.Outlook),Chance)</visible>
			</control>
			<control type="label">
				<label>$INFO[Window(2600).Property(Day1.HighTemp)]</label>
				<posy>100</posy>
				<align>center</align>
				<font>METF_WeatherHighHome</font>
				<textcolor>WeatherHighTemp</textcolor>
				<visible>!IsEmpty(Window(2600).Property(Day1.HighTemp))</visible>
			</control>
			<control type="label">
				<label>$LOCALIZE[31010]</label>
				<posy>100</posy>
				<align>center</align>
				<font>METF_WeatherHighHome</font>
				<textcolor>WeatherHighTemp</textcolor>
				<visible>IsEmpty(Window(2600).Property(Day1.HighTemp))</visible>
			</control>
			<control type="label">
				<label>$INFO[Window(2600).Property(Day1.LowTemp)]</label>
				<posy>125</posy>>
				<align>center</align>
				<font>METF_WeatherLowHome</font>
				<textcolor>WeatherLowTemp</textcolor>
				<visible>!IsEmpty(Window(2600).Property(Day1.LowTemp))</visible>
			</control>
			<control type="label">
				<label>$LOCALIZE[31010]</label>
				<posy>125</posy>
				<align>center</align>
				<font>METF_WeatherLowHome</font>
				<textcolor>WeatherLowTemp</textcolor>
				<visible>IsEmpty(Window(2600).Property(Day1.LowTemp))</visible>
			</control>
		</control>
		<!-- Two Days From Today -->
		<control type="group">
			<width>WeatherHomeWidth</width>
			<control type="image">
				<posy>0</posy>
				<texture>WeatherDayBG.png</texture>
				<colordiffuse>WeatherBGDiffuse</colordiffuse>
			</control>
			<control type="multiimage">
				<height>40</height>
				<posy>5</posy>
				<include>Weather_Icon_Common</include>
				<imagepath>$VAR[Weather_Icons_Day2]</imagepath>
			</control>
			<control type="label">
				<info>Window(2600).Property(Day2.Title)</info>
				<posy>35</posy>
				<align>center</align>
				<font>METF_WeatherDayName7Day</font>
				<textcolor>WeatherDay</textcolor>
			</control>
			<control type="label">
				<info>Window(2600).Property(Daily.3.Outlook)</info>
				<posy>60</posy>
				<font>METF_WeatherOutlookHome</font>
				<align>center</align>
				<textcolor>WeatherDetails</textcolor>
				<wrapmultiline>true</wrapmultiline>
				<visible>!SubString(Window(2600).Property(Daily.3.Outlook),Chance)</visible>
			</control>
			<control type="label">
				<label>$INFO[Window(2600).Property(Daily.3.Outlook)] $INFO[Window(2600).Property(Daily.3.ChancePrecipitation)]</label>
				<posy>60</posy>
				<font>METF_WeatherOutlookHome</font>
				<align>center</align>
				<textcolor>WeatherDetails</textcolor>
				<wrapmultiline>true</wrapmultiline>
				<visible>SubString(Window(2600).Property(Daily.3.Outlook),Chance)</visible>
			</control>
			<control type="label">
				<label>$INFO[Window(2600).Property(Day2.HighTemp)]</label>
				<posy>100</posy>
				<align>center</align>
				<font>METF_WeatherHighHome</font>
				<textcolor>WeatherHighTemp</textcolor>
				<visible>!IsEmpty(Window(2600).Property(Day2.HighTemp))</visible>
			</control>
			<control type="label">
				<label>$LOCALIZE[31010]</label>
				<posy>100</posy>
				<align>center</align>
				<font>METF_WeatherHighHome</font>
				<textcolor>WeatherHighTemp</textcolor>
				<visible>IsEmpty(Window(2600).Property(Day2.HighTemp))</visible>
			</control>
			<control type="label">
				<label>$INFO[Window(2600).Property(Day2.LowTemp)]</label>
				<posy>125</posy>>
				<align>center</align>
				<font>METF_WeatherLowHome</font>
				<textcolor>WeatherLowTemp</textcolor>
				<visible>!IsEmpty(Window(2600).Property(Day2.LowTemp))</visible>
			</control>
			<control type="label">
				<label>$LOCALIZE[31010]</label>
				<posy>125</posy>
				<align>center</align>
				<font>METF_WeatherLowHome</font>
				<textcolor>WeatherLowTemp</textcolor>
				<visible>IsEmpty(Window(2600).Property(Day2.LowTemp))</visible>
			</control>
		</control>
		<!-- Three Days From Today -->
		<control type="group">
			<width>WeatherHomeWidth</width>
			<control type="image">
				<posy>0</posy>
				<texture>WeatherDayBG.png</texture>
				<colordiffuse>WeatherBGDiffuse</colordiffuse>
			</control>
			<control type="multiimage">
				<height>40</height>
				<posy>5</posy>
				<include>Weather_Icon_Common</include>
				<imagepath>$VAR[Weather_Icons_Day3]</imagepath>
			</control>
			<control type="label">
				<info>Window(2600).Property(Day3.Title)</info>
				<posy>35</posy>
				<align>center</align>
				<font>METF_WeatherDayName7Day</font>
				<textcolor>WeatherDay</textcolor>
			</control>
			<control type="label">
				<info>Window(2600).Property(Daily.4.Outlook)</info>
				<posy>60</posy>
				<font>METF_WeatherOutlookHome</font>
				<align>center</align>
				<textcolor>WeatherDetails</textcolor>
				<wrapmultiline>true</wrapmultiline>
				<visible>!SubString(Window(2600).Property(Daily.4.Outlook),Chance)</visible>
			</control>
			<control type="label">
				<label>$INFO[Window(2600).Property(Daily.4.Outlook)] $INFO[Window(2600).Property(Daily.4.ChancePrecipitation)]</label>
				<posy>60</posy>
				<font>METF_WeatherOutlookHome</font>
				<align>center</align>
				<textcolor>WeatherDetails</textcolor>
				<wrapmultiline>true</wrapmultiline>
				<visible>SubString(Window(2600).Property(Daily.4.Outlook),Chance)</visible>
			</control>
			<control type="label">
				<label>$INFO[Window(2600).Property(Day3.HighTemp)]</label>
				<posy>100</posy>
				<align>center</align>
				<font>METF_WeatherHighHome</font>
				<textcolor>WeatherHighTemp</textcolor>
				<visible>!IsEmpty(Window(2600).Property(Day3.HighTemp))</visible>
			</control>
			<control type="label">
				<label>$LOCALIZE[31010]</label>
				<posy>100</posy>
				<align>center</align>
				<font>METF_WeatherHighHome</font>
				<textcolor>WeatherHighTemp</textcolor>
				<visible>IsEmpty(Window(2600).Property(Day3.HighTemp))</visible>
			</control>
			<control type="label">
				<label>$INFO[Window(2600).Property(Day3.LowTemp)]</label>
				<posy>125</posy>>
				<align>center</align>
				<font>METF_WeatherLowHome</font>
				<textcolor>WeatherLowTemp</textcolor>
				<visible>!IsEmpty(Window(2600).Property(Day3.LowTemp))</visible>
			</control>
			<control type="label">
				<label>$LOCALIZE[31010]</label>
				<posy>125</posy>
				<align>center</align>
				<font>METF_WeatherLowHome</font>
				<textcolor>WeatherLowTemp</textcolor>
				<visible>IsEmpty(Window(2600).Property(Day3.LowTemp))</visible>
			</control>
		</control>
		<!-- Four Days From Today -->
		<control type="group">
			<width>WeatherHomeWidth</width>
			<control type="image">
				<posy>0</posy>
				<texture>WeatherDayBG.png</texture>
				<colordiffuse>WeatherBGDiffuse</colordiffuse>
			</control>
			<control type="multiimage">
				<height>40</height>
				<posy>5</posy>
				<include>Weather_Icon_Common</include>
				<imagepath>$VAR[Weather_Icons_Day4]</imagepath>
			</control>
			<control type="label">
				<info>Window(2600).Property(Day4.Title)</info>
				<posy>35</posy>
				<align>center</align>
				<font>METF_WeatherDayName7Day</font>
				<textcolor>WeatherDay</textcolor>
			</control>
			<control type="label">
				<info>Window(2600).Property(Daily.5.Outlook)</info>
				<posy>60</posy>
				<font>METF_WeatherOutlookHome</font>
				<align>center</align>
				<textcolor>WeatherDetails</textcolor>
				<wrapmultiline>true</wrapmultiline>
				<visible>!SubString(Window(2600).Property(Daily.5.Outlook),Chance)</visible>
			</control>
			<control type="label">
				<label>$INFO[Window(2600).Property(Daily.5.Outlook)] $INFO[Window(2600).Property(Daily.5.ChancePrecipitation)]</label>
				<posy>60</posy>
				<font>METF_WeatherOutlookHome</font>
				<align>center</align>
				<textcolor>WeatherDetails</textcolor>
				<wrapmultiline>true</wrapmultiline>
				<visible>SubString(Window(2600).Property(Daily.5.Outlook),Chance)</visible>
			</control>
			<control type="label">
				<label>$INFO[Window(2600).Property(Day4.HighTemp)]</label>
				<posy>100</posy>
				<align>center</align>
				<font>METF_WeatherHighHome</font>
				<textcolor>WeatherHighTemp</textcolor>
				<visible>!IsEmpty(Window(2600).Property(Day4.HighTemp))</visible>
			</control>
			<control type="label">
				<label>$LOCALIZE[31010]</label>
				<posy>100</posy>
				<align>center</align>
				<font>METF_WeatherHighHome</font>
				<textcolor>WeatherHighTemp</textcolor>
				<visible>IsEmpty(Window(2600).Property(Day4.HighTemp))</visible>
			</control>
			<control type="label">
				<label>$INFO[Window(2600).Property(Day4.LowTemp)]</label>
				<posy>125</posy>>
				<align>center</align>
				<font>METF_WeatherLowHome</font>
				<textcolor>WeatherLowTemp</textcolor>
				<visible>!IsEmpty(Window(2600).Property(Day4.LowTemp))</visible>
			</control>
			<control type="label">
				<label>$LOCALIZE[31010]</label>
				<posy>125</posy>
				<align>center</align>
				<font>METF_WeatherLowHome</font>
				<textcolor>WeatherLowTemp</textcolor>
				<visible>IsEmpty(Window(2600).Property(Day4.LowTemp))</visible>
			</control>
		</control>
	</include>
</includes>
