<?xml version="1.0" encoding="UTF-8"?>
<includes>
	<include name="MediaInfo">
		<control type="group" id="9901">
			<include>Animation_FadedByMenu</include>
			<include>Animation_CommonFade</include>
			<visible>!IsEmpty(ListItem.Title)</visible>
			<visible>Container.Content(movies) | Container.Content(tvshows) | Container.Content(seasons) | Container.Content(episodes) | SubString(Container.FolderPath,plugin)</visible>
			<include>VisibleIfNotMovieSet</include>
			<visible>![[Player.HasAudio | Player.HasVideo] + Skin.HasSetting(MediaOverlay)]</visible>
			<!-- Studio -->
			<control type="group">
				<posx>30</posx>
				<posy>550</posy>
				<width>160</width>
				<height>90</height>
				<control type="image">
					<width>112</width>
					<height>110</height>
					<aspectratio align="center" aligny="center">keep</aspectratio>
					<texture fallback="flags/default-studio.png">$VAR[Studio_Icons]</texture>
					<colordiffuse>MediaFlagDiffuse</colordiffuse>
					<visible>!IsEmpty(ListItem.Studio)</visible>
				</control>
				<control type="image">
					<width>112</width>
					<height>110</height>
					<aspectratio align="center" aligny="center">keep</aspectratio>
					<texture>flags/default-studio.png</texture>
					<colordiffuse>MediaFlagDiffuse</colordiffuse>
					<visible>IsEmpty(ListItem.Studio)</visible>
				</control>
				<control type="image">
					<posx>-14</posx>
					<posy>10</posy>
					<width>140</width>
					<height>90</height>
					<texture>flags/flag_frame.png</texture>
					<colordiffuse>MediaFlagBoxDiffuse</colordiffuse>
				</control>
			</control>
			<control type="grouplist">
				<posx>18</posx>
				<posy>651</posy>
				<width>260</width>
				<height>62</height>
				<align>left</align>
				<itemgap>8</itemgap>
				<orientation>horizontal</orientation>
				<!-- MPAA Flag (or Game Platform when in Advanced Launcher addon) -->
				<control type="group">
					<width>58</width>
					<height>62</height>
					<control type="image">
						<include>MediaFlagsVarsSquare</include>
						<texture>$VAR[MediaFlag_MPAA]</texture>
						<colordiffuse>MediaFlagDiffuse</colordiffuse>
						<visible>!SubString(Container.FolderPath,advanced.launcher)</visible>
					</control>
					<control type="image">
						<include>MediaFlagsVarsSquare</include>
						<texture>special://skin/extras/games/platforms/$INFO[ListItem.Writer,,.png]</texture>
						<colordiffuse>MediaFlagDiffuse</colordiffuse>
						<visible>!IsEmpty(ListItem.Writer) + SubString(Container.FolderPath,advanced.launcher)</visible>
					</control>
					<control type="image">
						<posx>2</posx>
						<width>66</width>
						<height>54</height>
						<texture>flags/flag_framesquare.png</texture>
						<colordiffuse>MediaFlagBoxDiffuse</colordiffuse>
					</control>
				</control>
				<!-- Star Rating (or Game Genre when in Advanced Launcher addon) -->
				<control type="group">
					<width>58</width>
					<height>62</height>
					<control type="image">
						<include>MediaFlagsVarsSquare</include>
						<texture>Star.png</texture>
						<colordiffuse>RatingStarDiffuse</colordiffuse>
						<visible>!SubString(Container.FolderPath,advanced.launcher)</visible>
					</control>
					<control type="label">
						<include>MediaFlagsVarsSquare</include>
						<align>center</align>
						<aligny>center</aligny>
						<label>$VAR[MediaFlag_Rating]</label>
						<textcolor>MediaFlagDiffuse</textcolor>
						<font>METF_StarRating</font>
						<visible>!SubString(Container.FolderPath,advanced.launcher)</visible>
					</control>
					<control type="image">
						<include>MediaFlagsVarsSquare</include>
						<texture>special://skin/extras/games/genres/$INFO[ListItem.Genre,,.png]</texture>
						<colordiffuse>MediaFlagDiffuse</colordiffuse>
						<visible>!IsEmpty(ListItem.Genre) + SubString(Container.FolderPath,advanced.launcher)</visible>
					</control>
					<control type="image">
						<posx>2</posx>
						<width>66</width>
						<height>54</height>
						<texture>flags/flag_framesquare.png</texture>
						<colordiffuse>MediaFlagBoxDiffuse</colordiffuse>
					</control>
				</control>
				<control type="group">
					<visible>Skin.HasSetting(Show_IMDbMediaFlag)</visible>
					<!-- IMDb Top250 Flag -->
					<control type="group">
						<width>58</width>
						<height>62</height>
						<visible>!Skin.HasSetting(Show_VotesMediaFlagAlways) + [!IsEmpty(ListItem.Top250) + !SubString(ListItem.Top250,0,Left)]</visible>
						<control type="image">
							<include>MediaFlagsVarsSquareHalfTop</include>
							<texture>flags/IMDB-Logo.png</texture>
							<colordiffuse>IMDbDiffuseTop250</colordiffuse>
						</control>
						<control type="label">
							<include>MediaFlagsVarsSquareHalfBottom</include>
							<align>center</align>
							<aligny>center</aligny>
							<label>$INFO[ListItem.Top250]</label>
							<textcolor>MediaFlagDiffuse</textcolor>
							<font>METF_DialogSmallBold</font>
						</control>
						<control type="image">
							<posx>2</posx>
							<width>66</width>
							<height>54</height>
							<texture>flags/flag_framesquare.png</texture>
							<colordiffuse>MediaFlagBoxDiffuse</colordiffuse>
						</control>
					</control>
					<!-- IMDb Votes Flag (if not in Top250) -->
					<control type="group">
						<width>88</width>
						<height>62</height>
						<visible>[Skin.HasSetting(Show_VotesMediaFlagAlways) | [IsEmpty(ListItem.Top250) | [!IsEmpty(ListItem.Top250) + SubString(ListItem.Top250,0,Left)]]] + !IsEmpty(ListItem.Votes) + !SubString(ListItem.Votes,0,Left)</visible>
						<control type="image">
							<width>64</width>
							<top>5</top>
							<right>0</right>
							<include>MediaFlagsVarsSquareHalfTop</include>
							<texture>flags/IMDB-Logo.png</texture>
							<colordiffuse>IMDbDiffuseVotes</colordiffuse>
						</control>
						<control type="label">
							<width>88</width>
							<include>MediaFlagsVarsSquareHalfBottom</include>
							<align>center</align>
							<aligny>center</aligny>
							<label>$INFO[ListItem.Votes]</label>
							<textcolor>MediaFlagDiffuse</textcolor>
							<font>METF_DialogVerySmallBold</font>
						</control>
						<control type="image">
							<posx>0</posx>
							<width>106</width>
							<height>54</height>
							<texture>flags/flag_framesquare.png</texture>
							<colordiffuse>MediaFlagBoxDiffuse</colordiffuse>
						</control>
					</control>
				</control>
			</control>
		</control>
	</include>
</includes>
