<?xml version="1.0" encoding="UTF-8"?>
<window>
	<defaultcontrol always="true">6</defaultcontrol>
	<controls>
		<include>Global_Background</include>
		<control type="group">
			<posy>158</posy>
			<include>Animation_OpenCloseFade</include>
			<animation type="Conditional" condition="Window.IsActive(contextmenu)">
				<effect type="zoom" time="600" center="640,360" start="100" end="50" tween="cubic" easing="inout" />
				<effect type="fade" time="400" start="100" end="0" />
			</animation>
			<control type="group">
				<control type="image">
					<posx>0</posx>
					<posy>0</posy>
					<width>380</width>
					<height>38</height>
					<texture>ButtonFO.png</texture>
					<animation effect="fade" start="100" end="70" condition="True">Conditional</animation>
				</control>
				<control type="label">
					<posx>360</posx>
					<posy>0</posy>
					<width>360</width>
					<height>38</height>
					<font>METF_ContextValue</font>
					<textcolor>ButtonText</textcolor>
					<align>right</align>
					<aligny>center</aligny>
					<label>$LOCALIZE[31250]</label>
				</control>
				<control type="group" id="9000">
					<posx>0</posx>
					<posy>76</posy>
					<control type="button" id="6">
						<description>Open Button</description>
						<posx>0</posx>
						<posy>0</posy>
						<include>SettingsLabelLeft</include>
						<label>$LOCALIZE[31278]</label>
						<onleft>noop</onleft>
						<onright>7</onright>
						<onup>8</onup>
						<ondown>7</ondown>
					</control>
					<control type="button" id="7">
						<description>Save Button</description>
						<posx>0</posx>
						<posy>38</posy>
						<include>SettingsLabelLeft</include>
						<label>$LOCALIZE[31279]</label>
						<onleft>noop</onleft>
						<onright>50</onright>
						<onup>6</onup>
						<ondown>8</ondown>
					</control>
					<control type="button" id="8">
						<description>Clear button</description>
						<posx>0</posx>
						<posy>76</posy>
						<include>SettingsLabelLeft</include>
						<label>$LOCALIZE[31280]</label>
						<onleft>noop</onleft>
						<onright>50</onright>
						<onup>7</onup>
						<ondown>6</ondown>
					</control>
				</control>
				<control type="group">
					<visible>!Control.HasFocus(100)</visible>
					<control type="image">
						<posx>30</posx>
						<posy>54</posy>
						<width>160</width>
						<height>160</height>
						<texture>$INFO[Container(50).ListItem.Icon]</texture>
						<bordertexture border="8">frames/thumb_border_square.png</bordertexture>
						<bordersize>8</bordersize>
						<aspectratio aligny="top">scale</aspectratio>
					</control>
					<control type="label">
						<posx>30</posx>
						<posy>228</posy>
						<width>360</width>
						<height>38</height>
						<font>METF_ContextValue</font>
						<textcolor>SettingsDetail</textcolor>
						<align>left</align>
						<aligny>center</aligny>
						<label>[UPPERCASE]$LOCALIZE[556]:[/UPPERCASE]</label>
					</control>
					<control type="label">
						<posx>360</posx>
						<posy>228</posy>
						<width>360</width>
						<height>38</height>
						<font>METF_ContextValue</font>
						<textcolor>SettingsDetail</textcolor>
						<align>right</align>
						<aligny>center</aligny>
						<label>$INFO[Container(50).ListItem.Title]</label>
					</control>
					<control type="label">
						<posx>30</posx>
						<posy>266</posy>
						<width>360</width>
						<height>38</height>
						<font>METF_ContextValue</font>
						<textcolor>SettingsDetail</textcolor>
						<align>left</align>
						<aligny>center</aligny>
						<label>[UPPERCASE]$LOCALIZE[557]:[/UPPERCASE]</label>
					</control>
					<control type="label">
						<posx>360</posx>
						<posy>266</posy>
						<width>360</width>
						<height>38</height>
						<font>METF_ContextValue</font>
						<textcolor>SettingsDetail</textcolor>
						<align>right</align>
						<aligny>center</aligny>
						<label>$INFO[Container(50).ListItem.Artist]</label>
					</control>
					<control type="label">
						<posx>30</posx>
						<posy>304</posy>
						<width>360</width>
						<height>38</height>
						<font>METF_ContextValue</font>
						<textcolor>SettingsDetail</textcolor>
						<align>left</align>
						<aligny>center</aligny>
						<label>[UPPERCASE]$LOCALIZE[558]:[/UPPERCASE]</label>
					</control>
					<control type="label">
						<posx>360</posx>
						<posy>304</posy>
						<width>360</width>
						<height>38</height>
						<font>METF_ContextValue</font>
						<textcolor>SettingsDetail</textcolor>
						<align>right</align>
						<aligny>center</aligny>
						<label>$INFO[Container(50).ListItem.Album]</label>
					</control>
					<control type="label">
						<posx>30</posx>
						<posy>342</posy>
						<width>360</width>
						<height>38</height>
						<font>METF_ContextValue</font>
						<textcolor>SettingsDetail</textcolor>
						<align>left</align>
						<aligny>center</aligny>
						<label>[UPPERCASE]$LOCALIZE[555]:[/UPPERCASE]</label>
					</control>
					<control type="label">
						<posx>360</posx>
						<posy>342</posy>
						<width>360</width>
						<height>38</height>
						<font>METF_ContextValue</font>
						<textcolor>SettingsDetail</textcolor>
						<align>right</align>
						<aligny>center</aligny>
						<label>$INFO[Container(50).ListItem.Duration]</label>
					</control>
					<control type="label">
						<posx>30</posx>
						<posy>380</posy>
						<width>360</width>
						<height>38</height>
						<font>METF_ContextValue</font>
						<textcolor>SettingsDetail</textcolor>
						<align>left</align>
						<aligny>center</aligny>
						<label>[UPPERCASE]$LOCALIZE[554]:[/UPPERCASE]</label>
					</control>
					<control type="label">
						<posx>360</posx>
						<posy>380</posy>
						<width>360</width>
						<height>38</height>
						<font>METF_ContextValue</font>
						<textcolor>SettingsDetail</textcolor>
						<align>right</align>
						<aligny>center</aligny>
						<label>$INFO[Container(50).ListItem.TrackNumber]</label>
					</control>
				</control>
				<control type="group">
					<visible>Control.HasFocus(100)</visible>
					<control type="image">
						<posx>30</posx>
						<posy>54</posy>
						<width>160</width>
						<height>160</height>
						<texture>$INFO[Container(100).ListItem.Icon]</texture>
						<bordertexture border="8">frames/thumb_border_square.png</bordertexture>
						<bordersize>8</bordersize>
						<aspectratio aligny="top">scale</aspectratio>
					</control>
					<control type="label">
						<posx>30</posx>
						<posy>228</posy>
						<width>360</width>
						<height>38</height>
						<font>METF_ContextValue</font>
						<textcolor>SettingsDetail</textcolor>
						<align>left</align>
						<aligny>center</aligny>
						<label>[UPPERCASE]$LOCALIZE[556]:[/UPPERCASE]</label>
					</control>
					<control type="label">
						<posx>360</posx>
						<posy>228</posy>
						<width>360</width>
						<height>38</height>
						<font>METF_ContextValue</font>
						<textcolor>SettingsDetail</textcolor>
						<align>right</align>
						<aligny>center</aligny>
						<label>$INFO[Container(100).ListItem.Title]</label>
					</control>
					<control type="label">
						<posx>30</posx>
						<posy>266</posy>
						<width>360</width>
						<height>38</height>
						<font>METF_ContextValue</font>
						<textcolor>SettingsDetail</textcolor>
						<align>left</align>
						<aligny>center</aligny>
						<label>[UPPERCASE]$LOCALIZE[557]:[/UPPERCASE]</label>
					</control>
					<control type="label">
						<posx>360</posx>
						<posy>266</posy>
						<width>360</width>
						<height>38</height>
						<font>METF_ContextValue</font>
						<textcolor>SettingsDetail</textcolor>
						<align>right</align>
						<aligny>center</aligny>
						<label>$INFO[Container(100).ListItem.Artist]</label>
					</control>
					<control type="label">
						<posx>30</posx>
						<posy>304</posy>
						<width>360</width>
						<height>38</height>
						<font>METF_ContextValue</font>
						<textcolor>SettingsDetail</textcolor>
						<align>left</align>
						<aligny>center</aligny>
						<label>[UPPERCASE]$LOCALIZE[558]:[/UPPERCASE]</label>
					</control>
					<control type="label">
						<posx>360</posx>
						<posy>304</posy>
						<width>360</width>
						<height>38</height>
						<font>METF_ContextValue</font>
						<textcolor>SettingsDetail</textcolor>
						<align>right</align>
						<aligny>center</aligny>
						<label>$INFO[Container(100).ListItem.Album]</label>
					</control>
					<control type="label">
						<posx>30</posx>
						<posy>342</posy>
						<width>360</width>
						<height>38</height>
						<font>METF_ContextValue</font>
						<textcolor>SettingsDetail</textcolor>
						<align>left</align>
						<aligny>center</aligny>
						<label>[UPPERCASE]$LOCALIZE[555]:[/UPPERCASE]</label>
					</control>
					<control type="label">
						<posx>360</posx>
						<posy>342</posy>
						<width>360</width>
						<height>38</height>
						<font>METF_ContextValue</font>
						<textcolor>SettingsDetail</textcolor>
						<align>right</align>
						<aligny>center</aligny>
						<label>$INFO[Container(100).ListItem.Duration]</label>
					</control>
					<control type="label">
						<posx>30</posx>
						<posy>380</posy>
						<width>360</width>
						<height>38</height>
						<font>METF_ContextValue</font>
						<textcolor>SettingsDetail</textcolor>
						<align>left</align>
						<aligny>center</aligny>
						<label>[UPPERCASE]$LOCALIZE[554]:[/UPPERCASE]</label>
					</control>
					<control type="label">
						<posx>360</posx>
						<posy>380</posy>
						<width>360</width>
						<height>38</height>
						<font>METF_ContextValue</font>
						<textcolor>SettingsDetail</textcolor>
						<align>right</align>
						<aligny>center</aligny>
						<label>$INFO[Container(100).ListItem.TrackNumber]</label>
					</control>
				</control>
			</control>
			<control type="group">
				<posx>440</posx>
				<control type="image">
					<posy>0</posy>
					<width>390</width>
					<height>38</height>
					<texture>ButtonFO.png</texture>
					<animation effect="fade" start="100" end="70" condition="True">Conditional</animation>
				</control>
				<control type="label">
					<posx>20</posx>
					<posy>0</posy>
					<width>350</width>
					<height>38</height>
					<font>METF_ContextValue</font>
					<textcolor>ButtonText</textcolor>
					<align>left</align>
					<aligny>center</aligny>
					<label>$LOCALIZE[31249]</label>
				</control>
				<control type="list" id="50">
					<posx>0</posx>
					<posy>54</posy>
					<width>390</width>
					<height>380</height>
					<onleft>9000</onleft>
					<onright>100</onright>
					<onup>50</onup>
					<ondown>50</ondown>
					<viewtype label="">list</viewtype>
					<scrolltime>200</scrolltime>
					<itemlayout height="38" width="390">
						<control type="label">
							<posx>20</posx>
							<posy>0</posy>
							<width>350</width>
							<height>38</height>
							<textcolor>SettingsDetail</textcolor>
							<font>METF_ContextValue</font>
							<aligny>center</aligny>
							<align>left</align>
							<selectedcolor>TextFO</selectedcolor>
							<label>$INFO[ListItem.Label]</label>
						</control>
					</itemlayout>
					<focusedlayout height="38" width="390">
						<control type="image">
							<posx>0</posx>
							<posy>0</posy>
							<width>390</width>
							<height>38</height>
							<align>left</align>
							<aligny>center</aligny>
							<texture>ButtonFO.png</texture>
							<animation effect="fade" start="100" end="50" condition="!Control.HasFocus(50)">Conditional</animation>
						</control>
						<control type="label">
							<posx>20</posx>
							<posy>0</posy>
							<width>350</width>
							<height>38</height>
							<textcolor>ButtonText</textcolor>
							<font>METF_ContextValue</font>
							<align>left</align>
							<aligny>center</aligny>
							<selectedcolor>TextFO</selectedcolor>
							<label>$INFO[ListItem.Label]</label>
							<scroll>true</scroll>
						</control>
					</focusedlayout>
				</control>
			</control>
			<control type="group">
				<posx>890</posx>
				<control type="image">
					<posy>0</posy>
					<width>390</width>
					<height>38</height>
					<texture>ButtonFO.png</texture>
					<animation effect="fade" start="100" end="70" condition="True">Conditional</animation>
				</control>
				<control type="label">
					<posx>20</posx>
					<posy>0</posy>
					<width>350</width>
					<height>38</height>
					<font>METF_ContextValue</font>
					<textcolor>ButtonText</textcolor>
					<align>left</align>
					<aligny>center</aligny>
					<label>$LOCALIZE[31251]</label>
				</control>
				<control type="list" id="100">
					<posx>0</posx>
					<posy>54</posy>
					<width>390</width>
					<height>380</height>
					<onleft>50</onleft>
					<onright>noop</onright>
					<onup>100</onup>
					<ondown>100</ondown>
					<viewtype label="">list</viewtype>
					<scrolltime>200</scrolltime>
					<itemlayout height="38" width="390">
						<control type="label">
							<posx>20</posx>
							<posy>0</posy>
							<width>350</width>
							<height>38</height>
							<textcolor>SettingsDetail</textcolor>
							<font>METF_ContextValue</font>
							<aligny>center</aligny>
							<align>left</align>
							<selectedcolor>TextFO</selectedcolor>
							<label>$INFO[ListItem.Label]</label>
						</control>
					</itemlayout>
					<focusedlayout height="38" width="390">
						<control type="image">
							<posx>0</posx>
							<posy>0</posy>
							<width>390</width>
							<height>38</height>
							<align>left</align>
							<aligny>center</aligny>
							<texture>ButtonFO.png</texture>
							<animation effect="fade" start="100" end="50" condition="!Control.HasFocus(100)">Conditional</animation>
						</control>
						<control type="label">
							<posx>20</posx>
							<posy>0</posy>
							<width>350</width>
							<height>38</height>
							<textcolor>ButtonText</textcolor>
							<font>METF_ContextValue</font>
							<align>left</align>
							<aligny>center</aligny>
							<selectedcolor>TextFO</selectedcolor>
							<label>$INFO[ListItem.Label]</label>
							<scroll>true</scroll>
						</control>
					</focusedlayout>
				</control>
			</control>
		</control>
		<control type="group">
			<posx>30</posx>
			<posy>10</posy>
			<include>Animation_SlideDownFadeOut</include>
			<control type="label">
				<description>Playlist Editor</description>
				<label>$LOCALIZE[10503]</label>
				<include>Global_HeadingSectionVars</include>
			</control>
			<control type="label">
				<label>$INFO[Container(50).NumItems,, $LOCALIZE[31281]] ($INFO[Container(50).CurrentPage]/$INFO[Container(50).NumPages])</label>
				<include>Global_HeadingDetailVars</include>
				<visible>Control.HasFocus(50)</visible>
			</control>
			<control type="label">
				<label>$INFO[Container(100).NumItems,, $LOCALIZE[31281]] ($INFO[Container(100).CurrentPage]/$INFO[Container(100).NumPages])</label>
				<include>Global_HeadingDetailVars</include>
				<visible>Control.HasFocus(100)</visible>
			</control>
		</control>
		<include>Global_Weather</include>
		<include>Global_Time</include>
		<include>Global_MediaOverlay</include>
		<include condition="Skin.HasSetting(DebugGrid)">Object_DebugGrid</include>
	</controls>
</window>
