<?xml version="1.0" encoding="UTF-8"?>
<window>
	<defaultcontrol always="true">10</defaultcontrol>
	<views>10</views>
	<controls>
		<include>Global_Background</include>

		<control type="group" id="50">
			<control type="group">
				<description>TV Guide Timeline</description>
				<visible>Control.IsVisible(10)</visible>
				<control type="image">
					<description>separator image</description>
					<left>80</left>
					<top>101</top>
					<width>1100</width>
					<height>1</height>
					<colordiffuse>88FFFFFF</colordiffuse>
					<texture>VideoInfoLine.png</texture>
				</control>
				<control type="epggrid" id="10">
					<viewtype label="19032">list</viewtype>
					<description>EPG Grid</description>
					<left>80</left>
					<top>71</top>
					<width>1135</width>
					<height>419</height>
					<pagecontrol>10</pagecontrol>
					<scrolltime>100</scrolltime>
					<timeblocks>45</timeblocks>
					<rulerunit>6</rulerunit>
					<progresstexture border="0,48,18,14" colordiffuse="ArrowDiffuse">pvr/PVR-EpgProgressIndicator.png</progresstexture>
					<onleft>101</onleft>
					<onright>101</onright>
					<onup>10</onup>
					<ondown>10</ondown>
					<onback>101</onback>
					<rulerlayout height="35" width="40">
						<control type="label" id="2">
							<left>10</left>
							<top>0</top>
							<width>34</width>
							<height>29</height>
							<font>METF_TitleText</font>
							<aligny>center</aligny>
							<selectedcolor>DialogTextFO</selectedcolor>
							<align>left</align>
							<label>$INFO[ListItem.Label]</label>
						</control>
					</rulerlayout>
					<channellayout height="48" width="280">
						<control type="image">
							<left>0</left>
							<top>0</top>
							<width>270</width>
							<height>48</height>
							<texture border="2">pvr/PVR-GreyNF.png</texture>
						</control>
						<control type="label">
							<left>5</left>
							<top>5</top>
							<width>80</width>
							<height>35</height>
							<font>METF_TitleText</font>
							<align>left</align>
							<aligny>center</aligny>
							<textcolor>HelpText</textcolor>
							<selectedcolor>HelpText</selectedcolor>
							<info>ListItem.ChannelNumber</info>
						</control>
						<control type="image">
							<left>45</left>
							<top>2</top>
							<width>45</width>
							<height>44</height>
							<texture>$INFO[ListItem.Icon]</texture>
							<aspectratio>keep</aspectratio>
						</control>
						<control type="label" id="1">
							<left>94</left>
							<top>0</top>
							<width>160</width>
							<height>48</height>
							<font>METF_MediaDetails</font>
							<aligny>center</aligny>
							<selectedcolor>DialogTextFO</selectedcolor>
							<align>left</align>
							<label>$INFO[ListItem.ChannelName]</label>
						</control>
					</channellayout>
					<focusedchannellayout height="48" width="280">
						<control type="image">
							<left>0</left>
							<top>0</top>
							<width>270</width>
							<height>48</height>
							<texture border="2">pvr/PVR-GreyNF.png</texture>
							<visible>!Control.HasFocus(10)</visible>
						</control>
						<control type="image">
							<left>0</left>
							<top>0</top>
							<width>270</width>
							<height>48</height>
							<texture border="2">pvr/PVR-GreyFO.png</texture>
							<visible>Control.HasFocus(10)</visible>
						</control>
						<control type="label">
							<left>5</left>
							<top>5</top>
							<width>80</width>
							<height>35</height>
							<font>METF_TitleText</font>
							<align>left</align>
							<aligny>center</aligny>
							<textcolor>HelpText</textcolor>
							<selectedcolor>HelpText</selectedcolor>
							<info>ListItem.ChannelNumber</info>
						</control>
						<control type="image">
							<left>45</left>
							<top>2</top>
							<width>45</width>
							<height>44</height>
							<texture>$INFO[ListItem.Icon]</texture>
							<aspectratio>keep</aspectratio>
						</control>
						<control type="label" id="1">
							<left>94</left>
							<top>0</top>
							<width>160</width>
							<height>48</height>
							<font>METF_MediaDetails</font>
							<aligny>center</aligny>
							<selectedcolor>DialogTextFO</selectedcolor>
							<align>left</align>
							<label>$INFO[ListItem.ChannelName]</label>
						</control>
					</focusedchannellayout>
					<itemlayout height="48" width="40">
						<control type="image" id="2">
							<width>40</width>
							<height>48</height>
							<left>0</left>
							<top>0</top>
							<aspectratio>stretch</aspectratio>
							<texture border="3">epg-genres/$INFO[ListItem.Property(GenreType)].png</texture>
						</control>
						<control type="label" id="1">
							<left>10</left>
							<top>3</top>
							<width>20</width>
							<height>25</height>
							<font>METF_TitleText</font>
							<aligny>center</aligny>
							<selectedcolor>DialogTextFO</selectedcolor>
							<align>left</align>
							<info>ListItem.Label</info>
						</control>
						<control type="image">
							<left>6</left>
							<top>28</top>
							<width>24</width>
							<height>16</height>
							<texture>pvr/PVR-IsRecording.png</texture>
							<visible>ListItem.IsRecording</visible>
						</control>
						<control type="image">
							<left>6</left>
							<top>28</top>
							<width>16</width>
							<height>16</height>
							<texture>pvr/PVR-HasTimer.png</texture>
							<visible>ListItem.HasTimer + !ListItem.IsRecording</visible>
						</control>
						<control type="image">
							<left>6</left>
							<top>28</top>
							<width>16</width>
							<height>16</height>
							<texture>pvr/PVR-HasRecording.png</texture>
							<visible>ListItem.HasRecording + !ListItem.IsRecording + !ListItem.HasTimer</visible>
						</control>
					</itemlayout>
					<focusedlayout height="48" width="40">
						<control type="image" id="14">
							<width>40</width>
							<height>48</height>
							<left>0</left>
							<top>0</top>
							<texture border="5">pvr/PVR-Focus.png</texture>
						</control>
						<control type="image" id="2">
							<width>40</width>
							<height>48</height>
							<left>0</left>
							<top>0</top>
							<aspectratio>stretch</aspectratio>
							<texture border="3">epg-genres/solid/$INFO[ListItem.Property(GenreType)].png</texture>
						</control>
						<control type="label" id="1">
							<left>10</left>
							<top>3</top>
							<width>20</width>
							<height>25</height>
							<font>METF_TitleText</font>
							<aligny>center</aligny>
							<selectedcolor>DialogTextFO</selectedcolor>
							<align>left</align>
							<info>ListItem.Label</info>
						</control>
						<control type="image">
							<left>6</left>
							<top>28</top>
							<width>24</width>
							<height>16</height>
							<texture>pvr/PVR-IsRecording.png</texture>
							<visible>ListItem.IsRecording</visible>
						</control>
						<control type="image">
							<left>6</left>
							<top>28</top>
							<width>16</width>
							<height>16</height>
							<texture>pvr/PVR-HasTimer.png</texture>
							<visible>ListItem.HasTimer + !ListItem.IsRecording</visible>
						</control>
						<control type="image">
							<left>6</left>
							<top>28</top>
							<width>16</width>
							<height>16</height>
							<texture>pvr/PVR-HasRecording.png</texture>
							<visible>ListItem.HasRecording + !ListItem.IsRecording + !ListItem.HasTimer</visible>
						</control>
					</focusedlayout>
				</control>
				<control type="group">
					<visible>!IsEmpty(ListItem.Label)</visible>
					<left>80</left>
					<top>508</top>
					<control type="label">
						<left>280</left>
						<top>0</top>
						<width>840</width>
						<height>20</height>
						<label>$INFO[ListItem.Genre]</label>
						<font>METF_TitleTextMedium</font>
						<textcolor>White</textcolor>
					</control>
				</control>
			</control>
		</control>

		<control type="image">
			<left>0</left>
			<top>0</top>
			<width>1280</width>
			<height>720</height>
			<texture>GreyBG.png</texture>
			<animation effect="fade" time="400">Visible</animation>
			<animation effect="fade" time="200">Hidden</animation>
			<visible>Window.IsActive(FileBrowser) | Window.IsActive(PVRGuideInfo) | Window.IsActive(PVRRecordingInfo) | Window.IsActive(PVRGroupManager) | Window.IsActive(PVRGuideSearch)</visible>
		</control>

		<!-- TV Channel Plot (Bottom) -->
		<include>LiveTVPlot</include>

		<!-- Navigation Menu -->
		<control type="group">
			<include>Animation_NavMenu</include>
			<include>NavMenuBackground</include>
			<control type="grouplist" id="7000">
				<include>NavMenuCommon</include>
				<onback>10</onback>
				<onleft>10</onleft>
				<onright>10</onright>
				<include>PVR_NavMenu</include>
				<include>NavMenuListPlaying</include>
			</control>
		</control>

		<include>PVR_Headers</include>
		<include>Global_Weather</include>
		<include>Global_Time</include>
		<include condition="Skin.HasSetting(DebugGrid)">Object_DebugGrid</include>
	</controls>
</window>
