<?xml version="1.0" encoding="UTF-8"?>
<includes>
	<include name="Viewtype_BannerPoster">
		<control type="group">
			<visible>Control.IsVisible(510)</visible>
			<!-- Browser -->
			<control type="panel" id="510">
				<viewtype label="$LOCALIZE[31439]">bigwide</viewtype>
				<posx>416</posx>
				<posy>50</posy>
				<height>450</height>
				<width>840</width>
				<include condition="!Skin.HasSetting(ViewLockdown)">OnLeft7000</include>
				<onup>510</onup>
				<ondown>510</ondown>
				<onright>61</onright>
				<pagecontrol>61</pagecontrol>
				<orientation>vertical</orientation>
				<preloaditems>2</preloaditems>
				<scrolltime>200</scrolltime>
				<include>Animation_OpenCloseFade</include>
				<include>Animation_FadedByMenu</include>
				<include>Animation_HiddenByInfo</include>
				<visible>!Skin.HasSetting(NoViewBannerPoster)</visible>
				<visible>Window.IsActive(videos) + Container.Content(tvshows)</visible>
				<include>BannerViewCommon_Browser</include>
			</control>
			<control type="group">
				<posx>0</posx>
				<posy>-21</posy>
				<include>Animation_OpenCloseFade</include>
				<include>Animation_FadedByMenu</include>
				<include>Animation_HiddenByInfo</include>
				<visible>Window.IsActive(videos) + Container.Content(tvshows)</visible>
				<!-- Poster Image  -->
				<control type="image">
					<posx>37</posx>
					<posy>81</posy>
					<width>300</width>
					<height>440</height>
					<texture background="true">$INFO[ListItem.Icon]</texture>
					<aspectratio scalediffuse="false">keep</aspectratio>
					<fadetime>200</fadetime>
					<visible>IsEmpty(ListItem.Title)</visible>
				</control>
				<control type="image">
					<posx>37</posx>
					<posy>81</posy>
					<width>300</width>
					<height>440</height>
					<texture background="true" fallback="DefaultThumb.png">$VAR[PosterThumb]</texture>
					<aspectratio scalediffuse="false">stretch</aspectratio>
					<fadetime>200</fadetime>
					<visible>!IsEmpty(ListItem.Title)</visible>
				</control>
				<control type="image">
					<posx>20</posx>
					<posy>56</posy>
					<width>335</width>
					<height>490</height>
					<texture>frames/ClassicFrame_PosterMedium.png</texture>
					<fadetime>200</fadetime>
					<visible>!IsEmpty(ListItem.Title)</visible>
				</control>
				<!-- Title -->
				<control type="label">
					<posx>400</posx>
					<posy>529</posy>
					<width>840</width>
					<height>30</height>
					<align>center</align>
					<aligny>center</aligny>
					<font>METF_TitleTextLarge</font>
					<textcolor>TitleText</textcolor>
					<label>$VAR[ListItemTitle]</label>
				</control>
			</control>
			<!-- Details -->
			<control type="grouplist">
				<posx>43</posx>
				<posy>510</posy>
				<width>290</width>
				<height>30</height>
				<align>center</align>
				<itemgap>10</itemgap>
				<orientation>horizontal</orientation>
				<include>Animation_OpenCloseFade</include>
				<include>Animation_FadedByMenu</include>
				<include>Animation_HiddenByInfo</include>
				<include>ViewDetailsYearDurEps</include>
				<visible>Window.IsActive(videos) + Container.Content(tvshows)</visible>
			</control>
			<include>ScrollBar_Vertical</include>
		</control>
	</include>
</includes>
