<?xml version="1.0" encoding="UTF-8"?>
<includes>
	<include name="Viewtype_List">
		<control type="group">
			<visible>Control.IsVisible(55)</visible>
			<!-- Browser -->
			<control type="list" id="55">
				<animation type="Conditional" condition="Window.IsActive(addoninformation)">
					<effect type="zoom" time="600" center="640,360" start="100" end="50" tween="cubic" easing="out" />
					<effect type="fade" time="400" start="100" end="0" />
				</animation>
				<posx>360</posx>
				<posy>140</posy>
				<height>350</height>
				<width>850</width>
				<onup>55</onup>
				<ondown>55</ondown>
				<include condition="!Skin.HasSetting(ViewLockdown)">OnLeft7000</include>
				<onright>998</onright>
				<scrolltime>160</scrolltime>
				<viewtype label="31285">list</viewtype>
				<orientation>vertical</orientation>
				<preloaditems>2</preloaditems>
				<aligny>top</aligny>
				<pagecontrol>998</pagecontrol>
				<include>Animation_OpenCloseFade</include>
				<include>Animation_FadedByMenu</include>
				<include>Animation_HiddenByInfo</include>
				<itemlayout width="0" height="35">
					<!-- List Line Item Divider -->
					<control type="image">
						<posx>35</posx>
						<posy>33</posy>
						<width>815</width>
						<height>2</height>
						<aligny>center</aligny>
						<texture>VideoInfoLine.png</texture>
						<colordiffuse>FilesDividerDiffuse</colordiffuse>
					</control>
					<!-- Items in Video Library -->
					<control type="label">
						<posx>45</posx>
						<posy>-2</posy>
						<width>595</width>
						<height>35</height>
						<aligny>center</aligny>
						<font>METF_TitleText</font>
						<textcolor>TextNF</textcolor>
						<selectedcolor>TextFO</selectedcolor>
						<label>$VAR[ListItemTitle]</label>
						<scroll>false</scroll>
						<visible>Window.IsActive(videos) + ![Container.Content(tvshows) | Container.Content(seasons) | Container.Content(episodes) | Container.Content(movies)]</visible>
					</control>
					<control type="label">
						<posx>45</posx>
						<posy>-2</posy>
						<width>600</width>
						<height>35</height>
						<aligny>center</aligny>
						<font>METF_TitleText</font>
						<textcolor>TextNF</textcolor>
						<selectedcolor>TextFO</selectedcolor>
						<label>$VAR[ListItemTitle]</label>
						<scroll>false</scroll>
						<visible>Window.IsActive(videos) + [Container.Content(movies) | Container.Content(sets) | Container.Content(episodes)]</visible>
					</control>
					<control type="label">
						<posx>45</posx>
						<posy>-2</posy>
						<width>576</width>
						<height>35</height>
						<aligny>center</aligny>
						<font>METF_TitleText</font>
						<textcolor>TextNF</textcolor>
						<selectedcolor>TextFO</selectedcolor>
						<label>$VAR[ListItemTitle]</label>
						<scroll>false</scroll>
						<visible>Window.IsActive(videos) + [Container.Content(tvshows) | Container.Content(seasons)]</visible>
					</control>
					<!-- Watched Overlay for Items in Video Library -->
					<control type="image">
						<posx>4</posx>
						<posy>5</posy>
						<width>24</width>
						<height>24</height>
						<texture>$INFO[ListItem.Overlay]</texture>
						<colordiffuse>WatchedOverlay</colordiffuse>
						<visible>stringcompare(ListItem.Overlay,OverlayWatched.png) + Window.IsActive(videos) + [[[Container.Content(movies) | Container.Content(sets)] + !Skin.HasSetting(HideMovieWatchedOverlays)] | [![Container.Content(movies) | Container.Content(sets)] + !Skin.HasSetting(HideTVWatchedOverlays)]]</visible>
					</control>
					<!-- Watched Overlay for In-Progress Items in Video Library -->
					<control type="image">
						<posx>-2</posx>
						<posy>0</posy>
						<width>35</width>
						<height>35</height>
						<texture>flags/Progress/$INFO[ListItem.PercentPlayed].png</texture>
						<colordiffuse>WatchedOverlay</colordiffuse>
						<visible>!stringcompare(ListItem.Overlay,OverlayWatched.png) + ListItem.IsResumable + Window.IsActive(videos) + [[[Container.Content(movies) | Container.Content(sets)] + !Skin.HasSetting(HideMovieWatchedOverlays)] | [![Container.Content(movies) | Container.Content(sets)] + !Skin.HasSetting(HideTVWatchedOverlays)]]</visible>
					</control>
					<!-- Duration -->
					<control type="label">
						<posx>650</posx>
						<posy>-1</posy>
						<aligny>center</aligny>
						<width>105</width>
						<height>35</height>
						<label>$INFO[ListItem.Duration] min</label>
						<textcolor>WatchedOverlay</textcolor>
						<AAAvisible>Window.IsActive(videos) + ![Container.Content(tvshows) | Container.Content(seasons) | Container.Content(episodes) | Container.Content(movies)] + !IsEmpty(ListItem.Duration)</AAAvisible>
						<visible>Window.IsActive(videos) + !IsEmpty(ListItem.Duration)</visible>
					</control>
					<!-- Items in Music Library -->
					<control type="label">
						<posx>45</posx>
						<posy>-2</posy>
						<width>595</width>
						<height>35</height>
						<aligny>center</aligny>
						<font>METF_TitleText</font>
						<textcolor>TextNF</textcolor>
						<selectedcolor>TextFO</selectedcolor>
						<label>$VAR[ListItemTitle]</label>
						<scroll>false</scroll>
						<visible>Window.IsActive(music)</visible>
					</control>
					<!-- Items NOT in Video or Music Library -->
					<control type="label">
						<posx>45</posx>
						<posy>-2</posy>
						<width>740</width>
						<height>35</height>
						<aligny>center</aligny>
						<font>METF_TitleText</font>
						<textcolor>TextNF</textcolor>
						<selectedcolor>TextFO</selectedcolor>
						<label>$VAR[ListItemTitle]</label>
						<scroll>false</scroll>
						<visible>!Window.IsActive(videos) + !Window.IsActive(music)</visible>
					</control>
					<!-- Watched Overlay for Items NOT in Video Library -->
					<control type="image">
						<posx>4</posx>
						<posy>5</posy>
						<width>24</width>
						<height>24</height>
						<texture>$INFO[ListItem.Overlay]</texture>
						<colordiffuse>WatchedOverlay</colordiffuse>
						<visible>!Window.IsActive(videos) + stringcompare(ListItem.Overlay,OverlayWatched.png)</visible>
					</control>
					<!-- Addon Progress/state -->
					<control type="label">
						<posx>630</posx>
						<posy>-2</posy>
						<width>220</width>
						<height>35</height>
						<align>right</align>
						<aligny>center</aligny>
						<label>$INFO[ListItem.Property(Addon.Status)]</label>
						<font>METF_InfoText</font>
						<textcolor>MediaDetailsEpisodes</textcolor>
						<visible>Window.IsActive(addonbrowser)</visible>
					</control>
					<!-- HD/SD icons -->
					<control type="image">
						<posx>768</posx>
						<posy>4</posy>
						<width>36</width>
						<height>24</height>
						<texture>$INFO[ListItem.VideoResolution,flags/VideoResolutionIcons/,.png]</texture>
						<visible>Window.IsActive(videos) + ![Container.Content(tvshows) | Container.Content(seasons) | Container.Content(episodes) | Container.Content(movies)] + !IsEmpty(ListItem.VideoResolution)</visible>
					</control>
					<!-- Resolution icons -->
					<control type="image">
						<posx>805</posx>
						<posy>2</posy>
						<width>50</width>
						<height>30</height>
						<texture>$INFO[ListItem.VideoResolution,flags/VideoResolution/,.png]</texture>
						<visible>Window.IsActive(videos) + ![Container.Content(tvshows) | Container.Content(seasons) | Container.Content(episodes) | Container.Content(movies)] + !IsEmpty(ListItem.VideoResolution)</visible>
					</control>
					<control type="image">
						<posx>695</posx>
						<posy>5</posy>
						<width>32</width>
						<height>24</height>
						<texture>$INFO[ListItem.VideoResolution,flags/VideoResolutionIcons/,.png]</texture>
						<visible>Window.IsActive(videos) + Container.Content(seasons) + IsEmpty(ListItem.Property(UnWatchedEpisodes)) + !IsEmpty(ListItem.VideoResolution)</visible>
					</control>
					<control type="image">
						<posx>695</posx>
						<posy>5</posy>
						<width>32</width>
						<height>24</height>
						<texture>$INFO[ListItem.VideoResolution,flags/VideoResolutionIcons/,.png]</texture>
						<visible>Window.IsActive(videos) + [Container.Content(movies) | Container.Content(episodes)] + !IsEmpty(ListItem.VideoResolution)</visible>
					</control>
					<!-- Episode Count for TVShows -->
					<control type="label">
						<posx>730</posx>
						<posy>-2</posy>
						<width>120</width>
						<height>35</height>
						<align>right</align>
						<aligny>center</aligny>
						<label>$INFO[ListItem.Property(NumEpisodes)] $LOCALIZE[20360]</label>
						<font>METF_InfoText</font>
						<textcolor>MediaDetailsEpisodes</textcolor>
						<visible>Container.Content(tvshows) + !IsEmpty(ListItem.Property(NumEpisodes))</visible>
					</control>
					<!-- Episode Count for Seasons -->
					<control type="label">
						<posx>730</posx>
						<posy>-2</posy>
						<width>120</width>
						<height>35</height>
						<align>right</align>
						<aligny>center</aligny>
						<label>$INFO[ListItem.Property(NumEpisodes)] $LOCALIZE[20360]</label>
						<font>METF_InfoText</font>
						<textcolor>MediaDetailsEpisodes</textcolor>
						<visible>[Container.Content(seasons) + !IsEmpty(ListItem.Property(NumEpisodes))] + !IsEmpty(ListItem.Property(UnWatchedEpisodes))</visible>
					</control>
					<!-- Star Rating -->
					<control type="group">
						<!-- XXX: temporarily commented out for videos until I figure out exactly how I'd like to implement this
						<visible>!Window.IsActive(videos) | [Window.IsActive(videos) + [Container.Content(movies) | Container.Content(tvshows) | Container.Content(episodes)]]</visible>
						<include>VisibleIfNotMovieSet</include>
						-->
						<visible>!Window.IsActive(videos) + !SubString(Container.FolderPath,plugin)</visible>
						<control type="label">
							<posx>775</posx>
							<posy>-2</posy>
							<width>45</width>
							<height>35</height>
							<align>right</align>
							<aligny>center</aligny>
							<label>$INFO[ListItem.Rating]</label>
							<font>METF_InfoText</font>
							<textcolor>TextNF</textcolor>
							<visible>!IsEmpty(ListItem.Rating)</visible>
						</control>
						<control type="image">
							<posx>772</posx>
							<posy>6</posy>
							<width>20</width>
							<height>20</height>
							<texture>Star.png</texture>
							<colordiffuse>FFFFFFFF</colordiffuse>
							<visible>!IsEmpty(ListItem.Rating)</visible>
						</control>
					</control>
				</itemlayout>
				<focusedlayout width="0" height="35">
					<!-- List Line Item Divider -->
					<control type="image">
						<posx>35</posx>
						<posy>33</posy>
						<width>815</width>
						<height>2</height>
						<aligny>center</aligny>
						<texture>VideoInfoLine.png</texture>
						<colordiffuse>FilesDividerDiffuse</colordiffuse>
					</control>
					<!-- Focus Bar -->
					<control type="image">
						<posx>35</posx>
						<posy>0</posy>
						<width>815</width>
						<height>33</height>
						<aligny>center</aligny>
						<texture>FocusLine.png</texture>
						<colordiffuse>FocusBar</colordiffuse>
					</control>
					<!-- Items in Video Library -->
					<control type="label">
						<posx>45</posx>
						<posy>-2</posy>
						<width>595</width>
						<height>35</height>
						<aligny>center</aligny>
						<scrollout>false</scrollout>
						<pauseatend>1800</pauseatend>
						<scrollspeed>40</scrollspeed>
						<scroll>true</scroll>
						<font>METF_TitleText</font>
						<textcolor>FocusBarText</textcolor>
						<selectedcolor>FocusBarText</selectedcolor>
						<label>$VAR[ListItemTitle]</label>
						<visible>Window.IsActive(videos) + ![Container.Content(tvshows) | Container.Content(seasons) | Container.Content(episodes) | Container.Content(movies) | Container.Content(sets)]</visible>
					</control>
					<control type="label">
						<posx>45</posx>
						<posy>-2</posy>
						<width>600</width>
						<height>35</height>
						<aligny>center</aligny>
						<scrollout>false</scrollout>
						<pauseatend>1800</pauseatend>
						<scrollspeed>40</scrollspeed>
						<scroll>true</scroll>
						<font>METF_TitleText</font>
						<textcolor>FocusBarText</textcolor>
						<selectedcolor>FocusBarText</selectedcolor>
						<label>$VAR[ListItemTitle]</label>
						<visible>Window.IsActive(videos) + [Container.Content(movies) | Container.Content(sets) | Container.Content(episodes)]</visible>
					</control>
					<control type="label">
						<posx>45</posx>
						<posy>-2</posy>
						<width>576</width>
						<height>35</height>
						<aligny>center</aligny>
						<scrollout>false</scrollout>
						<pauseatend>1800</pauseatend>
						<scrollspeed>40</scrollspeed>
						<scroll>true</scroll>
						<font>METF_TitleText</font>
						<textcolor>FocusBarText</textcolor>
						<selectedcolor>FocusBarText</selectedcolor>
						<label>$VAR[ListItemTitle]</label>
						<visible>Window.IsActive(videos) + [Container.Content(tvshows) | Container.Content(seasons)]</visible>
					</control>
					<!-- Watched Overlay -->
					<control type="image">
						<posx>4</posx>
						<posy>5</posy>
						<width>24</width>
						<height>24</height>
						<texture>$INFO[ListItem.Overlay]</texture>
						<colordiffuse>WatchedOverlay</colordiffuse>
						<visible>!ListItem.IsResumable + Window.IsActive(videos) + [[[Container.Content(movies) | Container.Content(sets)] + !Skin.HasSetting(HideMovieWatchedOverlays)] | [![Container.Content(movies) | Container.Content(sets)] + !Skin.HasSetting(HideTVWatchedOverlays)]]</visible>
					</control>
					<!-- Watched Overlay for In-Progress Items in Video Library -->
					<control type="image">
						<posx>-2</posx>
						<posy>0</posy>
						<width>35</width>
						<height>35</height>
						<texture>flags/Progress/$INFO[ListItem.PercentPlayed].png</texture>
						<colordiffuse>WatchedOverlay</colordiffuse>
						<visible>ListItem.IsResumable + Window.IsActive(videos) + [[[Container.Content(movies) | Container.Content(sets)] + !Skin.HasSetting(HideMovieWatchedOverlays)] | [![Container.Content(movies) | Container.Content(sets)] + !Skin.HasSetting(HideTVWatchedOverlays)]]</visible>
					</control>
					<!-- Duration -->
					<control type="label">
						<posx>650</posx>
						<posy>-1</posy>
						<aligny>center</aligny>
						<width>105</width>
						<height>35</height>
						<label>$INFO[ListItem.Duration] min</label>
						<textcolor>WatchedOverlay</textcolor>
						<AAAvisible>Window.IsActive(videos) + ![Container.Content(tvshows) | Container.Content(seasons) | Container.Content(movies) | Container.Content(episodes)] + !IsEmpty(ListItem.Duration)</AAAvisible>
						<visible>Window.IsActive(videos) + !IsEmpty(ListItem.Duration)</visible>
					</control>
					<!-- Items in Music Library -->
					<control type="label">
						<posx>45</posx>
						<posy>-2</posy>
						<width>595</width>
						<height>35</height>
						<scrollout>false</scrollout>
						<pauseatend>1800</pauseatend>
						<scrollspeed>40</scrollspeed>
						<scroll>true</scroll>
						<aligny>center</aligny>
						<font>METF_TitleText</font>
						<label>$VAR[ListItemTitle]</label>
						<textcolor>FocusBarText</textcolor>
						<selectedcolor>FocusBarText</selectedcolor>
						<visible>Window.IsActive(music)</visible>
					</control>
					<!-- Items NOT in Video or Music Library -->
					<control type="label">
						<posx>45</posx>
						<posy>-2</posy>
						<width>740</width>
						<height>35</height>
						<aligny>center</aligny>
						<scrollout>false</scrollout>
						<pauseatend>1800</pauseatend>
						<scrollspeed>40</scrollspeed>
						<scroll>true</scroll>
						<font>METF_TitleText</font>
						<textcolor>FocusBarText</textcolor>
						<selectedcolor>FocusBarText</selectedcolor>
						<label>$VAR[ListItemTitle]</label>
						<visible>!Window.IsActive(videos) + !Window.IsActive(music)</visible>
					</control>
					<!-- Watched Overlay for Items NOT in Video Library -->
					<control type="image">
						<posx>4</posx>
						<posy>5</posy>
						<width>24</width>
						<height>24</height>
						<texture>$INFO[ListItem.Overlay]</texture>
						<colordiffuse>WatchedOverlay</colordiffuse>
						<visible>!Window.IsActive(videos) + stringcompare(ListItem.Overlay,OverlayWatched.png)</visible>
					</control>
					<!-- Addon Progress/state -->
					<control type="label">
						<posx>630</posx>
						<posy>-2</posy>
						<width>220</width>
						<height>35</height>
						<align>right</align>
						<aligny>center</aligny>
						<label>$INFO[ListItem.Property(Addon.Status)]</label>
						<font>METF_InfoText</font>
						<textcolor>MediaDetailsEpisodes</textcolor>
						<visible>Window.IsActive(addonbrowser)</visible>
					</control>
					<!-- HD/SD icons -->
					<control type="image">
						<posx>768</posx>
						<posy>4</posy>
						<width>36</width>
						<height>24</height>
						<texture>$INFO[ListItem.VideoResolution,flags/VideoResolutionIcons/,.png]</texture>
						<visible>Window.IsActive(videos) + ![Container.Content(tvshows) | Container.Content(seasons) | Container.Content(episodes) | Container.Content(movies)] + !IsEmpty(ListItem.VideoResolution)</visible>
					</control>
					<!-- Resolution icons -->
					<control type="image">
						<posx>805</posx>
						<posy>2</posy>
						<width>50</width>
						<height>30</height>
						<texture>$INFO[ListItem.VideoResolution,flags/VideoResolution/,.png]</texture>
						<visible>Window.IsActive(videos) + ![Container.Content(tvshows) | Container.Content(seasons) | Container.Content(episodes) | Container.Content(movies)] + !IsEmpty(ListItem.VideoResolution)</visible>
					</control>
					<control type="image">
						<posx>695</posx>
						<posy>5</posy>
						<width>32</width>
						<height>24</height>
						<texture>$INFO[ListItem.VideoResolution,flags/VideoResolutionIcons/,.png]</texture>
						<visible>Window.IsActive(videos) + Container.Content(seasons) + IsEmpty(ListItem.Property(UnWatchedEpisodes)) + !IsEmpty(ListItem.VideoResolution)</visible>
					</control>
					<control type="image">
						<posx>695</posx>
						<posy>5</posy>
						<width>32</width>
						<height>24</height>
						<texture>$INFO[ListItem.VideoResolution,flags/VideoResolutionIcons/,.png]</texture>
						<visible>Window.IsActive(videos) + [Container.Content(movies) | Container.Content(episodes)] + !IsEmpty(ListItem.VideoResolution)</visible>
					</control>
					<!-- Episode Count for TVShows -->
					<control type="label">
						<posx>730</posx>
						<posy>-2</posy>
						<width>120</width>
						<height>35</height>
						<align>right</align>
						<aligny>center</aligny>
						<label>$INFO[ListItem.Property(NumEpisodes)] $LOCALIZE[20360]</label>
						<font>METF_InfoText</font>
						<textcolor>MediaDetailsEpisodes</textcolor>
						<visible>Container.Content(tvshows) + !IsEmpty(ListItem.Property(NumEpisodes))</visible>
					</control>
					<!-- Episode Count for Seasons -->
					<control type="label">
						<posx>730</posx>
						<posy>-2</posy>
						<width>120</width>
						<height>35</height>
						<align>right</align>
						<aligny>center</aligny>
						<label>$INFO[ListItem.Property(NumEpisodes)] $LOCALIZE[20360]</label>
						<font>METF_InfoText</font>
						<textcolor>MediaDetailsEpisodes</textcolor>
						<visible>[Container.Content(seasons) + !IsEmpty(ListItem.Property(NumEpisodes))] + !IsEmpty(ListItem.Property(UnWatchedEpisodes))</visible>
					</control>
					<!-- Star Rating -->
					<control type="group">
						<!-- XXX: temporarily commented out for videos until I figure out exactly how I'd like to implement this
						<visible>!Window.IsActive(videos) | [Window.IsActive(videos) + [Container.Content(movies) | Container.Content(tvshows) | Container.Content(episodes)]]</visible>
						<include>VisibleIfNotMovieSet</include>
						-->
						<visible>!Window.IsActive(videos) + !SubString(Container.FolderPath,plugin)</visible>
						<control type="label">
							<posx>775</posx>
							<posy>-2</posy>
							<width>45</width>
							<height>35</height>
							<align>right</align>
							<aligny>center</aligny>
							<label>$INFO[ListItem.Rating]</label>
							<font>METF_InfoText</font>
							<textcolor>TextNF</textcolor>
							<visible>!IsEmpty(ListItem.Rating)</visible>
						</control>
						<control type="image">
							<posx>772</posx>
							<posy>6</posy>
							<width>20</width>
							<height>20</height>
							<texture>Star.png</texture>
							<colordiffuse>$VAR[RatingColor]</colordiffuse>
							<visible>!IsEmpty(ListItem.Rating)</visible>
						</control>
					</control>
				</focusedlayout>
			</control>
			<!-- Thumbnails -->
			<control type="group">
				<animation type="Conditional" condition="Window.IsActive(addoninformation)">
					<effect type="zoom" time="600" center="640,360" start="100" end="50" tween="cubic" easing="out" />
					<effect type="fade" time="400" start="100" end="0" />
				</animation>
				<include>Animation_OpenCloseFade</include>
				<include>Animation_FadedByMenu</include>
				<include>Animation_HiddenByInfo</include>
				<!-- Movie, TVShow and Season Posters -->
				<control type="group">
					<visible>Window.IsActive(videos) + [Container.Content(movies) | Container.Content(sets) | Container.Content(tvshows) | Container.Content(seasons)]</visible>
					<posx>20</posx>
					<posy>65</posy>
					<control type="image">
						<posx>17</posx>
						<posy>15</posy>
						<width>300</width>
						<height>440</height>
						<texture>frames/ClassicFrame_Background.png</texture>
						<colordiffuse>FrameBackgroundDiffuse</colordiffuse>
						<visible>!IsEmpty(ListItem.Title)</visible>
					</control>
					<control type="image">
						<posx>17</posx>
						<posy>15</posy>
						<width>300</width>
						<height>440</height>
						<fadetime>100</fadetime>
						<texture background="true" diffuse="frames/postermatte.png">$INFO[ListItem.Icon]</texture>
						<aspectratio scalediffuse="false">keep</aspectratio>
						<visible>IsEmpty(ListItem.Title)</visible>
					</control>
					<control type="image">
						<posx>17</posx>
						<posy>15</posy>
						<width>300</width>
						<height>440</height>
						<fadetime>100</fadetime>
						<texture background="true" fallback="DefaultThumb.png">$VAR[PosterThumb]</texture>
						<aspectratio scalediffuse="false">stretch</aspectratio>
						<visible>!IsEmpty(ListItem.Title)</visible>
					</control>
					<control type="image">
						<posx>0</posx>
						<posy>-10</posy>
						<width>335</width>
						<height>490</height>
						<texture>frames/ClassicFrame_PosterMedium.png</texture>
						<visible>!IsEmpty(ListItem.Title)</visible>
					</control>
				</control>
				<!-- Episode Posters -->
				<control type="group">
					<visible>Window.IsActive(videos) + Container.Content(episodes)</visible>
					<posx>25</posx>
					<posy>45</posy>
					<control type="image">
						<posx>22</posx>
						<posy>112</posy>
						<width>293</width>
						<height>265</height>
						<texture>frames/ClassicFrame_Background.png</texture>
						<colordiffuse>FrameBackgroundDiffuse</colordiffuse>
						<visible>IsEmpty(ListItem.Title) | StringCompare(ListItem.Icon,-) | SubString(ListItem.Icon,default,Left)</visible>
					</control>
					<control type="image">
						<posx>22</posx>
						<posy>112</posy>
						<width>293</width>
						<height>265</height>
						<fadetime>100</fadetime>
						<texture background="true" diffuse="frames/episode_matte.png">$INFO[ListItem.Icon]</texture>
						<aspectratio scalediffuse="false">keep</aspectratio>
						<visible>IsEmpty(ListItem.Title) | StringCompare(ListItem.Icon,-) | SubString(ListItem.Icon,default,Left)</visible>
					</control>
					<control type="image">
						<posx>22</posx>
						<posy>162</posy>
						<width>293</width>
						<height>165</height>
						<fadetime>100</fadetime>
						<texture background="true">$INFO[ListItem.Icon]</texture>
						<aspectratio scalediffuse="false">scale</aspectratio>
						<visible>!IsEmpty(ListItem.Title) + !StringCompare(ListItem.Icon,-) + !SubString(ListItem.Icon,default,Left)</visible>
					</control>
					<control type="image">
						<posx>22</posx>
						<posy>162</posy>
						<width>293</width>
						<height>165</height>
						<texture>frames/ClassicFrameGlass_Horizontal.png</texture>
						<aspectratio scalediffuse="false">stretch</aspectratio>
						<colordiffuse>GlassDiffuse</colordiffuse>
						<fadetime>100</fadetime>
						<visible>!IsEmpty(ListItem.Title) + !StringCompare(ListItem.Icon,-) + !SubString(ListItem.Icon,default,Left)</visible>
					</control>
					<control type="image">
						<posx>5</posx>
						<posy>144</posy>
						<width>328</width>
						<height>203</height>
						<texture>frames/ClassicFrame_FanartSmall.png</texture>
						<fadetime>100</fadetime>
						<visible>!IsEmpty(ListItem.Title) + !StringCompare(ListItem.Icon,-) + !SubString(ListItem.Icon,default,Left)</visible>
					</control>
				</control>
				<!-- Artist/Album Cover, Addons, and Pictures -->
				<control type="image">
					<posx>32</posx>
					<posy>132</posy>
					<width>300</width>
					<height>300</height>
					<texture>frames/ClassicFrame_Background.png</texture>
					<colordiffuse>FrameBackgroundDiffuse</colordiffuse>
					<visible>[Container.Content(artists) | Container.Content(albums) | Container.Content(songs) | Container.Content(addons) | [Window.IsActive(pictures) + !SubString(Container.FolderPath,plugin)]] + [!SubString(ListItem.Icon,default,Left) | SubString(ListItem.Icon,defaultalbumcover,Left)] + !IsEmpty(ListItem.Icon)</visible>
				</control>
				<control type="image">
					<posx>32</posx>
					<posy>132</posy>
					<width>300</width>
					<height>300</height>
					<fadetime>100</fadetime>
					<aspectratio align="right" aligny="center">stretch</aspectratio>
					<texture>$INFO[ListItem.Icon]</texture>
					<visible>Container.Content(artists) | Container.Content(albums) | Container.Content(songs) | Container.Content(addons)</visible>
				</control>
				<control type="image">
					<posx>32</posx>
					<posy>132</posy>
					<width>300</width>
					<height>300</height>
					<fadetime>100</fadetime>
					<aspectratio align="right" aligny="center">keep</aspectratio>
					<texture>$INFO[ListItem.Icon]</texture>
					<visible>Window.IsActive(pictures) + !SubString(Container.FolderPath,plugin)</visible>
				</control>
				<control type="image">
					<posx>12</posx>
					<posy>111</posy>
					<width>339</width>
					<height>342</height>
					<texture>frames/ClassicFrame_SquareMedium.png</texture>
					<visible>[Container.Content(artists) | Container.Content(albums) | Container.Content(songs) | Container.Content(addons) | [Window.IsActive(pictures) + !SubString(Container.FolderPath,plugin)]] + [!SubString(ListItem.Icon,default,Left) | SubString(ListItem.Icon,defaultalbumcover,Left)] + !IsEmpty(ListItem.Icon)</visible>
				</control>
				<!-- Images for other items -->
				<control type="image">
					<posx>37</posx>
					<posy>45</posy>
					<width>300</width>
					<height>440</height>
					<fadetime>100</fadetime>
					<aspectratio align="right" aligny="center">keep</aspectratio>
					<texture>$INFO[ListItem.Icon]</texture>
					<visible>[!Window.IsActive(videos) | [Window.IsActive(videos) + !Container.Content(movies) + !Container.Content(sets) + !Container.Content(tvshows) + !Container.Content(seasons) + !Container.Content(episodes) + !Container.Content(genres)]] + ![Container.Content(artists) | Container.Content(albums) | Container.Content(songs) | Container.Content(addons) | [Window.IsActive(pictures) + !SubString(Container.FolderPath,plugin)]]</visible>
				</control>
				<control type="image">
					<posx>37</posx>
					<posy>45</posy>
					<width>300</width>
					<height>440</height>
					<fadetime>100</fadetime>
					<aspectratio align="right" aligny="center">keep</aspectratio>
					<AAAtexture fallback="DefaultMovieGenre.jpg">moviegenres/$INFO[ListItem.Label].jpg</AAAtexture>
					<texture fallback="DefaultMovieGenre.jpg">resource://resource.images.moviegenreicons.metropolisEMAD/$INFO[ListItem.Label].jpg</texture>
					<visible>Window.IsActive(videos) + !SubString(Container.FolderPath,videodb://musicvideos/) + Container.Content(genres)</visible>
				</control>
				<control type="image">
					<posx>37</posx>
					<posy>45</posy>
					<width>300</width>
					<height>440</height>
					<fadetime>100</fadetime>
					<aspectratio align="right" aligny="center">keep</aspectratio>
					<AAAtexture fallback="DefaultMusicGenre.jpg">musicgenres/$INFO[ListItem.Label].jpg</AAAtexture>
					<texture fallback="DefaultMusicGenre.jpg">resource://resource.images.musicgenreicons.metropolisEMAD/$INFO[ListItem.Label].jpg</texture>
					<visible>[Window.IsActive(music) | [Window.IsActive(videos) + SubString(Container.FolderPath,videodb://musicvideos/)]] + Container.Content(genres)</visible>
				</control>
			</control>
			<!-- Info Details -->
			<control type="group">
				<include>Animation_OpenCloseFade</include>
				<include>Animation_FadedByMenu</include>
				<include>Animation_HiddenByInfo</include>
				<posy>95</posy>
				<AAAvisible>Container.Content(movies) | Container.Content(tvshows) | Container.Content(seasons) | Container.Content(episodes) | Container.Content(musicvideos) | Container.Content(artists) | Container.Content(albums) | Container.Content(songs) | [!IsEmpty(ListItem.AddonCreator) + Container.Content(addons)]</AAAvisible>
				<AAAinclude>VisibleIfNotMovieSet</AAAinclude>
				<control type="image">
					<posx>360</posx>
					<posy>33</posy>
					<width>890</width>
					<height>3</height>
					<texture>VideoInfoLine.png</texture>
					<colordiffuse>LowListDivider</colordiffuse>
				</control>
				<!-- Episode Aired Date -->
				<control type="label">
					<posx>1245</posx>
					<width>550</width>
					<height>27</height>
					<align>right</align>
					<label>$LOCALIZE[20416] $INFO[ListItem.Premiered]</label>
					<font>METF_MediaDetails</font>
					<textcolor>MediaDetailsInfo</textcolor>
					<visible>!IsEmpty(ListItem.Premiered) + Container.Content(episodes)</visible>
				</control>
				<!-- Addon Author -->
				<control type="label">
					<posx>1245</posx>
					<width>550</width>
					<height>27</height>
					<align>right</align>
					<label fallback="416">[COLOR=MediaDetailsGenre]$LOCALIZE[31423]:[/COLOR] $INFO[ListItem.AddonCreator]</label>
					<font>METF_MediaDetails</font>
					<textcolor>MediaDetailsInfo</textcolor>
					<visible>!IsEmpty(ListItem.AddonCreator) + Container.Content(addons)</visible>
				</control>
				<!-- Genre -->
				<control type="label">
					<posx>1245</posx>
					<width>590</width>
					<height>27</height>
					<align>right</align>
					<label>$INFO[ListItem.Genre]</label>
					<font>METF_MediaDetails</font>
					<textcolor>MediaDetailsGenre</textcolor>
					<visible>!IsEmpty(ListItem.Genre) + [Container.Content(artists) | Container.Content(albums) | Container.Content(songs) | Container.Content(movies) | Container.Content(tvshows) | Container.Content(seasons) | Container.Content(musicvideos)]</visible>
				</control>
				<control type="label">
					<posx>1245</posx>
					<width>590</width>
					<height>27</height>
					<align>right</align>
					<label>$INFO[ListItem.Property(Artist_Genre)]</label>
					<font>METF_MediaDetails</font>
					<textcolor>MediaDetailsGenre</textcolor>
					<visible>IsEmpty(ListItem.Genre) + !IsEmpty(ListItem.Property(Artist_Genre))</visible>
				</control>
				<!-- Year/Duration/Number of Episodes -->
				<control type="grouplist">
					<posx>365</posx>
					<width>300</width>
					<align>left</align>
					<itemgap>10</itemgap>
					<orientation>horizontal</orientation>
					<include>Animation_OpenCloseFade</include>
					<include>Animation_FadedByMenu</include>
					<include>Animation_HiddenByInfo</include>
					<include>ViewDetailsOneLineJustified</include>
				</control>
			</control>
			<!-- Scroll Bar -->
			<control type="scrollbar" id="998">
				<include>Animation_OpenCloseFade</include>
				<include>Animation_FadedByMenu</include>
				<posx>1270</posx>
				<posy>128</posy>
				<width>22</width>
				<height>376</height>
				<visible allowhiddenfocus="true">Control.HasFocus(998) | Container.Scrolling</visible>
				<texturesliderbackground></texturesliderbackground>
				<textureslidernib>ScrollbarVnibFO.png</textureslidernib>
				<textureslidernibfocus>ScrollbarVnibFO.png</textureslidernibfocus>
				<onleft>55</onleft>
				<onright>noop</onright>
				<showonepage>true</showonepage>
				<orientation>vertical</orientation>
				<animation effect="fade" start="0" end="100" time="400" condition="Control.HasFocus(998) | Container.Scrolling">Conditional</animation>
			</control>
		</control>
	</include>
</includes>
