<?xml version="1.0" encoding="UTF-8"?>
<window>
	<animation type="WindowOpen" reversible="false">
		<effect type="zoom" start="80" end="100" center="auto" delay="1800" easing="out" tween="back" time="300" />
		<effect type="fade" delay="1800" start="0" end="100" time="300" />
	</animation>
	<animation type="WindowClose" reversible="false">
		<effect type="zoom" start="100" end="80" center="auto" easing="in" tween="back" time="300" />
		<effect type="fade" start="100" end="0" time="300" />
	</animation>
	<controls>
		<control type="group">
			<posx>484</posx>
			<posy>470</posy>
			<control type="image">
				<posx>0</posx>
				<posy>0</posy>
				<width>350</width>
				<height>140</height>
				<texture>frames/Dialog_Glass2Medium.png</texture>
				<colordiffuse>DialogBackgroundColor</colordiffuse>
			</control>
			<control type="image">
				<posx>28</posx>
				<posy>40</posy>
				<width>60</width>
				<height>60</height>
				<texture>dialogs/Dialog_BusyIcon.png</texture>
				<colordiffuse></colordiffuse>
				<animation effect="rotate" start="360" end="0" center="auto" time="2500" loop="true" condition="true">conditional</animation>
			</control>
			<control type="label">
				<description>Heading Label</description>
				<posx>100</posx>
				<posy>25</posy>
				<width>250</width>
				<height>40</height>
				<font>METF_DialogLargeBold</font>
				<textcolor>TextNF</textcolor>
				<label>503</label>
			</control>
			<control type="label">
				<posx>100</posx>
				<posy>60</posy>
				<width>250</width>
				<height>40</height>
				<font>METF_DialogLargeBold</font>
				<textcolor>DialogTextFO</textcolor>
				<label>20186</label>
				<visible>!Control.IsVisible(10)</visible>
			</control>
			<control type="progress" id="10">
				<description>Progress Bar</description>
				<posx>96</posx>
				<posy>66</posy>
				<width>196</width>
				<height>17</height>
				<reveal>true</reveal>
				<texturebg>osd/osd_progress_back2.png</texturebg>
				<lefttexture>osd/osd_progress_left2.png</lefttexture>
				<midtexture>osd/osd_progress_mid2.png</midtexture>
				<righttexture>osd/osd_progress_right2.png</righttexture>
				<colordiffuse>DialogProgressBar</colordiffuse>
			</control>
		</control>
	</controls>
</window>
